phi_orientation_order,entropy_simplified,entropy_weighted,median_street_segment_length,avg_circuity,avg_node_degree,p_dead_ends,p_four_way,phi_shape_factor0,phi_shape_factor1,phi_shape_factor2,phi_shape_factor3,phi_shape_factor4,phi_shape_factor5,phi_shape_factor6,phi_shape_factor7,phi_shape_factor8,phi_shape_factor9,phi_shape_factor10,phi_shape_factor11,phi_shape_factor12,phi_shape_factor13,phi_shape_factor14,phi_shape_factor15,phi_shape_factor16,phi_shape_factor17,phi_shape_factor18,phi_shape_factor19,phi_shape_factor20,phi_shape_factor21,phi_shape_factor22,phi_shape_factor23,phi_shape_factor24,phi_shape_factor25,phi_shape_factor26,phi_shape_factor27,phi_shape_factor28,phi_shape_factor29,phi_log_area_2_3_0,phi_log_area_2_3_1,phi_log_area_2_3_2,phi_log_area_2_3_3,phi_log_area_2_3_4,phi_log_area_2_3_5,phi_log_area_2_3_6,phi_log_area_2_3_7,phi_log_area_2_3_8,phi_log_area_2_3_9,phi_log_area_2_3_10,phi_log_area_2_3_11,phi_log_area_2_3_12,phi_log_area_2_3_13,phi_log_area_2_3_14,phi_log_area_2_3_15,phi_log_area_2_3_16,phi_log_area_2_3_17,phi_log_area_2_3_18,phi_log_area_2_3_19,phi_log_area_2_3_20,phi_log_area_2_3_21,phi_log_area_2_3_22,phi_log_area_2_3_23,phi_log_area_2_3_24,phi_log_area_2_3_25,phi_log_area_2_3_26,phi_log_area_2_3_27,phi_log_area_2_3_28,phi_log_area_2_3_29,phi_log_area_3_4_0,phi_log_area_3_4_1,phi_log_area_3_4_2,phi_log_area_3_4_3,phi_log_area_3_4_4,phi_log_area_3_4_5,phi_log_area_3_4_6,phi_log_area_3_4_7,phi_log_area_3_4_8,phi_log_area_3_4_9,phi_log_area_3_4_10,phi_log_area_3_4_11,phi_log_area_3_4_12,phi_log_area_3_4_13,phi_log_area_3_4_14,phi_log_area_3_4_15,phi_log_area_3_4_16,phi_log_area_3_4_17,phi_log_area_3_4_18,phi_log_area_3_4_19,phi_log_area_3_4_20,phi_log_area_3_4_21,phi_log_area_3_4_22,phi_log_area_3_4_23,phi_log_area_3_4_24,phi_log_area_3_4_25,phi_log_area_3_4_26,phi_log_area_3_4_27,phi_log_area_3_4_28,phi_log_area_3_4_29,phi_log_area_4_5_0,phi_log_area_4_5_1,phi_log_area_4_5_2,phi_log_area_4_5_3,phi_log_area_4_5_4,phi_log_area_4_5_5,phi_log_area_4_5_6,phi_log_area_4_5_7,phi_log_area_4_5_8,phi_log_area_4_5_9,phi_log_area_4_5_10,phi_log_area_4_5_11,phi_log_area_4_5_12,phi_log_area_4_5_13,phi_log_area_4_5_14,phi_log_area_4_5_15,phi_log_area_4_5_16,phi_log_area_4_5_17,phi_log_area_4_5_18,phi_log_area_4_5_19,phi_log_area_4_5_20,phi_log_area_4_5_21,phi_log_area_4_5_22,phi_log_area_4_5_23,phi_log_area_4_5_24,phi_log_area_4_5_25,phi_log_area_4_5_26,phi_log_area_4_5_27,phi_log_area_4_5_28,phi_log_area_4_5_29,zoom,blocks_area,span_lat,span_lon,number_of_blocks,n_blocks_by_shape_factor0,n_blocks_by_shape_factor1,n_blocks_by_shape_factor2,n_blocks_by_shape_factor3,n_blocks_by_shape_factor4,n_blocks_by_shape_factor5,n_blocks_by_shape_factor6,n_blocks_by_shape_factor7,n_blocks_by_shape_factor8,n_blocks_by_shape_factor9,n_blocks_by_shape_factor10,n_blocks_by_shape_factor11,n_blocks_by_shape_factor12,n_blocks_by_shape_factor13,n_blocks_by_shape_factor14,n_blocks_by_shape_factor15,n_blocks_by_shape_factor16,n_blocks_by_shape_factor17,n_blocks_by_shape_factor18,n_blocks_by_shape_factor19,n_blocks_by_shape_factor20,n_blocks_by_shape_factor21,n_blocks_by_shape_factor22,n_blocks_by_shape_factor23,n_blocks_by_shape_factor24,n_blocks_by_shape_factor25,n_blocks_by_shape_factor26,n_blocks_by_shape_factor27,n_blocks_by_shape_factor28,n_blocks_by_shape_factor29,area_by_boundary,latitude,longitude,zoom_lat,zoom_lon,city_name,label
0.0599020957026229,3.517151040079775,3.493516311140464,43.90829356954482,1.108482760227435,2.63905325443787,0.0,0.5948717948717949,0.672645739910314,1.7040358744394617,2.466367713004484,1.8834080717488797,1.390134529147982,1.4349775784753356,1.7488789237668163,2.0627802690582966,1.5695067264573994,2.4663677130044848,1.6143497757847538,1.9282511210762303,1.659192825112108,2.1524663677130054,1.3901345291479823,1.1210762331838566,0.8968609865470855,0.5829596412556055,0.8520179372197312,0.0448430493273542,0.1345291479820628,0.0,0.0896860986547085,0.0448430493273541,0.0896860986547085,0.0,0.0,0.0,0.0,0.0,0.2690582959641255,1.031390134529148,1.614349775784753,1.4798206278026909,0.8520179372197311,0.6726457399103134,0.7174887892376683,0.7174887892376683,0.6726457399103141,0.7174887892376683,0.5829596412556055,0.6278026905829588,0.7174887892376683,0.7623318385650226,0.5381165919282511,0.3587443946188342,0.3587443946188342,0.2242152466367713,0.4035874439461884,0.0,0.0,0.0,0.0896860986547085,0.0448430493273541,0.0896860986547085,0.0,0.0,0.0,0.0,0.0,0.0896860986547085,0.4932735426008969,0.3139013452914798,0.0896860986547085,0.1345291479820628,0.2242152466367712,0.2242152466367713,0.3587443946188342,0.4035874439461884,0.3587443946188342,0.3139013452914799,0.2690582959641251,0.4484304932735427,0.4484304932735427,0.4484304932735427,0.1345291479820628,0.2690582959641256,0.0448430493273542,0.3587443946188342,0.0,0.0448430493273542,0.0,0.0,0.0,0.0,0.0,0.0,0.0,0.0,0.0,0.0,0.0448430493273542,0.179372197309417,0.0448430493273542,0.0448430493273542,0.1345291479820627,0.4932735426008969,0.2242152466367713,0.2242152466367713,0.6278026905829598,0.3587443946188342,0.4035874439461877,0.0896860986547085,0.3587443946188342,0.3139013452914799,0.1345291479820628,0.1793721973094171,0.0448430493273542,0.0,0.0,0.0896860986547085,0.0,0.0,0.0,0.0,0.0,0.0,0.0,0.0,0.0,12,13300822.163861169,4.383628092145547,2.4443278161222115,669,0.672645739910314,1.704035874439462,2.466367713004484,1.8834080717488797,1.3901345291479823,1.4349775784753356,1.7488789237668163,2.062780269058296,1.5695067264573994,2.4663677130044848,1.6143497757847538,1.9282511210762303,1.659192825112108,2.152466367713005,1.3901345291479823,1.1210762331838566,0.8968609865470853,0.5829596412556055,0.8520179372197311,0.0448430493273542,0.1345291479820628,0.0,0.0896860986547085,0.0448430493273541,0.0896860986547085,0.0,0.0,0.0,0.0,0.0,6.594224343282951,45.5551609,5.95793605,12,13,106990,B
0.176485682157931,3.3806342187017338,3.4231541548936586,124.26125695851069,1.087910588831984,2.6610169491525424,0.0,0.5741525423728814,0.2068965517241379,0.2068965517241379,0.2068965517241378,2.275862068965518,1.655172413793104,1.2413793103448267,2.06896551724138,1.6551724137931036,2.0689655172413794,3.3103448275862077,4.137931034482759,2.275862068965514,2.275862068965518,1.655172413793104,1.655172413793104,1.2413793103448278,0.2068965517241379,1.03448275862069,0.4137931034482759,0.2068965517241379,0.0,0.0,0.0,0.0,0.0,0.0,0.0,0.0,0.0,0.0,0.0,0.0,0.0,0.0,0.0,0.2068965517241378,0.2068965517241379,0.0,0.0,0.0,0.4137931034482759,0.0,0.0,0.0,0.0,0.2068965517241379,0.0,0.0,0.0,0.0,0.0,0.0,0.0,0.0,0.0,0.0,0.0,0.0,0.0,0.0,0.0,0.0,0.2068965517241378,0.4137931034482759,0.2068965517241379,0.6206896551724134,0.8275862068965519,0.4137931034482759,0.6206896551724139,0.4137931034482759,1.03448275862069,0.0,0.6206896551724139,0.4137931034482759,0.0,0.4137931034482759,0.0,0.2068965517241379,0.2068965517241379,0.0,0.0,0.0,0.0,0.0,0.0,0.0,0.0,0.0,0.0,0.0,0.2068965517241379,0.2068965517241379,0.0,0.4137931034482759,0.2068965517241379,0.0,0.6206896551724139,0.8275862068965519,1.0344827586206895,2.0689655172413794,2.0689655172413794,1.8620689655172389,1.2413793103448278,0.6206896551724139,1.2413793103448278,0.6206896551724139,0.2068965517241379,0.8275862068965519,0.2068965517241379,0.2068965517241379,0.0,0.0,0.0,0.0,0.0,0.0,0.0,0.0,0.0,0.0,12,21897504.52287323,3.765361178155057,4.653173791493871,145,0.2068965517241379,0.2068965517241379,0.2068965517241378,2.275862068965518,1.655172413793104,1.2413793103448267,2.06896551724138,1.655172413793104,2.06896551724138,3.310344827586208,4.13793103448276,2.2758620689655142,2.275862068965518,1.655172413793104,1.655172413793104,1.2413793103448278,0.2068965517241379,1.03448275862069,0.4137931034482759,0.2068965517241379,0.0,0.0,0.0,0.0,0.0,0.0,0.0,0.0,0.0,0.0,9.93050102263881,34.356421999999995,-117.62776945,12,12,11015344,B
0.915933396858839,2.023293424853881,2.277623060520043,52.74257637096038,1.0774705221401828,3.0898876404494384,0.0,0.4887640449438202,0.1081081081081081,0.3243243243243243,1.189189189189189,1.1351351351351355,1.2972972972972978,1.2972972972972967,2.1621621621621627,2.91891891891892,2.432432432432433,2.324324324324325,1.8378378378378384,2.054054054054051,1.8378378378378384,1.5135135135135138,1.3513513513513518,1.7837837837837844,1.4054054054054057,1.4054054054054057,1.4054054054054057,0.1621621621621622,0.0,0.054054054054054,0.0,0.0,0.0,0.0,0.0,0.0,0.0,0.0,0.0,0.1081081081081081,0.5405405405405405,0.5945945945945947,0.8648648648648651,0.9729729729729724,1.0270270270270274,1.0810810810810814,0.5945945945945947,0.9729729729729732,0.4324324324324325,0.4864864864864858,0.3783783783783785,0.3783783783783785,0.5945945945945947,0.4864864864864866,0.1081081081081081,0.2162162162162162,0.2162162162162162,0.0,0.0,0.0,0.0,0.0,0.0,0.0,0.0,0.0,0.0,0.0,0.0,0.2162162162162162,0.6486486486486486,0.5405405405405407,0.3783783783783785,0.162162162162162,0.702702702702703,0.6486486486486488,0.6486486486486488,0.6486486486486488,0.054054054054054,0.2702702702702699,0.2162162162162162,0.3243243243243244,0.1621621621621622,0.3783783783783785,0.8648648648648651,0.5405405405405407,0.2162162162162162,0.0,0.0,0.0,0.0,0.0,0.0,0.0,0.0,0.0,0.0,0.0,0.0,0.0,0.0,0.0,0.054054054054054,0.162162162162162,0.2162162162162162,0.4864864864864866,0.5945945945945946,0.1621621621621622,0.5405405405405407,0.5405405405405397,0.5405405405405407,0.1621621621621622,0.2702702702702703,0.7567567567567569,0.1621621621621622,0.2162162162162162,0.3243243243243244,0.054054054054054,0.0,0.054054054054054,0.0,0.0,0.0,0.0,0.0,0.0,0.0,0.0,12,81809264.85350232,2.853078038027044,2.8459875613476617,555,0.1081081081081081,0.3243243243243243,1.189189189189189,1.1351351351351353,1.2972972972972976,1.2972972972972965,2.1621621621621627,2.91891891891892,2.432432432432433,2.324324324324325,1.8378378378378384,2.0540540540540517,1.8378378378378384,1.5135135135135138,1.3513513513513515,1.7837837837837842,1.4054054054054057,1.4054054054054057,1.4054054054054057,0.1621621621621622,0.0,0.054054054054054,0.0,0.0,0.0,0.0,0.0,0.0,0.0,0.0,4.651255432919706,37.366506,-118.3976883,12,13,11062336,B
0.551984313399748,2.857208746971647,2.820358880474384,99.9288955928551,1.0717653294112377,2.5526315789473686,0.0,0.6105263157894737,0.3260869565217391,0.3260869565217391,0.9782608695652172,1.3043478260869568,0.6521739130434784,0.9782608695652169,1.630434782608696,1.3043478260869568,3.2608695652173925,2.2826086956521743,1.3043478260869568,1.6304347826086931,1.6304347826086958,1.6304347826086958,1.9565217391304357,2.2826086956521743,0.6521739130434784,2.9347826086956528,2.9347826086956523,0.0,0.0,0.0,0.0,0.0,0.0,0.0,0.0,0.0,0.0,0.0,0.0,0.0,0.3260869565217391,0.3260869565217392,0.0,0.0,0.0,0.9782608695652176,1.6304347826086962,1.3043478260869568,0.3260869565217392,0.6521739130434774,0.0,0.0,0.3260869565217392,0.0,0.0,0.0,0.0,0.0,0.0,0.0,0.0,0.0,0.0,0.0,0.0,0.0,0.0,0.0,0.0,0.3260869565217391,0.326086956521739,0.6521739130434784,0.6521739130434784,0.9782608695652169,1.3043478260869568,0.0,0.3260869565217392,0.6521739130434784,0.9782608695652176,0.3260869565217386,0.9782608695652176,0.0,0.9782608695652176,0.3260869565217392,0.0,0.6521739130434784,0.9782608695652176,0.0,0.0,0.0,0.0,0.0,0.0,0.0,0.0,0.0,0.0,0.0,0.0,0.0,0.326086956521739,0.3260869565217392,0.0,0.0,0.0,0.0,1.3043478260869568,0.3260869565217392,0.0,0.6521739130434774,0.0,0.9782608695652174,0.3260869565217392,1.630434782608696,0.6521739130434784,2.2826086956521743,1.9565217391304348,0.0,0.0,0.0,0.0,0.0,0.0,0.0,0.0,0.0,0.0,0.0,12,5610545.991727703,3.24249650596641,3.261546711257659,92,0.3260869565217391,0.3260869565217391,0.9782608695652172,1.3043478260869568,0.6521739130434784,0.9782608695652169,1.630434782608696,1.3043478260869568,3.260869565217392,2.2826086956521747,1.3043478260869568,1.6304347826086931,1.630434782608696,1.630434782608696,1.956521739130435,2.2826086956521747,0.6521739130434784,2.9347826086956528,2.9347826086956528,0.0,0.0,0.0,0.0,0.0,0.0,0.0,0.0,0.0,0.0,0.0,6.008561084025005,40.3915885,-122.288011,12,13,11162302,B
0.7928940877437015,2.386285415127242,2.611495321144591,105.02265222855736,1.033018185812966,3.301694915254237,0.0,0.5559322033898305,0.1578947368421052,0.4736842105263157,0.1578947368421052,0.1578947368421053,0.3157894736842106,0.4736842105263155,1.2631578947368425,0.1578947368421052,1.4210526315789478,3.157894736842106,5.36842105263158,4.894736842105257,2.5263157894736845,3.157894736842106,1.4210526315789476,2.052631578947369,1.4210526315789476,0.3157894736842105,1.1052631578947372,0.0,0.0,0.0,0.0,0.0,0.0,0.0,0.0,0.0,0.0,0.0,0.1578947368421052,0.3157894736842105,0.0,0.0,0.0,0.0,0.0,0.0,0.0,0.0,0.0,0.0,0.0,0.0,0.0,0.0,0.0,0.0,0.0,0.0,0.0,0.0,0.0,0.0,0.0,0.0,0.0,0.0,0.0,0.0,0.0,0.1578947368421052,0.1578947368421052,0.1578947368421053,0.1578947368421053,0.3157894736842103,0.1578947368421053,0.0,0.3157894736842106,1.2631578947368425,2.842105263157895,1.7368421052631555,0.9473684210526316,2.052631578947369,0.9473684210526316,1.1052631578947372,0.9473684210526316,0.0,0.6315789473684212,0.0,0.0,0.0,0.0,0.0,0.0,0.0,0.0,0.0,0.0,0.0,0.0,0.0,0.0,0.0,0.1578947368421052,0.1578947368421051,0.9473684210526316,0.1578947368421052,0.3157894736842105,0.9473684210526316,0.7894736842105264,1.1052631578947352,0.9473684210526316,0.3157894736842105,0.3157894736842105,0.4736842105263158,0.4736842105263158,0.3157894736842105,0.4736842105263158,0.0,0.0,0.0,0.0,0.0,0.0,0.0,0.0,0.0,0.0,0.0,12,24985011.323535778,2.5570095945745708,3.248867043512757,190,0.1578947368421052,0.4736842105263157,0.1578947368421052,0.1578947368421053,0.3157894736842106,0.4736842105263155,1.2631578947368425,0.1578947368421053,1.4210526315789476,3.1578947368421058,5.3684210526315805,4.894736842105256,2.526315789473685,3.1578947368421058,1.4210526315789476,2.052631578947369,1.4210526315789476,0.3157894736842106,1.1052631578947372,0.0,0.0,0.0,0.0,0.0,0.0,0.0,0.0,0.0,0.0,0.0,6.038295037168398,51.5611924,-101.9008135,12,12,11295603,B
0.5509625610760176,2.858885423608809,2.976782915602868,46.154299073069616,1.055590460656609,3.2771996215704826,0.0,0.3992431409649952,0.1822323462414578,0.20501138952164,2.2095671981776763,1.799544419134397,1.1617312072892942,3.0296127562642354,1.5717539863325745,1.9817767653758545,1.594533029612757,1.958997722095672,1.9362186788154905,0.9339407744874704,1.0250569476082003,1.3211845102505697,1.252847380410023,2.141230068337131,0.8200455580865608,0.8428246013667428,3.25740318906606,0.7289293849658316,0.0227790432801822,0.0227790432801822,0.0,0.0,0.0,0.0,0.0,0.0,0.0,0.0,0.0,0.0911161731207289,1.776765375854214,1.3895216400911168,0.3644646924829158,1.1845102505694756,0.8656036446469251,0.2733485193621868,0.2961275626423691,0.3644646924829158,0.2050113895216401,0.0911161731207288,0.0911161731207289,0.2050113895216401,0.0455580865603644,0.0683371298405467,0.0683371298405467,0.0911161731207289,0.1366742596810934,0.0227790432801822,0.0,0.0227790432801822,0.0,0.0,0.0,0.0,0.0,0.0,0.0,0.0,0.0911161731207289,0.0683371298405467,0.4100227790432801,0.387243735763098,0.3189066059225514,0.9111617312072888,0.2505694760820046,0.4100227790432802,0.2733485193621868,0.2961275626423691,0.2733485193621868,0.2277904328018219,0.1366742596810934,0.4100227790432802,0.8428246013667428,1.708428246013668,0.3644646924829158,0.2961275626423691,0.387243735763098,0.0,0.0,0.0,0.0,0.0,0.0,0.0,0.0,0.0,0.0,0.0,0.0,0.0227790432801822,0.0227790432801822,0.0227790432801822,0.1594533029612756,0.318906605922551,0.3644646924829158,0.4555808656036447,0.6150341685649204,0.4100227790432803,0.6150341685649204,0.2050113895216398,0.2961275626423691,0.4555808656036447,0.2961275626423691,0.2733485193621868,0.1366742596810934,0.1138952164009111,0.2733485193621868,0.2505694760820046,0.0,0.0,0.0,0.0,0.0,0.0,0.0,0.0,0.0,0.0,12,120545453.20991316,3.4367421551598234,4.182314558087266,1317,0.1822323462414578,0.20501138952164,2.2095671981776763,1.7995444191343968,1.161731207289294,3.029612756264235,1.5717539863325745,1.9817767653758545,1.594533029612757,1.958997722095672,1.93621867881549,0.93394077448747,1.0250569476082003,1.32118451025057,1.252847380410023,2.1412300683371304,0.8200455580865605,0.8428246013667428,3.25740318906606,0.7289293849658316,0.0227790432801822,0.0227790432801822,0.0,0.0,0.0,0.0,0.0,0.0,0.0,0.0,6.616879116169397,38.52888535,-106.00013995,12,12,112971,B
0.4946511890109673,2.948511823009816,3.056247665526437,238.98794039380243,1.1253821261944157,2.4655172413793105,0.0,0.6896551724137931,0.0,1.5789473684210529,0.0,0.0,1.5789473684210529,1.5789473684210518,1.5789473684210529,6.315789473684212,3.1578947368421058,4.736842105263158,0.0,3.1578947368421004,0.0,3.1578947368421058,0.0,0.0,1.5789473684210529,1.5789473684210529,0.0,0.0,0.0,0.0,0.0,0.0,0.0,0.0,0.0,0.0,0.0,0.0,0.0,0.0,0.0,0.0,0.0,0.0,0.0,0.0,0.0,0.0,0.0,0.0,0.0,0.0,0.0,0.0,0.0,1.5789473684210529,0.0,0.0,0.0,0.0,0.0,0.0,0.0,0.0,0.0,0.0,0.0,0.0,0.0,0.0,0.0,0.0,0.0,0.0,0.0,1.5789473684210529,0.0,1.5789473684210529,0.0,0.0,0.0,0.0,0.0,0.0,0.0,0.0,0.0,0.0,0.0,0.0,0.0,0.0,0.0,0.0,0.0,0.0,0.0,0.0,0.0,1.5789473684210529,0.0,0.0,1.5789473684210529,1.5789473684210518,1.5789473684210529,4.736842105263158,3.1578947368421058,1.5789473684210529,0.0,1.5789473684210502,0.0,1.5789473684210529,0.0,0.0,0.0,0.0,0.0,0.0,0.0,0.0,0.0,0.0,0.0,0.0,0.0,0.0,0.0,0.0,12,3038812.0350404917,2.148524786456022,5.36152480103902,19,0.0,1.5789473684210529,0.0,0.0,1.578947368421053,1.5789473684210518,1.578947368421053,6.315789473684212,3.157894736842106,4.736842105263158,0.0,3.157894736842101,0.0,3.157894736842106,0.0,0.0,1.578947368421053,1.578947368421053,0.0,0.0,0.0,0.0,0.0,0.0,0.0,0.0,0.0,0.0,0.0,0.0,3.4876469014310034,32.0892485,-95.4695859,13,12,114691,B
0.1880340165520557,3.366599229298457,3.387678965433329,51.99042579744805,1.084852052907508,2.5964912280701755,0.0,0.659919028340081,1.0344827586206895,1.330049261083744,1.477832512315271,2.0689655172413794,1.4778325123152714,2.364532019704432,0.8866995073891627,2.807881773399015,2.216748768472907,1.3300492610837442,2.216748768472907,1.330049261083742,1.3300492610837442,1.182266009852217,1.4778325123152714,1.6256157635467985,1.182266009852217,1.6256157635467985,0.7389162561576357,0.0,0.1477832512315271,0.0,0.0,0.1477832512315266,0.0,0.0,0.0,0.0,0.0,0.0,0.2955665024630541,1.0344827586206895,1.3300492610837436,1.7733990147783252,0.2955665024630542,0.591133004926108,0.5911330049261084,0.2955665024630542,1.03448275862069,0.5911330049261084,0.5911330049261084,0.5911330049261075,0.2955665024630542,0.1477832512315271,0.1477832512315271,0.0,0.0,0.2955665024630542,0.0,0.0,0.0,0.0,0.0,0.1477832512315266,0.0,0.0,0.0,0.0,0.0,0.0,0.2955665024630541,0.147783251231527,0.147783251231527,0.1477832512315271,0.5911330049261085,0.886699507389162,0.1477832512315271,0.4433497536945814,0.5911330049261085,0.1477832512315271,0.4433497536945814,0.2955665024630537,0.2955665024630542,0.1477832512315271,0.0,0.5911330049261085,0.4433497536945814,0.4433497536945814,0.1477832512315271,0.0,0.1477832512315271,0.0,0.0,0.0,0.0,0.0,0.0,0.0,0.0,0.0,0.0,0.0,0.0,0.0,0.0,0.0,0.0,0.2955665024630542,0.1477832512315271,0.2955665024630542,0.7389162561576357,0.1477832512315268,0.5911330049261085,0.4433497536945814,1.03448275862069,0.7389162561576357,0.5911330049261085,0.4433497536945814,0.4433497536945814,0.0,0.0,0.0,0.0,0.0,0.0,0.0,0.0,0.0,0.0,0.0,12,9331584.28128198,2.6059980804845693,3.654960717723647,203,1.0344827586206895,1.3300492610837438,1.477832512315271,2.06896551724138,1.4778325123152711,2.364532019704432,0.8866995073891627,2.807881773399015,2.216748768472907,1.3300492610837442,2.216748768472907,1.3300492610837418,1.3300492610837442,1.182266009852217,1.4778325123152711,1.6256157635467985,1.182266009852217,1.6256157635467985,0.7389162561576356,0.0,0.1477832512315271,0.0,0.0,0.1477832512315266,0.0,0.0,0.0,0.0,0.0,0.0,3.525604715399917,50.4458022,2.8667677,12,12,1176776,B
0.0360258265715329,3.544044457967515,3.5160640452673118,96.62909271744564,1.0928987227871,2.768802228412256,0.0,0.7325905292479109,0.4651162790697674,0.6976744186046512,1.1627906976744184,1.3953488372093026,1.3953488372093026,1.6279069767441852,1.3953488372093026,1.6279069767441865,3.720930232558141,1.6279069767441865,1.8604651162790704,2.3255813953488342,2.790697674418605,2.325581395348838,1.162790697674419,0.4651162790697675,0.4651162790697676,1.162790697674419,1.6279069767441865,0.2325581395348837,0.2325581395348838,0.0,0.0,0.232558139534883,0.0,0.0,0.0,0.0,0.0,0.0,0.0,0.2325581395348837,0.2325581395348837,0.4651162790697675,0.6976744186046512,0.9302325581395344,0.2325581395348837,0.4651162790697675,0.2325581395348837,0.2325581395348837,0.6976744186046512,0.4651162790697667,0.2325581395348837,0.0,0.2325581395348837,0.0,0.0,0.0,0.2325581395348837,0.0,0.0,0.0,0.0,0.0,0.0,0.0,0.0,0.0,0.0,0.0,0.2325581395348837,0.4651162790697674,0.0,0.6976744186046513,0.4651162790697675,0.6976744186046507,0.2325581395348837,0.9302325581395352,1.3953488372093026,1.162790697674419,0.6976744186046513,0.4651162790697667,1.3953488372093026,0.6976744186046513,0.4651162790697675,0.2325581395348837,0.0,0.0,0.9302325581395352,0.0,0.0,0.0,0.0,0.232558139534883,0.0,0.0,0.0,0.0,0.0,0.0,0.0,0.0,0.9302325581395348,0.2325581395348838,0.0,0.0,0.9302325581395352,0.0,0.6976744186046513,0.2325581395348838,0.4651162790697676,0.9302325581395336,0.2325581395348838,0.9302325581395352,0.2325581395348838,0.0,0.4651162790697676,0.9302325581395352,0.4651162790697676,0.0,0.2325581395348838,0.0,0.0,0.0,0.0,0.0,0.0,0.0,0.0,0.0,12,5003635.487608768,3.0692129553193226,3.187552600790281,129,0.4651162790697674,0.6976744186046512,1.1627906976744184,1.3953488372093026,1.3953488372093026,1.627906976744185,1.3953488372093026,1.6279069767441865,3.720930232558141,1.6279069767441865,1.8604651162790704,2.325581395348834,2.790697674418605,2.325581395348838,1.162790697674419,0.4651162790697675,0.4651162790697675,1.162790697674419,1.6279069767441865,0.2325581395348837,0.2325581395348837,0.0,0.0,0.232558139534883,0.0,0.0,0.0,0.0,0.0,0.0,5.550457980347702,50.4472307,2.57815585,12,12,1179330,B
0.8649067337740906,2.193875688558381,2.201487060253564,123.02094105925164,1.0560229651487612,3.075949367088608,0.0,0.6455696202531646,0.3614457831325301,0.0,0.0,0.3614457831325302,0.7228915662650603,0.7228915662650599,0.3614457831325302,1.8072289156626509,3.253012048192772,4.698795180722892,4.337349397590362,4.337349397590356,3.253012048192772,2.530120481927712,1.8072289156626509,0.3614457831325302,0.7228915662650603,0.0,0.3614457831325302,0.0,0.0,0.0,0.0,0.0,0.0,0.0,0.0,0.0,0.0,0.0,0.0,0.0,0.0,0.0,0.0,0.0,0.0,0.0,0.0,0.0,0.0,0.0,0.0,0.0,0.0,0.0,0.0,0.0,0.0,0.0,0.0,0.0,0.0,0.0,0.0,0.0,0.0,0.0,0.0,0.0,0.3614457831325301,0.0,0.0,0.0,0.7228915662650603,0.3614457831325299,0.0,0.3614457831325302,1.0843373493975903,2.8915662650602414,3.253012048192772,2.891566265060237,1.4457831325301207,1.807228915662651,0.3614457831325302,0.0,0.0,0.0,0.0,0.0,0.0,0.0,0.0,0.0,0.0,0.0,0.0,0.0,0.0,0.0,0.0,0.0,0.0,0.3614457831325302,0.0,0.3614457831325299,0.3614457831325302,1.0843373493975903,0.0,1.807228915662651,0.7228915662650605,0.7228915662650593,0.7228915662650605,0.7228915662650605,1.0843373493975903,0.3614457831325302,0.3614457831325302,0.0,0.3614457831325302,0.0,0.0,0.0,0.0,0.0,0.0,0.0,0.0,0.0,0.0,0.0,12,4467401.703872598,2.4894628661321474,2.4465825369061203,83,0.3614457831325301,0.0,0.0,0.3614457831325302,0.7228915662650605,0.7228915662650598,0.3614457831325302,1.8072289156626509,3.253012048192772,4.698795180722893,4.337349397590362,4.337349397590355,3.253012048192772,2.530120481927712,1.8072289156626509,0.3614457831325302,0.7228915662650605,0.0,0.3614457831325302,0.0,0.0,0.0,0.0,0.0,0.0,0.0,0.0,0.0,0.0,0.0,2.9562815030466605,51.94690915,-103.79563835,12,13,11992275,B
0.114801630545325,3.4539878876102983,3.4858963796345543,69.24115574089626,1.1140065182779495,2.7068607068607067,0.0,0.6943866943866944,0.3973509933774834,0.5960264900662251,0.3973509933774833,1.3907284768211925,0.1986754966887417,1.5894039735099328,1.9867549668874176,1.9867549668874176,2.5827814569536427,2.7814569536423845,2.9801324503311264,3.3774834437086043,1.3907284768211925,1.7880794701986755,1.3907284768211925,0.7947019867549672,0.9933774834437088,1.1920529801324506,0.5960264900662252,0.7947019867549671,0.0,0.0,0.3973509933774835,0.1986754966887411,0.1986754966887417,0.0,0.0,0.0,0.0,0.0,0.1986754966887417,0.5960264900662251,0.1986754966887416,0.5960264900662252,0.1986754966887417,0.5960264900662248,0.794701986754967,0.9933774834437088,0.5960264900662252,1.3907284768211925,1.788079470198676,1.1920529801324486,0.1986754966887417,0.5960264900662252,0.1986754966887417,0.0,0.0,0.0,0.3973509933774835,0.0,0.0,0.0,0.3973509933774835,0.1986754966887411,0.1986754966887417,0.0,0.0,0.0,0.0,0.0,0.0,0.0,0.1986754966887416,0.0,0.0,0.3973509933774832,0.3973509933774835,0.1986754966887417,0.7947019867549671,0.9933774834437088,0.0,0.1986754966887414,0.3973509933774835,0.1986754966887417,0.1986754966887417,0.3973509933774835,0.3973509933774835,0.1986754966887417,0.1986754966887417,0.1986754966887417,0.0,0.0,0.0,0.0,0.0,0.0,0.0,0.0,0.0,0.0,0.0,0.0,0.0,0.5960264900662253,0.0,0.1986754966887416,0.1986754966887418,0.1986754966887418,0.3973509933774836,0.1986754966887418,0.3973509933774836,0.9933774834437072,0.3973509933774836,0.5960264900662253,0.5960264900662253,0.0,0.5960264900662253,0.3973509933774836,0.0,0.0,0.0,0.0,0.0,0.0,0.0,0.0,0.0,0.0,0.0,0.0,12,8465018.298961934,2.706156584341079,3.1291941593082155,151,0.3973509933774834,0.5960264900662252,0.3973509933774833,1.3907284768211925,0.1986754966887417,1.5894039735099328,1.9867549668874176,1.9867549668874176,2.582781456953643,2.781456953642385,2.9801324503311264,3.3774834437086043,1.3907284768211925,1.788079470198676,1.3907284768211925,0.7947019867549671,0.9933774834437088,1.1920529801324504,0.5960264900662252,0.7947019867549671,0.0,0.0,0.3973509933774835,0.1986754966887411,0.1986754966887417,0.0,0.0,0.0,0.0,0.0,4.756766554799421,43.6637549,1.5251884,12,13,120839,B
0.3256921450991605,3.190915179676972,3.223327960737149,94.70783948962791,1.0660146404740138,2.863372093023256,0.0,0.747093023255814,0.2142857142857142,0.5357142857142858,0.0,0.4285714285714287,1.0714285714285716,1.8214285714285705,1.285714285714286,2.892857142857144,2.8928571428571432,2.571428571428572,2.1428571428571432,1.607142857142855,2.464285714285715,1.821428571428572,2.250000000000001,1.7142857142857149,1.1785714285714288,1.3928571428571432,1.0714285714285716,0.3214285714285715,0.3214285714285715,0.0,0.0,0.0,0.0,0.0,0.0,0.0,0.0,0.0,0.0,0.2142857142857143,0.0,0.4285714285714287,0.3214285714285715,0.107142857142857,0.2142857142857143,0.7500000000000002,0.1071428571428571,0.1071428571428571,0.1071428571428571,0.107142857142857,0.1071428571428571,0.0,0.2142857142857143,0.1071428571428571,0.0,0.0,0.0,0.0,0.0,0.0,0.0,0.0,0.0,0.0,0.0,0.0,0.0,0.0,0.0,0.3214285714285714,0.0,0.0,0.7500000000000002,0.8571428571428567,0.4285714285714286,1.1785714285714288,1.1785714285714288,0.7500000000000002,0.5357142857142858,0.428571428571428,1.0714285714285716,1.1785714285714288,1.6071428571428577,0.7500000000000002,0.642857142857143,0.9642857142857146,0.5357142857142858,0.1071428571428571,0.1071428571428571,0.0,0.0,0.0,0.0,0.0,0.0,0.0,0.0,0.0,0.0,0.0,0.0,0.0,0.0,0.4285714285714282,0.4285714285714286,0.5357142857142858,0.9642857142857144,0.6428571428571429,0.9642857142857144,0.4285714285714279,1.0714285714285716,0.6428571428571429,0.4285714285714286,0.8571428571428573,0.4285714285714286,0.3214285714285714,0.5357142857142858,0.2142857142857143,0.2142857142857143,0.0,0.0,0.0,0.0,0.0,0.0,0.0,0.0,0.0,12,23450310.93371,3.407834294347558,4.766648069533578,280,0.2142857142857142,0.5357142857142857,0.0,0.4285714285714286,1.0714285714285716,1.8214285714285705,1.2857142857142858,2.892857142857144,2.892857142857144,2.571428571428572,2.1428571428571432,1.607142857142855,2.464285714285715,1.821428571428572,2.2500000000000004,1.7142857142857146,1.1785714285714288,1.3928571428571432,1.0714285714285716,0.3214285714285714,0.3214285714285714,0.0,0.0,0.0,0.0,0.0,0.0,0.0,0.0,0.0,9.151950378386855,37.460649,-89.23437949999999,12,12,121478,B
0.5896098117238244,2.7940762476373973,2.939572082792366,71.92202427312527,1.098163285609158,2.770359501100513,0.0,0.5641966250917094,0.6875,1.1875,1.2499999999999998,1.0625000000000004,1.3125000000000004,1.3124999999999991,2.375000000000001,2.0000000000000004,2.1250000000000004,2.2500000000000004,1.0000000000000002,2.124999999999997,2.125000000000001,1.5625000000000002,1.5000000000000004,2.6250000000000004,0.8750000000000002,1.1875,1.3750000000000004,0.0625,0.0,0.0,0.0,0.0,0.0,0.0,0.0,0.0,0.0,0.0,0.0,0.25,0.6874999999999999,0.5625000000000002,0.375,0.4374999999999997,0.5000000000000001,0.8750000000000003,0.8125000000000002,0.9375000000000004,0.375,0.6874999999999991,0.25,0.4375000000000001,0.5000000000000001,0.3125,0.1875,0.5000000000000001,0.0625,0.0,0.0,0.0,0.0,0.0,0.0,0.0,0.0,0.0,0.0,0.0,0.25,0.8125000000000001,0.4999999999999999,0.5000000000000001,0.5000000000000001,0.4374999999999997,0.5625000000000002,0.5000000000000001,0.5625000000000002,0.5000000000000001,0.25,0.4999999999999993,0.5000000000000001,0.3125,0.3125,0.125,0.0625,0.125,0.5000000000000001,0.0,0.0,0.0,0.0,0.0,0.0,0.0,0.0,0.0,0.0,0.0,0.0624999999999999,0.0624999999999999,0.0624999999999999,0.0,0.4375000000000001,0.1874999999999998,0.0625,0.25,0.375,0.3125,0.25,0.687499999999999,0.8125000000000002,0.375,0.5000000000000001,1.6250000000000004,0.4375000000000001,0.375,0.4375000000000001,0.0625,0.0,0.0,0.0,0.0,0.0,0.0,0.0,0.0,0.0,0.0,12,31574896.77443404,3.272384136936627,3.822884836368612,480,0.6875,1.1875,1.2499999999999998,1.0625000000000002,1.3125000000000002,1.3124999999999991,2.3750000000000004,2.0000000000000004,2.1250000000000004,2.2500000000000004,1.0000000000000002,2.124999999999997,2.1250000000000004,1.5625000000000002,1.5000000000000002,2.6250000000000004,0.8750000000000002,1.1875000000000002,1.3750000000000002,0.0625,0.0,0.0,0.0,0.0,0.0,0.0,0.0,0.0,0.0,0.0,7.640092164661354,41.74756995,-87.83744949999999,12,12,123119,B
0.1373254616777263,3.4275084325666456,3.4156186852651795,71.6957934116017,1.0682917278147053,2.868475991649269,0.0,0.6652748782185108,0.3925233644859813,0.1121495327102803,0.6168224299065419,0.9532710280373832,0.9532710280373832,1.4018691588785035,1.4018691588785048,2.355140186915888,2.523364485981309,3.8691588785046735,2.411214953271028,2.074766355140184,1.9065420560747663,2.242990654205608,1.7943925233644862,1.8504672897196264,0.9532710280373832,1.2897196261682244,0.6168224299065421,0.2242990654205607,0.0,0.0560747663551401,0.0,0.0,0.0,0.0,0.0,0.0,0.0,0.0,0.0560747663551401,0.0,0.1682242990654205,0.3364485981308411,0.3364485981308411,0.4485981308411212,0.2803738317757009,0.6728971962616823,0.4485981308411215,0.9532710280373834,0.5607476635514019,0.5607476635514009,0.3364485981308411,0.2803738317757009,0.2242990654205607,0.4485981308411215,0.1121495327102803,0.3364485981308411,0.1682242990654205,0.0560747663551401,0.0,0.0560747663551401,0.0,0.0,0.0,0.0,0.0,0.0,0.0,0.0,0.0,0.0560747663551401,0.336448598130841,0.6168224299065421,0.2803738317757009,0.5607476635514016,0.5607476635514019,0.3925233644859814,0.3364485981308411,0.6168224299065421,0.3925233644859814,0.2803738317757005,0.2242990654205608,0.5607476635514019,0.2803738317757009,0.3364485981308411,0.2242990654205608,0.3925233644859814,0.1121495327102804,0.1121495327102804,0.0,0.0,0.0,0.0,0.0,0.0,0.0,0.0,0.0,0.0,0.0,0.0,0.1121495327102803,0.0,0.2242990654205608,0.2803738317757007,0.2242990654205608,0.6728971962616823,0.5607476635514019,1.121495327102804,0.6728971962616823,0.6168224299065412,0.5607476635514019,0.841121495327103,1.0093457943925237,0.6728971962616823,0.5607476635514019,0.5046728971962617,0.2803738317757009,0.0560747663551402,0.0,0.0,0.0,0.0,0.0,0.0,0.0,0.0,0.0,0.0,12,97668188.98870128,3.571329330233857,5.009103812218934,535,0.3925233644859813,0.1121495327102803,0.6168224299065419,0.9532710280373834,0.9532710280373834,1.4018691588785035,1.4018691588785048,2.355140186915888,2.523364485981309,3.8691588785046735,2.4112149532710285,2.074766355140184,1.9065420560747668,2.242990654205608,1.7943925233644864,1.8504672897196264,0.9532710280373834,1.2897196261682244,0.6168224299065421,0.2242990654205608,0.0,0.0560747663551402,0.0,0.0,0.0,0.0,0.0,0.0,0.0,0.0,9.755266571500783,34.1211517,-118.1150545,12,12,12315850,B
0.5631469683537152,2.838764989219405,2.9999246370550643,69.14009820211076,1.098806260144067,2.9799789251844047,0.0,0.6153846153846154,0.4665071770334928,1.2918660287081338,1.1842105263157894,1.7224880382775123,1.6866028708133975,1.3995215311004776,1.2559808612440193,2.2607655502392348,1.9377990430622012,1.6866028708133978,1.973684210526316,2.1889952153110017,1.578947368421053,2.081339712918661,1.7942583732057418,1.1483253588516749,1.5071770334928232,1.11244019138756,1.5071770334928232,0.1076555023923445,0.0358851674641148,0.0358851674641148,0.0358851674641148,0.0,0.0,0.0,0.0,0.0,0.0,0.0,0.1435406698564593,0.1794258373205741,0.5023923444976076,0.933014354066986,1.0047846889952157,0.7535885167464111,0.6818181818181819,0.7894736842105264,0.7535885167464116,0.5023923444976078,0.5023923444976078,0.3588516746411478,0.3229665071770336,0.2870813397129187,0.3947368421052632,0.1435406698564593,0.215311004784689,0.1076555023923445,0.2870813397129187,0.0,0.0,0.0,0.0,0.0,0.0,0.0,0.0,0.0,0.0,0.0,0.0717703349282296,0.9330143540669856,0.5023923444976075,0.681818181818182,0.3229665071770335,0.3947368421052628,0.215311004784689,0.8971291866028709,0.7894736842105264,0.7894736842105264,0.7535885167464116,0.6818181818181808,0.4665071770334929,0.6100478468899523,0.3229665071770335,0.3947368421052632,0.2870813397129187,0.2870813397129187,0.3588516746411483,0.0,0.0358851674641148,0.0358851674641148,0.0,0.0,0.0,0.0,0.0,0.0,0.0,0.0,0.0,0.1435406698564593,0.1435406698564593,0.1076555023923445,0.0358851674641148,0.0358851674641148,0.2870813397129187,0.3947368421052632,0.215311004784689,0.2870813397129187,0.5023923444976078,0.2870813397129182,0.5741626794258375,0.8253588516746413,0.5023923444976078,0.2511961722488039,0.3588516746411484,0.466507177033493,0.3229665071770335,0.0358851674641148,0.0,0.0,0.0358851674641148,0.0,0.0,0.0,0.0,0.0,0.0,0.0,12,60043481.8926671,4.547172329508699,2.957851118250692,836,0.4665071770334928,1.291866028708134,1.1842105263157892,1.7224880382775123,1.686602870813397,1.3995215311004776,1.2559808612440193,2.260765550239235,1.9377990430622012,1.686602870813397,1.9736842105263164,2.1889952153110017,1.5789473684210529,2.081339712918661,1.794258373205742,1.1483253588516749,1.5071770334928232,1.11244019138756,1.5071770334928232,0.1076555023923445,0.0358851674641148,0.0358851674641148,0.0358851674641148,0.0,0.0,0.0,0.0,0.0,0.0,0.0,8.23139404632978,41.86497765,-87.90034285,12,13,123429,B
0.100409050628659,3.470731971493367,3.4069984188911024,199.59863015713327,1.0665983743210703,2.75,0.0,0.7416666666666667,0.0,0.0,1.363636363636363,0.0,2.045454545454546,2.045454545454544,1.363636363636364,3.40909090909091,2.045454545454546,5.454545454545455,4.090909090909092,0.0,0.681818181818182,0.681818181818182,0.681818181818182,2.045454545454546,1.363636363636364,1.363636363636364,0.681818181818182,0.0,0.681818181818182,0.0,0.0,0.0,0.0,0.0,0.0,0.0,0.0,0.0,0.0,0.0,0.0,0.0,1.363636363636364,1.3636363636363629,0.0,0.0,0.0,0.0,0.0,0.0,0.0,0.0,0.0,0.0,0.0,0.0,0.0,0.0,0.0,0.0,0.0,0.0,0.0,0.0,0.0,0.0,0.0,0.0,0.0,0.0,0.6818181818181817,0.0,0.681818181818182,0.6818181818181814,0.681818181818182,1.363636363636364,0.681818181818182,1.363636363636364,0.681818181818182,0.0,0.681818181818182,0.681818181818182,0.0,0.681818181818182,0.681818181818182,0.0,0.681818181818182,0.0,0.681818181818182,0.0,0.0,0.0,0.0,0.0,0.0,0.0,0.0,0.0,0.0,0.0,0.0,0.0,0.0,0.0,0.681818181818182,0.0,0.681818181818182,0.681818181818182,2.727272727272728,0.0,0.0,0.0,0.0,0.681818181818182,0.681818181818182,1.363636363636364,0.0,0.0,0.0,0.0,0.0,0.0,0.0,0.0,0.0,0.0,0.0,0.0,12,27576360.48439413,3.757118435726501,3.8926226574845497,44,0.0,0.0,1.363636363636363,0.0,2.045454545454546,2.045454545454544,1.363636363636364,3.4090909090909096,2.045454545454546,5.454545454545456,4.090909090909092,0.0,0.681818181818182,0.681818181818182,0.681818181818182,2.045454545454546,1.363636363636364,1.363636363636364,0.681818181818182,0.0,0.681818181818182,0.0,0.0,0.0,0.0,0.0,0.0,0.0,0.0,0.0,7.969133734046359,49.259277,1.68477505,12,12,1242225,B
0.3407870318387715,3.170598646371895,3.1333049917666687,82.86087517830593,1.084615696095565,2.7038327526132404,0.0,0.6898954703832753,0.1704545454545454,0.0,0.3409090909090909,0.5113636363636365,0.340909090909091,1.3636363636363629,2.045454545454546,2.215909090909092,3.920454545454546,3.75,3.9204545454545454,2.2159090909090877,1.8750000000000004,1.8750000000000004,2.556818181818182,1.1931818181818183,0.681818181818182,0.1704545454545454,0.681818181818182,0.1704545454545455,0.0,0.0,0.0,0.0,0.0,0.0,0.0,0.0,0.0,0.0,0.0,0.0,0.3409090909090909,0.1704545454545455,0.340909090909091,0.5113636363636361,1.363636363636364,0.8522727272727275,0.8522727272727275,0.681818181818182,1.022727272727273,0.3409090909090905,0.1704545454545455,0.8522727272727275,0.5113636363636365,0.1704545454545455,0.0,0.0,0.340909090909091,0.0,0.0,0.0,0.0,0.0,0.0,0.0,0.0,0.0,0.0,0.0,0.0,0.0,0.0,0.3409090909090909,0.0,0.6818181818181814,0.1704545454545454,0.0,2.0454545454545454,1.0227272727272727,1.3636363636363638,0.5113636363636356,0.6818181818181819,0.1704545454545454,1.0227272727272727,0.1704545454545454,0.0,0.1704545454545454,0.0,0.0,0.0,0.0,0.0,0.0,0.0,0.0,0.0,0.0,0.0,0.0,0.0,0.0,0.0,0.0,0.0,0.1704545454545453,0.340909090909091,0.8522727272727274,0.681818181818182,0.8522727272727274,0.8522727272727274,0.5113636363636356,0.340909090909091,0.5113636363636365,1.022727272727273,0.681818181818182,0.340909090909091,0.0,0.340909090909091,0.1704545454545455,0.0,0.0,0.0,0.0,0.0,0.0,0.0,0.0,0.0,0.0,12,11915800.388023611,3.2366751733701675,2.010807967689994,176,0.1704545454545454,0.0,0.3409090909090908,0.5113636363636365,0.340909090909091,1.3636363636363629,2.045454545454546,2.215909090909092,3.9204545454545454,3.75,3.9204545454545454,2.215909090909088,1.875,1.875,2.5568181818181825,1.1931818181818186,0.681818181818182,0.1704545454545455,0.681818181818182,0.1704545454545455,0.0,0.0,0.0,0.0,0.0,0.0,0.0,0.0,0.0,0.0,4.661351233829215,41.79609365,-87.958613,12,13,125465,B
0.6555633462487132,2.6759781933621327,2.742711115968555,81.4049688094673,1.112894406660633,2.7988338192419824,0.0,0.60932944606414,0.617283950617284,0.2469135802469136,0.1234567901234567,0.3703703703703704,0.2469135802469136,0.3703703703703701,1.358024691358025,1.6049382716049387,1.851851851851852,2.2222222222222228,2.2222222222222228,1.7283950617283923,2.098765432098766,4.320987654320989,2.469135802469137,1.8518518518518523,1.4814814814814816,1.7283950617283954,2.71604938271605,0.3703703703703704,0.0,0.0,0.0,0.0,0.0,0.0,0.0,0.0,0.0,0.0,0.0,0.0,0.0,0.3703703703703704,0.2469135802469136,0.3703703703703701,0.3703703703703704,0.1234567901234568,0.2469135802469136,0.4938271604938273,0.2469135802469136,0.1234567901234566,0.1234567901234568,0.7407407407407408,0.4938271604938273,0.2469135802469136,0.3703703703703704,0.3703703703703704,0.1234567901234568,0.0,0.0,0.0,0.0,0.0,0.0,0.0,0.0,0.0,0.0,0.0,0.0,0.1234567901234568,0.1234567901234567,0.0,0.0,0.0,0.0,0.8641975308641978,0.2469135802469136,0.4938271604938272,0.2469135802469136,0.2469135802469132,1.358024691358025,2.2222222222222228,1.7283950617283956,1.1111111111111114,0.3703703703703704,0.6172839506172841,0.7407407407407408,0.1234567901234568,0.0,0.0,0.0,0.0,0.0,0.0,0.0,0.0,0.0,0.0,0.0,0.1234567901234568,0.0,0.0,0.0,0.0,0.4938271604938273,0.2469135802469136,0.7407407407407408,0.8641975308641978,0.8641975308641978,0.4938271604938264,0.0,0.7407407407407408,0.1234567901234568,0.3703703703703704,0.4938271604938273,0.3703703703703704,1.8518518518518523,0.2469135802469136,0.0,0.0,0.0,0.0,0.0,0.0,0.0,0.0,0.0,0.0,12,21104966.291038603,4.742474627900869,3.522885254564433,243,0.6172839506172839,0.2469135802469135,0.1234567901234567,0.3703703703703704,0.2469135802469136,0.3703703703703701,1.358024691358025,1.6049382716049387,1.8518518518518523,2.2222222222222228,2.2222222222222228,1.7283950617283923,2.098765432098766,4.320987654320988,2.469135802469136,1.8518518518518523,1.4814814814814816,1.7283950617283956,2.71604938271605,0.3703703703703704,0.0,0.0,0.0,0.0,0.0,0.0,0.0,0.0,0.0,0.0,6.433795907021897,38.6003125,-89.81394,12,13,125717,B
0.7203652011684321,2.548313537155215,2.708262550993085,87.90329178286406,1.1205145380406143,2.7630252100840336,0.0,0.6655462184873949,0.4838709677419355,0.6451612903225805,0.1612903225806451,0.8064516129032259,0.4838709677419355,1.6129032258064506,2.2580645161290325,0.806451612903226,3.3870967741935485,1.9354838709677424,3.70967741935484,1.7741935483870943,3.064516129032259,1.9354838709677424,1.1290322580645162,1.9354838709677424,1.4516129032258067,0.4838709677419355,1.774193548387097,0.1612903225806451,0.0,0.0,0.0,0.0,0.0,0.0,0.0,0.0,0.0,0.0,0.1612903225806451,0.3225806451612902,0.1612903225806451,0.4838709677419355,0.1612903225806451,0.6451612903225802,1.1290322580645162,0.3225806451612903,1.1290322580645162,0.1612903225806451,0.4838709677419355,0.6451612903225796,0.4838709677419355,0.3225806451612903,0.1612903225806451,0.1612903225806451,0.4838709677419355,0.1612903225806451,0.8064516129032259,0.0,0.0,0.0,0.0,0.0,0.0,0.0,0.0,0.0,0.0,0.0,0.1612903225806451,0.3225806451612903,0.0,0.3225806451612903,0.3225806451612903,0.4838709677419351,0.8064516129032259,0.1612903225806451,0.967741935483871,1.1290322580645165,0.4838709677419355,0.1612903225806449,0.4838709677419355,0.1612903225806451,0.4838709677419355,0.6451612903225807,0.4838709677419355,0.0,0.6451612903225807,0.0,0.0,0.0,0.0,0.0,0.0,0.0,0.0,0.0,0.0,0.0,0.0,0.0,0.0,0.0,0.0,0.4838709677419351,0.3225806451612903,0.1612903225806451,1.2903225806451617,0.4838709677419355,2.258064516129033,0.9677419354838696,1.1290322580645165,0.9677419354838712,0.3225806451612903,0.6451612903225807,0.3225806451612903,0.3225806451612903,0.1612903225806451,0.1612903225806451,0.0,0.0,0.0,0.0,0.0,0.0,0.0,0.0,0.0,0.0,12,21127751.729754616,3.837031321104616,3.361043012927519,186,0.4838709677419355,0.6451612903225806,0.1612903225806451,0.806451612903226,0.4838709677419355,1.6129032258064506,2.258064516129033,0.806451612903226,3.387096774193549,1.9354838709677424,3.70967741935484,1.7741935483870943,3.064516129032259,1.9354838709677424,1.1290322580645165,1.9354838709677424,1.4516129032258067,0.4838709677419355,1.774193548387097,0.1612903225806452,0.0,0.0,0.0,0.0,0.0,0.0,0.0,0.0,0.0,0.0,6.825817638979975,41.3525361,-87.61734005,12,13,125773,B
0.5977641756047922,2.7800169739861227,2.948094820256461,116.8464375721375,1.0890666930757211,2.7649122807017545,0.0,0.6877192982456141,0.9890109890109892,0.3296703296703297,0.3296703296703296,0.3296703296703298,0.3296703296703298,0.3296703296703295,0.3296703296703298,1.318681318681319,0.6593406593406594,1.6483516483516487,2.307692307692308,2.6373626373626333,1.3186813186813189,3.956043956043957,1.6483516483516487,1.9780219780219783,1.9780219780219783,2.3076923076923084,4.945054945054946,0.3296703296703297,0.0,0.0,0.0,0.0,0.0,0.0,0.0,0.0,0.0,0.0,0.3296703296703297,0.3296703296703297,0.0,0.0,0.3296703296703298,0.0,0.0,0.0,0.0,0.0,0.3296703296703298,0.0,0.0,0.6593406593406596,0.3296703296703298,0.0,0.0,0.0,0.3296703296703298,0.0,0.0,0.0,0.0,0.0,0.0,0.0,0.0,0.0,0.0,0.0,0.0,0.0,0.0,0.3296703296703298,0.0,0.0,0.3296703296703298,1.318681318681319,0.3296703296703298,0.9890109890109892,0.3296703296703298,0.3296703296703292,0.0,0.9890109890109892,0.3296703296703298,0.6593406593406596,0.9890109890109892,1.6483516483516487,3.9560439560439566,0.0,0.0,0.0,0.0,0.0,0.0,0.0,0.0,0.0,0.0,0.0,0.0,0.0,0.3296703296703296,0.0,0.0,0.3296703296703295,0.0,0.0,0.3296703296703297,0.3296703296703297,0.6593406593406594,1.3186813186813169,0.6593406593406594,0.6593406593406594,0.9890109890109892,1.3186813186813189,0.6593406593406594,0.6593406593406594,0.6593406593406594,0.3296703296703297,0.0,0.0,0.0,0.0,0.0,0.0,0.0,0.0,0.0,0.0,12,6050169.494622478,3.381836183043197,5.252913014290854,91,0.989010989010989,0.3296703296703296,0.3296703296703296,0.3296703296703298,0.3296703296703298,0.3296703296703295,0.3296703296703298,1.318681318681319,0.6593406593406596,1.6483516483516487,2.3076923076923084,2.6373626373626338,1.318681318681319,3.9560439560439566,1.6483516483516487,1.9780219780219783,1.9780219780219783,2.3076923076923084,4.945054945054946,0.3296703296703298,0.0,0.0,0.0,0.0,0.0,0.0,0.0,0.0,0.0,0.0,7.441079460803819,37.4169545,-88.88174699999999,12,12,125820,B
0.8482709350982833,2.2421740858431964,2.3331844573786324,81.53736473126442,1.0730718318718269,2.912,0.0,0.5968,0.2230483271375464,0.0,0.7806691449814125,0.2230483271375465,0.446096654275093,0.669144981412639,0.446096654275093,1.338289962825279,1.895910780669145,2.565055762081785,2.2304832713754648,3.234200743494419,2.788104089219331,1.895910780669145,2.899628252788105,2.899628252788105,2.0074349442379185,1.2267657992565058,1.895910780669145,0.2230483271375465,0.0,0.0,0.0,0.0,0.0,0.1115241635687732,0.0,0.0,0.0,0.0,0.0,0.0,0.1115241635687732,0.1115241635687732,0.3345724907063197,0.2230483271375463,0.2230483271375465,0.2230483271375465,0.2230483271375465,0.6691449814126395,0.3345724907063197,0.0,0.446096654275093,0.0,0.1115241635687732,0.1115241635687732,0.0,0.1115241635687732,0.1115241635687732,0.0,0.0,0.0,0.0,0.0,0.0,0.0,0.0,0.0,0.0,0.0,0.0,0.0,0.2230483271375464,0.1115241635687732,0.1115241635687732,0.3345724907063195,0.0,0.3345724907063197,0.5576208178438663,0.446096654275093,1.0037174721189592,1.338289962825277,1.2267657992565058,1.4498141263940525,2.230483271375465,2.230483271375465,1.5613382899628256,0.5576208178438663,1.1152416356877326,0.1115241635687732,0.0,0.0,0.0,0.0,0.0,0.1115241635687732,0.0,0.0,0.0,0.0,0.1115241635687732,0.0,0.3345724907063196,0.0,0.0,0.0,0.1115241635687732,0.2230483271375465,0.3345724907063197,1.0037174721189592,0.2230483271375465,0.7806691449814115,0.6691449814126395,0.2230483271375465,0.5576208178438663,0.446096654275093,0.3345724907063197,0.5576208178438663,0.6691449814126395,0.1115241635687732,0.0,0.0,0.0,0.0,0.0,0.0,0.0,0.0,0.0,0.0,12,17497148.295659527,4.44201444019936,5.2780950301415865,269,0.2230483271375464,0.0,0.7806691449814125,0.2230483271375465,0.446096654275093,0.669144981412639,0.446096654275093,1.3382899628252791,1.895910780669145,2.565055762081785,2.230483271375465,3.2342007434944198,2.788104089219331,1.895910780669145,2.899628252788105,2.899628252788105,2.0074349442379185,1.2267657992565058,1.895910780669145,0.2230483271375465,0.0,0.0,0.0,0.0,0.0,0.1115241635687732,0.0,0.0,0.0,0.0,6.980365909120067,38.616156,-89.5234495,12,12,125839,B
0.894009253566256,2.101585716831806,2.280703440077556,40.68466953519504,1.0581506722826728,2.933933933933934,0.0,0.4614614614614614,0.1675977653631284,0.2011173184357542,0.3016759776536312,0.5363128491620113,1.944134078212291,1.3407821229050272,1.1061452513966483,1.843575418994414,2.279329608938548,2.0111731843575424,1.5418994413407825,2.513966480446924,1.977653631284917,1.3072625698324023,1.0726256983240223,1.4748603351955312,1.1061452513966483,1.3743016759776538,4.5251396648044695,1.3407821229050283,0.0335195530726257,0.0,0.0,0.0,0.0,0.0,0.0,0.0,0.0,0.0,0.0,0.1005586592178771,0.1340782122905027,0.3351955307262571,1.2737430167597767,0.837988826815642,0.5363128491620113,0.4692737430167599,0.6033519553072627,0.5027932960893856,0.5027932960893856,0.5363128491620105,0.4692737430167599,0.3687150837988827,0.2346368715083799,0.4692737430167599,0.4022346368715085,0.3687150837988827,1.810055865921788,0.6703910614525141,0.0,0.0,0.0,0.0,0.0,0.0,0.0,0.0,0.0,0.0,0.0,0.0,0.1340782122905027,0.2011173184357542,0.6368715083798884,0.4692737430167594,0.335195530726257,0.5027932960893856,0.4692737430167598,0.4357541899441342,0.2681564245810056,0.2681564245810052,0.335195530726257,0.2346368715083799,0.3687150837988827,0.4692737430167598,0.3016759776536313,0.4692737430167598,2.145251396648045,0.5698324022346369,0.0,0.0,0.0,0.0,0.0,0.0,0.0,0.0,0.0,0.0,0.0,0.0,0.0,0.0,0.0335195530726257,0.0,0.2011173184357542,0.3351955307262571,0.3687150837988828,0.569832402234637,0.5027932960893856,0.8715083798882669,0.6368715083798884,0.4357541899441342,0.2681564245810056,0.4357541899441342,0.1675977653631285,0.2011173184357542,0.2011173184357542,0.0335195530726257,0.0335195530726257,0.0,0.0,0.0,0.0,0.0,0.0,0.0,0.0,0.0,12,98065258.74253988,3.24526280593127,3.659656897747424,895,0.1675977653631284,0.2011173184357542,0.3016759776536312,0.5363128491620113,1.9441340782122911,1.3407821229050272,1.1061452513966483,1.843575418994414,2.279329608938548,2.0111731843575424,1.5418994413407825,2.513966480446924,1.977653631284917,1.3072625698324023,1.0726256983240223,1.474860335195531,1.1061452513966483,1.3743016759776538,4.52513966480447,1.3407821229050283,0.0335195530726257,0.0,0.0,0.0,0.0,0.0,0.0,0.0,0.0,0.0,5.866954335769907,41.199842,-90.7400767,12,13,125916,B
0.7094162730736266,2.5708498908560538,2.660740943011353,98.13096953157113,1.0581982270345127,2.9717514124293785,0.0,0.5875706214689266,0.3703703703703703,0.0,0.0,0.0,0.0,0.0,0.3703703703703704,1.4814814814814818,0.3703703703703704,3.703703703703704,1.1111111111111114,1.1111111111111094,1.851851851851852,0.7407407407407408,1.851851851851852,10.74074074074074,1.8518518518518523,0.7407407407407408,3.333333333333333,0.3703703703703704,0.0,0.0,0.0,0.0,0.0,0.0,0.0,0.0,0.0,0.0,0.0,0.0,0.0,0.0,0.0,0.0,0.0,0.3703703703703704,0.0,0.0,0.0,0.0,0.0,0.0,0.3703703703703704,0.0,0.0,0.0,0.0,0.0,0.0,0.0,0.0,0.0,0.0,0.0,0.0,0.0,0.0,0.0,0.0,0.0,0.0,0.0,0.0,0.0,0.3703703703703704,0.7407407407407409,0.0,1.851851851851852,0.3703703703703704,0.3703703703703698,0.0,0.0,0.7407407407407409,8.148148148148149,0.7407407407407409,0.0,0.7407407407407409,0.0,0.0,0.0,0.0,0.0,0.0,0.0,0.0,0.0,0.0,0.0,0.0,0.0,0.0,0.0,0.0,0.0,0.0,0.3703703703703704,0.0,0.7407407407407408,0.3703703703703704,0.0,0.7407407407407408,0.7407407407407408,0.0,1.851851851851852,0.7407407407407408,0.7407407407407408,2.2222222222222223,0.3703703703703704,0.0,0.0,0.0,0.0,0.0,0.0,0.0,0.0,0.0,0.0,12,6816803.918521229,2.4784784676339475,2.891429058863665,81,0.3703703703703703,0.0,0.0,0.0,0.0,0.0,0.3703703703703704,1.4814814814814818,0.3703703703703704,3.7037037037037046,1.1111111111111114,1.1111111111111096,1.8518518518518523,0.7407407407407409,1.8518518518518523,10.740740740740744,1.8518518518518523,0.7407407407407409,3.333333333333334,0.3703703703703704,0.0,0.0,0.0,0.0,0.0,0.0,0.0,0.0,0.0,0.0,3.376900312693471,39.31854250000001,-89.578754,12,13,125926,B
0.0556373310894824,3.521979565326216,3.519226374818288,58.85420774510933,1.1471721885093102,2.862710363153233,0.0,0.5606731620903455,0.4827586206896552,1.793103448275862,1.6551724137931032,1.310344827586207,2.413793103448276,2.068965517241378,2.344827586206897,1.724137931034483,1.2413793103448278,2.965517241379311,1.7931034482758623,1.5172413793103428,1.03448275862069,1.2413793103448278,2.06896551724138,1.3103448275862073,0.7586206896551726,1.2413793103448278,0.9655172413793106,0.0,0.0689655172413793,0.0,0.0,0.0,0.0,0.0,0.0,0.0,0.0,0.0,0.1379310344827586,1.3103448275862069,0.7586206896551723,0.6896551724137933,1.4482758620689655,0.8965517241379304,1.03448275862069,0.8965517241379313,0.5517241379310346,0.4827586206896553,0.4137931034482759,0.6206896551724128,0.0689655172413793,0.0,0.2758620689655173,0.1379310344827586,0.0689655172413793,0.1379310344827586,0.0689655172413793,0.0,0.0,0.0,0.0,0.0,0.0,0.0,0.0,0.0,0.0,0.0,0.0689655172413793,0.2758620689655173,0.8275862068965517,0.5517241379310346,0.4137931034482759,0.275862068965517,0.2758620689655173,0.2068965517241379,0.2068965517241379,0.4827586206896553,0.1379310344827586,0.1379310344827584,0.3448275862068966,0.0,0.2068965517241379,0.3448275862068966,0.0689655172413793,0.2758620689655173,0.2758620689655173,0.0,0.0689655172413793,0.0,0.0,0.0,0.0,0.0,0.0,0.0,0.0,0.0,0.0,0.0,0.0,0.0689655172413793,0.1379310344827586,0.1379310344827585,1.03448275862069,0.3448275862068966,0.2758620689655173,0.2068965517241379,0.5517241379310346,0.4827586206896544,0.2068965517241379,0.5517241379310346,0.7586206896551726,0.2758620689655173,0.2068965517241379,0.0,0.0689655172413793,0.0,0.0,0.0,0.0,0.0,0.0,0.0,0.0,0.0,0.0,0.0,12,31816932.255750317,4.13158984939754,4.516667902071611,435,0.4827586206896552,1.793103448275862,1.6551724137931032,1.310344827586207,2.413793103448276,2.068965517241378,2.344827586206897,1.724137931034483,1.2413793103448278,2.965517241379311,1.7931034482758623,1.5172413793103428,1.03448275862069,1.2413793103448278,2.06896551724138,1.310344827586207,0.7586206896551726,1.2413793103448278,0.9655172413793106,0.0,0.0689655172413793,0.0,0.0,0.0,0.0,0.0,0.0,0.0,0.0,0.0,8.38081399457807,37.94023235,-122.5274588,12,12,1260312,B
0.8215629679392713,2.314474933985792,2.430328300324509,51.40103526252663,1.0637332375859592,3.16996699669967,0.0,0.4240924092409241,0.5611510791366907,1.8129496402877696,1.5539568345323738,1.6834532374100724,1.7266187050359716,1.1223021582733803,1.338129496402878,1.5107913669064752,2.5467625899280577,2.071942446043166,1.9856115107913677,1.6834532374100697,1.7266187050359716,1.2949640287769786,1.7266187050359714,1.5971223021582737,0.60431654676259,0.5611510791366907,2.5467625899280586,0.3453237410071943,0.0,0.0,0.0,0.0,0.0,0.0,0.0,0.0,0.0,0.0,0.0431654676258992,0.2158273381294964,0.5179856115107913,0.9496402877697844,1.20863309352518,0.6906474820143881,0.8201438848920864,0.733812949640288,0.6474820143884893,0.6474820143884893,0.5611510791366908,0.3884892086330929,0.302158273381295,0.302158273381295,0.3453237410071944,0.2589928057553957,0.1294964028776978,0.1294964028776978,0.3453237410071944,0.0,0.0,0.0,0.0,0.0,0.0,0.0,0.0,0.0,0.0,0.0,0.0863309352517985,1.5971223021582734,0.9064748201438848,0.4316546762589929,0.4748201438848922,0.0863309352517985,0.2158273381294964,0.3021582733812951,0.3884892086330936,0.2158273381294964,0.2589928057553957,0.1726618705035968,0.0431654676258993,0.1294964028776978,0.8201438848920864,0.4316546762589929,0.2158273381294964,0.0863309352517986,0.2589928057553957,0.0431654676258993,0.0,0.0,0.0,0.0,0.0,0.0,0.0,0.0,0.0,0.0,0.0,0.0,0.0863309352517985,0.302158273381295,0.0431654676258992,0.345323741007194,0.1294964028776978,0.4316546762589929,0.9928057553956836,0.3884892086330936,0.2589928057553957,0.6474820143884883,0.6043165467625901,0.6906474820143886,0.4316546762589929,0.6906474820143886,0.0863309352517985,0.1726618705035971,0.1726618705035971,0.0,0.0,0.0,0.0,0.0,0.0,0.0,0.0,0.0,0.0,0.0,12,38565745.90215421,1.943628732047044,4.41250846907514,695,0.5611510791366906,1.8129496402877696,1.5539568345323738,1.6834532374100724,1.7266187050359716,1.1223021582733803,1.338129496402878,1.5107913669064752,2.546762589928058,2.071942446043166,1.9856115107913672,1.6834532374100697,1.7266187050359716,1.2949640287769788,1.7266187050359716,1.5971223021582737,0.6043165467625901,0.5611510791366908,2.546762589928058,0.3453237410071943,0.0,0.0,0.0,0.0,0.0,0.0,0.0,0.0,0.0,0.0,5.431610986969583,40.113354,-88.0357185,13,12,126129,B
0.5312995516569676,2.8907881847079517,3.002663828163841,65.80084155793897,1.113658124180384,2.748976807639836,0.0,0.6418826739427013,1.744186046511628,1.3255813953488371,1.1162790697674416,2.232558139534884,2.3720930232558146,1.883720930232557,1.953488372093024,1.1860465116279073,1.8837209302325584,1.953488372093024,1.8139534883720936,1.5348837209302302,0.9767441860465118,1.4651162790697678,1.116279069767442,1.8139534883720931,1.046511627906977,1.2558139534883723,1.1860465116279073,0.1395348837209302,0.0,0.0,0.0,0.0,0.0,0.0,0.0,0.0,0.0,0.0,0.0697674418604651,0.2093023255813953,0.4186046511627906,0.8372093023255816,0.976744186046512,0.8372093023255808,0.7674418604651163,0.4883720930232559,1.3255813953488371,0.4186046511627908,0.3488372093023256,0.488372093023255,0.3488372093023256,0.2790697674418605,0.0697674418604651,0.2790697674418605,0.4883720930232559,0.8372093023255816,0.7674418604651163,0.0,0.0,0.0,0.0,0.0,0.0,0.0,0.0,0.0,0.0,0.0,0.1395348837209302,0.8372093023255814,0.6279069767441859,0.9069767441860468,0.4186046511627908,0.4186046511627904,0.6976744186046513,0.558139534883721,0.2790697674418605,0.6279069767441862,0.7674418604651164,0.5581395348837201,0.2790697674418605,0.558139534883721,0.2790697674418605,0.3488372093023256,0.0697674418604651,0.2790697674418605,0.2093023255813954,0.1395348837209302,0.0,0.0,0.0,0.0,0.0,0.0,0.0,0.0,0.0,0.0,0.0,0.2093023255813953,0.0697674418604651,0.1395348837209302,0.7674418604651163,0.2790697674418603,0.2790697674418605,0.0697674418604651,0.1395348837209302,0.4883720930232559,0.3488372093023256,0.4186046511627901,0.2790697674418605,0.2790697674418605,0.558139534883721,0.6279069767441863,0.1395348837209302,0.0697674418604651,0.0697674418604651,0.0,0.0,0.0,0.0,0.0,0.0,0.0,0.0,0.0,0.0,0.0,12,18231414.63040589,3.8792204941967503,4.083611275968724,430,1.744186046511628,1.3255813953488371,1.1162790697674416,2.232558139534884,2.3720930232558146,1.883720930232557,1.953488372093024,1.1860465116279073,1.8837209302325584,1.953488372093024,1.8139534883720936,1.5348837209302304,0.976744186046512,1.4651162790697676,1.116279069767442,1.8139534883720936,1.046511627906977,1.2558139534883723,1.1860465116279073,0.1395348837209302,0.0,0.0,0.0,0.0,0.0,0.0,0.0,0.0,0.0,0.0,8.34527195045918,42.1022313,-87.7763462,12,12,126600,B
0.6750196414892164,2.639014927268918,2.713551399525286,50.69265475148034,1.0279778289570665,2.7345750873108265,0.0,0.5250291036088475,0.1470588235294117,0.0490196078431372,0.6862745098039214,0.3921568627450981,0.6372549019607845,0.6372549019607839,0.8333333333333335,1.7156862745098045,1.6176470588235297,1.9607843137254908,2.058823529411765,2.647058823529408,2.843137254901961,2.058823529411765,2.5980392156862755,2.9411764705882355,2.450980392156864,1.9117647058823533,1.323529411764706,0.3921568627450981,0.0490196078431372,0.0490196078431372,0.0,0.0,0.0,0.0,0.0,0.0,0.0,0.0,0.0490196078431372,0.0490196078431372,0.5392156862745097,0.2941176470588235,0.4901960784313726,0.5392156862745094,0.3921568627450981,0.3921568627450981,0.2941176470588235,0.2941176470588235,0.2450980392156863,0.2450980392156858,0.3921568627450981,0.2450980392156863,0.2941176470588235,0.0490196078431372,0.0,0.0,0.196078431372549,0.0,0.0,0.0,0.0,0.0,0.0,0.0,0.0,0.0,0.0,0.0,0.0490196078431372,0.0,0.1470588235294117,0.0980392156862745,0.0490196078431372,0.0980392156862744,0.196078431372549,0.4411764705882354,0.4901960784313726,0.735294117647059,0.6862745098039218,1.127450980392155,1.1764705882352942,1.0294117647058825,1.3725490196078436,2.058823529411765,1.421568627450981,0.931372549019608,0.5392156862745099,0.0980392156862745,0.0,0.0,0.0,0.0,0.0,0.0,0.0,0.0,0.0,0.0,0.0,0.0,0.0,0.0,0.0490196078431372,0.0,0.1470588235294118,0.3921568627450981,0.2450980392156863,0.4901960784313727,0.735294117647059,0.539215686274509,0.6862745098039218,0.6372549019607846,0.8333333333333335,0.735294117647059,0.8823529411764708,0.7843137254901963,0.4901960784313727,0.2941176470588236,0.0,0.0,0.0,0.0,0.0,0.0,0.0,0.0,0.0,0.0,12,50066348.35975111,4.053559183015953,3.954819355011219,612,0.1470588235294117,0.0490196078431372,0.6862745098039215,0.3921568627450981,0.6372549019607845,0.6372549019607839,0.8333333333333335,1.7156862745098045,1.61764705882353,1.9607843137254903,2.058823529411765,2.647058823529408,2.8431372549019613,2.058823529411765,2.598039215686275,2.941176470588236,2.450980392156863,1.9117647058823533,1.3235294117647065,0.3921568627450981,0.0490196078431372,0.0490196078431372,0.0,0.0,0.0,0.0,0.0,0.0,0.0,0.0,6.163969158283158,37.8159625,-88.44321,12,12,126665,B
0.3538878435213056,3.152776622787526,3.2493027767834444,63.42668756514727,1.0973262628314342,2.6560636182902586,0.0,0.6381709741550696,0.6081081081081081,0.4054054054054054,0.2027027027027026,0.810810810810811,0.2027027027027027,1.0135135135135127,2.22972972972973,1.2162162162162165,2.2297297297297303,2.22972972972973,2.22972972972973,1.013513513513512,0.6081081081081082,2.432432432432433,3.040540540540541,3.040540540540541,2.4324324324324333,1.0135135135135138,2.4324324324324325,0.4054054054054054,0.2027027027027027,0.0,0.0,0.0,0.0,0.0,0.0,0.0,0.0,0.0,0.2027027027027027,0.0,0.0,0.4054054054054055,0.2027027027027027,0.4054054054054051,1.621621621621622,0.4054054054054055,0.810810810810811,1.0135135135135136,0.6081081081081081,0.0,0.4054054054054055,1.0135135135135136,0.810810810810811,0.810810810810811,0.2027027027027027,0.0,0.6081081081081081,0.0,0.0,0.0,0.0,0.0,0.0,0.0,0.0,0.0,0.0,0.0,0.0,0.0,0.2027027027027026,0.4054054054054055,0.0,0.4054054054054051,0.4054054054054055,0.810810810810811,0.6081081081081082,0.6081081081081082,0.4054054054054055,0.6081081081081072,0.0,0.810810810810811,1.4189189189189193,1.4189189189189193,1.0135135135135138,0.4054054054054055,1.621621621621622,0.0,0.2027027027027027,0.0,0.0,0.0,0.0,0.0,0.0,0.0,0.0,0.0,0.0,0.0,0.0,0.0,0.0,0.0,0.2027027027027027,0.0,0.2027027027027027,0.4054054054054054,0.0,0.4054054054054049,0.2027027027027027,0.6081081081081082,0.8108108108108109,0.6081081081081082,0.8108108108108109,0.2027027027027027,0.2027027027027027,0.4054054054054054,0.0,0.0,0.0,0.0,0.0,0.0,0.0,0.0,0.0,0.0,12,4296003.2510468615,3.454247514123097,2.545212812002632,148,0.6081081081081081,0.4054054054054054,0.2027027027027026,0.810810810810811,0.2027027027027027,1.013513513513513,2.2297297297297303,1.2162162162162165,2.2297297297297303,2.2297297297297303,2.2297297297297303,1.013513513513512,0.6081081081081082,2.432432432432433,3.040540540540541,3.040540540540541,2.432432432432433,1.0135135135135136,2.432432432432433,0.4054054054054055,0.2027027027027027,0.0,0.0,0.0,0.0,0.0,0.0,0.0,0.0,0.0,3.888104810775064,39.06081325,-85.2575355,12,13,127363,B
0.7222043054463488,2.5444850757391646,2.688878441728503,82.98258879380059,1.0923528993806688,2.748299319727891,0.0,0.6360544217687075,0.3125,0.0,0.3124999999999999,0.9375000000000002,0.3125,1.5624999999999991,1.5625000000000004,0.9375000000000002,1.8750000000000004,2.5000000000000004,1.5625000000000004,1.8749999999999971,1.5625000000000004,1.8750000000000004,1.5625000000000004,0.6250000000000002,1.5625000000000004,7.187500000000002,1.5625000000000004,0.3125,0.0,0.0,0.0,0.0,0.0,0.0,0.0,0.0,0.0,0.0,0.0,0.0,0.3124999999999999,0.6250000000000001,0.3125,1.5624999999999991,0.9375000000000002,0.6250000000000001,0.0,0.0,0.0,0.0,0.0,0.0,0.0,0.0,0.0,0.0,0.0,0.0,0.0,0.0,0.0,0.0,0.0,0.0,0.0,0.0,0.0,0.0,0.0,0.0,0.0,0.3125,0.0,0.0,0.6250000000000001,0.0,1.2500000000000002,1.5625000000000002,0.6250000000000001,0.3124999999999995,0.6250000000000001,0.3125,0.3125,0.3125,0.9375,5.937500000000001,1.2500000000000002,0.3125,0.0,0.0,0.0,0.0,0.0,0.0,0.0,0.0,0.0,0.0,0.0,0.0,0.0,0.0,0.0,0.0,0.0,0.3125000000000001,0.6250000000000002,0.9375000000000002,0.9375000000000002,0.9374999999999988,0.6250000000000002,1.5625000000000004,1.2500000000000004,0.3125000000000001,0.6250000000000002,1.2500000000000004,0.3125000000000001,0.0,0.0,0.0,0.0,0.0,0.0,0.0,0.0,0.0,0.0,0.0,12,2274171.824642173,2.961626775311306,2.6452995532826757,96,0.3125,0.0,0.3124999999999999,0.9375,0.3125,1.5624999999999991,1.5625000000000002,0.9375,1.875,2.5000000000000004,1.5625000000000002,1.8749999999999971,1.5625000000000002,1.875,1.5625000000000002,0.6250000000000001,1.5625000000000002,7.187500000000001,1.5625000000000002,0.3125,0.0,0.0,0.0,0.0,0.0,0.0,0.0,0.0,0.0,0.0,5.136877045731111,39.128457,-85.125807,12,13,127367,B
0.9003843772848724,2.079731500599342,2.0923954569864045,64.97564611331889,1.0669190971591498,3.1105527638190957,0.0,0.507537688442211,0.0,0.2870813397129186,1.004784688995215,0.861244019138756,1.2918660287081345,1.7224880382775107,1.866028708133972,2.2966507177033497,1.7224880382775123,2.440191387559809,1.0047846889952154,1.4354066985645912,0.5741626794258374,2.009569377990431,0.8612440191387563,2.2966507177033497,1.7224880382775123,2.727272727272728,3.588516746411484,0.2870813397129187,0.0,0.0,0.0,0.0,0.0,0.0,0.0,0.0,0.0,0.0,0.0,0.0,0.4306220095693779,0.430622009569378,1.0047846889952154,1.148325358851674,1.0047846889952154,0.2870813397129187,0.2870813397129187,0.430622009569378,0.2870813397129187,0.0,0.0,0.1435406698564593,0.1435406698564593,0.1435406698564593,0.1435406698564593,0.0,0.0,0.0,0.0,0.0,0.0,0.0,0.0,0.0,0.0,0.0,0.0,0.0,0.0,0.2870813397129186,0.5741626794258372,0.4306220095693781,0.1435406698564593,0.0,0.2870813397129187,0.4306220095693781,0.2870813397129187,0.8612440191387561,0.2870813397129187,0.4306220095693773,0.4306220095693781,0.8612440191387561,0.4306220095693781,0.7177033492822967,0.2870813397129187,1.5789473684210529,1.5789473684210529,0.2870813397129187,0.0,0.0,0.0,0.0,0.0,0.0,0.0,0.0,0.0,0.0,0.0,0.0,0.0,0.0,0.0,0.2870813397129185,0.0,0.1435406698564593,0.2870813397129187,0.2870813397129187,0.0,0.2870813397129182,0.0,0.8612440191387561,0.1435406698564593,1.2918660287081345,0.5741626794258375,0.7177033492822968,0.5741626794258375,0.0,0.0,0.0,0.0,0.0,0.0,0.0,0.0,0.0,0.0,0.0,12,22688214.733038586,2.679359852603637,2.121107126936666,209,0.0,0.2870813397129186,1.0047846889952152,0.8612440191387561,1.2918660287081345,1.722488038277511,1.866028708133972,2.2966507177033497,1.7224880382775123,2.440191387559809,1.0047846889952157,1.435406698564591,0.5741626794258374,2.009569377990432,0.8612440191387561,2.2966507177033497,1.7224880382775123,2.727272727272728,3.588516746411484,0.2870813397129187,0.0,0.0,0.0,0.0,0.0,0.0,0.0,0.0,0.0,0.0,2.452438135935508,39.29590445,-85.7645502,12,13,127531,B
0.6334205300374796,2.716796829572722,2.7604015013558647,72.95629241855623,1.041852766093656,3.011555555555556,0.0,0.5333333333333333,0.3321033210332104,0.1107011070110701,0.2767527675276752,0.1660516605166052,0.2214022140221402,0.9409594095940954,1.3284132841328415,1.4391143911439117,1.549815498154982,2.8228782287822884,1.7712177121771222,0.8856088560885597,1.0516605166051662,1.439114391143912,2.1586715867158675,4.317343173431735,1.6605166051660518,0.830258302583026,5.036900369003691,1.4391143911439117,0.1107011070110701,0.1107011070110701,0.0,0.0,0.0,0.0,0.0,0.0,0.0,0.0,0.0,0.055350553505535,0.2214022140221402,0.055350553505535,0.1107011070110701,0.3321033210332101,0.2214022140221403,0.2767527675276753,0.055350553505535,0.2767527675276753,0.1107011070110701,0.1107011070110699,0.055350553505535,0.1107011070110701,0.055350553505535,0.055350553505535,0.055350553505535,0.0,0.055350553505535,0.055350553505535,0.0,0.0,0.0,0.0,0.0,0.0,0.0,0.0,0.0,0.0,0.0,0.0,0.055350553505535,0.055350553505535,0.055350553505535,0.2767527675276751,0.3321033210332104,0.2767527675276753,0.7749077490774909,1.1070110701107012,0.1660516605166052,0.1107011070110699,0.1660516605166052,0.3874538745387454,1.0516605166051662,3.376383763837639,0.9963099630996312,0.3321033210332104,4.317343173431735,0.9963099630996312,0.055350553505535,0.1107011070110701,0.0,0.0,0.0,0.0,0.0,0.0,0.0,0.0,0.055350553505535,0.055350553505535,0.0,0.055350553505535,0.055350553505535,0.11070110701107,0.4428044280442805,0.3321033210332104,0.2767527675276753,0.3874538745387454,0.4981549815498156,0.4428044280442798,0.6642066420664208,0.719557195571956,0.5535055350553506,0.5535055350553506,0.2214022140221402,0.4981549815498156,0.6088560885608858,0.2214022140221402,0.055350553505535,0.0,0.0,0.0,0.0,0.0,0.0,0.0,0.0,0.0,12,49663105.591490194,3.0916725502368063,6.76737022593565,542,0.3321033210332103,0.1107011070110701,0.2767527675276752,0.1660516605166052,0.2214022140221402,0.9409594095940954,1.3284132841328415,1.439114391143912,1.549815498154982,2.8228782287822884,1.7712177121771222,0.8856088560885597,1.0516605166051662,1.439114391143912,2.1586715867158675,4.317343173431735,1.660516605166052,0.830258302583026,5.036900369003691,1.439114391143912,0.1107011070110701,0.1107011070110701,0.0,0.0,0.0,0.0,0.0,0.0,0.0,0.0,7.485512866790586,37.93711515,-87.8891035,12,12,127842,B
0.7985517528081375,2.372528041986803,2.523865608750007,68.53837098338526,1.0254784598777962,3.1233595800524934,0.0,0.6194225721784777,0.1428571428571428,0.0,0.0,0.0,0.1428571428571429,0.0,0.0,1.0000000000000002,1.5714285714285716,2.0000000000000004,2.7142857142857144,1.4285714285714266,2.0000000000000004,1.8571428571428577,2.285714285714286,1.1428571428571432,1.142857142857143,2.714285714285715,8.000000000000002,1.8571428571428577,0.0,0.0,0.0,0.0,0.0,0.0,0.0,0.0,0.0,0.0,0.0,0.0,0.0,0.0,0.0,0.0,0.0,0.0,0.0,0.1428571428571429,0.1428571428571429,0.0,0.0,0.0,0.0,0.0,0.0,0.0,0.0,0.0,0.0,0.0,0.0,0.0,0.0,0.0,0.0,0.0,0.0,0.0,0.0,0.0,0.0,0.0,0.1428571428571429,0.0,0.0,0.2857142857142858,0.5714285714285716,0.7142857142857144,0.4285714285714286,0.2857142857142853,0.4285714285714286,0.8571428571428573,1.2857142857142858,0.5714285714285716,0.7142857142857144,2.0000000000000004,7.571428571428574,1.8571428571428577,0.0,0.0,0.0,0.0,0.0,0.0,0.0,0.0,0.0,0.0,0.0,0.0,0.0,0.0,0.0,0.0,0.0,0.4285714285714286,0.4285714285714286,0.7142857142857145,0.8571428571428573,0.857142857142856,1.0000000000000002,0.7142857142857145,0.8571428571428573,0.5714285714285716,0.2857142857142858,0.7142857142857145,0.4285714285714286,0.0,0.0,0.0,0.0,0.0,0.0,0.0,0.0,0.0,0.0,0.0,12,9901688.462912258,2.6800981314647943,2.409899240155821,210,0.1428571428571428,0.0,0.0,0.0,0.1428571428571429,0.0,0.0,1.0000000000000002,1.5714285714285716,2.0000000000000004,2.714285714285715,1.4285714285714264,2.0000000000000004,1.8571428571428577,2.2857142857142865,1.1428571428571432,1.1428571428571432,2.714285714285715,8.000000000000002,1.8571428571428577,0.0,0.0,0.0,0.0,0.0,0.0,0.0,0.0,0.0,0.0,3.2497169913031128,40.3727425,-85.2058745,12,13,127854,B
0.355499750474004,3.150571388046114,3.2108038937494383,91.22034607677168,1.1497296802230432,2.860635696821516,0.0,0.6063569682151589,0.0,0.0,0.3749999999999999,0.5625000000000002,1.3125000000000002,1.3124999999999991,1.5,2.2500000000000004,0.7500000000000002,0.9375,1.6875000000000004,0.7499999999999989,2.250000000000001,2.812500000000001,5.062500000000001,4.312500000000001,1.5000000000000004,1.125,1.3125000000000002,0.1875,0.0,0.0,0.0,0.0,0.0,0.0,0.0,0.0,0.0,0.0,0.0,0.0,0.0,0.1875,0.5625000000000001,0.7499999999999996,0.5625000000000001,0.3750000000000001,0.1875,0.0,0.3750000000000001,0.0,0.3750000000000001,0.0,0.7500000000000002,0.1875,0.3750000000000001,0.1875,0.0,0.0,0.0,0.0,0.0,0.0,0.0,0.0,0.0,0.0,0.0,0.0,0.0,0.0,0.3749999999999999,0.0,0.7500000000000001,0.5624999999999997,0.5625,1.5000000000000002,0.0,0.9375,0.5625,0.1874999999999997,0.1875,0.5625,0.0,0.9375,0.1875,0.5625,0.9375,0.1875,0.0,0.0,0.0,0.0,0.0,0.0,0.0,0.0,0.0,0.0,0.0,0.0,0.0,0.3750000000000001,0.0,0.0,0.3750000000000001,0.1875,0.3750000000000001,0.0,0.7500000000000002,0.5624999999999992,0.7500000000000002,0.7500000000000002,3.187500000000001,2.8125000000000004,0.5625000000000001,0.0,0.1875,0.0,0.0,0.0,0.0,0.0,0.0,0.0,0.0,0.0,0.0,0.0,12,13064852.384195052,2.665525486409664,3.153410065492615,160,0.0,0.0,0.3749999999999999,0.5625000000000001,1.3125000000000004,1.3124999999999991,1.5000000000000004,2.2500000000000004,0.7500000000000002,0.9375000000000002,1.6875000000000004,0.7499999999999989,2.2500000000000004,2.812500000000001,5.062500000000002,4.312500000000001,1.5000000000000004,1.1250000000000002,1.3125000000000004,0.1875,0.0,0.0,0.0,0.0,0.0,0.0,0.0,0.0,0.0,0.0,4.087788030683922,38.9531676,-84.85255620000001,12,13,127871,B
0.7080591587335803,2.573613472511024,2.948387629805953,136.32575694490006,1.0856790946080588,2.5933333333333333,0.0,0.6566666666666666,1.5584415584415583,0.3896103896103896,0.7792207792207791,0.7792207792207795,0.3896103896103897,0.3896103896103894,1.1688311688311692,0.0,3.506493506493507,1.558441558441559,0.7792207792207795,3.506493506493501,1.9480519480519487,2.337662337662338,1.5584415584415587,3.116883116883117,1.9480519480519485,1.5584415584415587,1.558441558441559,1.1688311688311692,0.0,0.0,0.0,0.0,0.0,0.0,0.0,0.0,0.0,0.0,0.3896103896103896,0.0,0.0,0.0,0.3896103896103897,0.0,0.0,0.0,1.168831168831169,0.3896103896103897,0.0,0.0,0.0,0.0,0.0,0.0,0.0,0.0,0.0,0.0,0.0,0.0,0.0,0.0,0.0,0.0,0.0,0.0,0.0,0.0,0.3896103896103896,0.0,0.3896103896103896,0.0,0.0,0.0,0.7792207792207795,0.0,1.9480519480519485,0.3896103896103897,0.3896103896103897,0.7792207792207781,0.7792207792207795,0.3896103896103897,1.168831168831169,1.168831168831169,1.168831168831169,0.3896103896103897,0.7792207792207795,0.3896103896103897,0.0,0.0,0.0,0.0,0.0,0.0,0.0,0.0,0.0,0.0,0.3896103896103896,0.3896103896103896,0.3896103896103896,0.3896103896103897,0.0,0.3896103896103894,0.3896103896103897,0.0,0.3896103896103897,0.3896103896103897,0.3896103896103897,0.7792207792207781,0.3896103896103897,1.5584415584415587,0.3896103896103897,1.168831168831169,0.7792207792207794,0.7792207792207794,0.7792207792207794,0.3896103896103897,0.0,0.0,0.0,0.0,0.0,0.0,0.0,0.0,0.0,0.0,12,13605435.44752471,3.2629809597572312,3.649725724519696,77,1.5584415584415583,0.3896103896103896,0.779220779220779,0.7792207792207794,0.3896103896103897,0.3896103896103894,1.168831168831169,0.0,3.5064935064935074,1.5584415584415587,0.7792207792207794,3.506493506493501,1.9480519480519485,2.337662337662338,1.5584415584415587,3.116883116883117,1.9480519480519485,1.5584415584415587,1.5584415584415587,1.168831168831169,0.0,0.0,0.0,0.0,0.0,0.0,0.0,0.0,0.0,0.0,7.554499732240225,41.5090989,-90.7680942,12,13,128545,B
0.5821542593851736,2.8068089292516825,2.831954507611957,78.74112142723544,1.1118527254384447,2.610752688172043,0.0,0.7225806451612903,0.234375,0.46875,0.4687499999999999,1.8750000000000004,2.1093750000000004,2.5781249999999982,1.1718750000000002,2.8125000000000004,1.8750000000000004,1.8750000000000004,3.0468750000000004,1.6406249999999976,1.6406250000000002,2.1093750000000004,1.1718750000000004,1.1718750000000002,1.8750000000000004,0.7031250000000002,0.7031250000000002,0.0,0.234375,0.0,0.234375,0.0,0.0,0.0,0.0,0.0,0.0,0.0,0.0,0.46875,0.0,1.1718750000000002,1.1718750000000002,1.6406249999999991,0.4687500000000001,1.1718750000000002,0.4687500000000001,0.4687500000000001,0.4687500000000001,0.0,0.234375,1.1718750000000002,0.234375,0.234375,0.234375,0.234375,0.0,0.0,0.0,0.0,0.234375,0.0,0.0,0.0,0.0,0.0,0.0,0.0,0.0,0.0,0.4687499999999999,0.4687500000000001,0.234375,0.9374999999999992,0.7031250000000001,1.6406250000000002,0.9375000000000002,1.1718750000000002,1.8750000000000004,0.2343749999999996,1.1718750000000002,0.234375,0.0,0.4687500000000001,0.7031250000000001,0.234375,0.4687500000000001,0.0,0.234375,0.0,0.0,0.0,0.0,0.0,0.0,0.0,0.0,0.0,0.0,0.0,0.0,0.234375,0.7031250000000001,0.0,0.0,0.0,0.234375,0.234375,0.7031250000000001,0.9374999999999988,0.234375,0.7031250000000001,0.4687500000000001,0.0,0.7031250000000001,0.0,0.0,0.0,0.0,0.0,0.0,0.0,0.0,0.0,0.0,0.0,0.0,0.0,12,3078119.5424388777,3.392673076185398,4.122022401287802,128,0.234375,0.46875,0.4687499999999999,1.8750000000000004,2.1093750000000004,2.5781249999999982,1.1718750000000002,2.8125000000000004,1.8750000000000004,1.8750000000000004,3.046875000000001,1.6406249999999976,1.6406250000000004,2.1093750000000004,1.1718750000000002,1.1718750000000002,1.8750000000000004,0.7031250000000001,0.7031250000000001,0.0,0.234375,0.0,0.234375,0.0,0.0,0.0,0.0,0.0,0.0,0.0,6.700477146881167,42.4467539,-90.84606005,12,12,128821,B
0.8214200938841505,2.314846573308271,2.1926232306328264,87.64324605361855,1.0458910631419964,2.937238493723849,0.0,0.5711297071129707,0.2843601895734597,0.0,0.0,0.4265402843601897,0.8530805687203793,0.8530805687203785,0.9952606635071092,0.8530805687203794,2.5592417061611377,2.417061611374408,1.7061611374407586,3.2701421800947816,2.8436018957345977,3.270142180094787,2.559241706161138,2.559241706161138,1.2796208530805688,1.2796208530805688,1.4218009478672988,0.4265402843601897,0.1421800947867299,0.0,0.0,0.0,0.0,0.0,0.0,0.0,0.0,0.0,0.0,0.0,0.0,0.2843601895734598,0.1421800947867299,0.1421800947867297,0.4265402843601896,0.2843601895734598,0.4265402843601896,0.2843601895734598,0.2843601895734598,0.0,0.0,0.1421800947867299,0.1421800947867299,0.0,0.0,0.0,0.0,0.1421800947867299,0.0,0.0,0.0,0.0,0.0,0.0,0.0,0.0,0.0,0.0,0.0,0.0,0.0,0.1421800947867298,0.2843601895734597,0.2843601895734595,0.4265402843601896,0.1421800947867298,0.5687203791469195,1.2796208530805688,0.1421800947867298,1.5639810426540262,0.8530805687203792,1.137440758293839,1.2796208530805688,0.2843601895734597,0.5687203791469195,0.0,0.0,0.0,0.0,0.0,0.0,0.0,0.0,0.0,0.0,0.0,0.0,0.0,0.0,0.0,0.0,0.0,0.0,0.0,0.0,0.0,0.8530805687203792,0.2843601895734598,0.5687203791469196,0.7109004739336482,1.1374407582938393,1.7061611374407584,0.5687203791469196,1.8483412322274888,0.5687203791469196,0.8530805687203792,1.4218009478672988,0.1421800947867299,0.1421800947867299,0.0,0.0,0.0,0.0,0.0,0.0,0.0,0.0,0.0,12,30075010.110577453,3.045403294460848,2.4446270541462582,211,0.2843601895734597,0.0,0.0,0.4265402843601896,0.8530805687203793,0.8530805687203786,0.9952606635071092,0.8530805687203793,2.559241706161138,2.4170616113744083,1.7061611374407586,3.270142180094782,2.8436018957345977,3.2701421800947874,2.559241706161138,2.559241706161138,1.279620853080569,1.279620853080569,1.4218009478672988,0.4265402843601896,0.1421800947867298,0.0,0.0,0.0,0.0,0.0,0.0,0.0,0.0,0.0,4.380902379301164,38.577119,-97.6714296,12,13,129709,B
0.7232619999178307,2.542277532839317,2.698509270528956,90.48296960469553,1.089492568746436,2.659270998415214,0.0,0.6164817749603804,0.3260869565217391,0.0,0.6521739130434782,0.6521739130434784,1.1413043478260871,0.9782608695652169,2.1195652173913047,0.9782608695652176,2.608695652173914,1.7934782608695654,1.304347826086957,0.978260869565216,3.5869565217391317,2.445652173913044,1.7934782608695654,2.608695652173914,2.608695652173914,1.956521739130435,1.4673913043478266,0.0,0.0,0.0,0.0,0.0,0.0,0.0,0.0,0.0,0.0,0.0,0.0,0.0,0.3260869565217391,0.4891304347826087,0.4891304347826087,0.4891304347826084,0.815217391304348,0.4891304347826087,1.1413043478260874,0.1630434782608696,0.0,0.3260869565217387,0.1630434782608696,0.1630434782608696,0.3260869565217392,0.1630434782608696,0.1630434782608696,0.0,0.0,0.0,0.0,0.0,0.0,0.0,0.0,0.0,0.0,0.0,0.0,0.0,0.0,0.0,0.1630434782608695,0.1630434782608696,0.4891304347826088,0.3260869565217389,0.4891304347826088,0.4891304347826088,0.9782608695652176,0.6521739130434784,0.4891304347826088,0.1630434782608693,1.3043478260869568,0.6521739130434784,0.3260869565217392,0.9782608695652176,0.8152173913043481,0.3260869565217392,0.3260869565217392,0.0,0.0,0.0,0.0,0.0,0.0,0.0,0.0,0.0,0.0,0.0,0.0,0.0,0.1630434782608695,0.0,0.0,0.1630434782608694,0.4891304347826087,0.0,0.3260869565217392,0.9782608695652176,0.6521739130434785,0.489130434782608,1.4673913043478264,0.6521739130434785,0.9782608695652176,1.1413043478260874,1.304347826086957,0.9782608695652176,1.1413043478260874,0.0,0.0,0.0,0.0,0.0,0.0,0.0,0.0,0.0,0.0,0.0,12,12928519.003793262,3.400356660672464,4.337436762521509,184,0.3260869565217391,0.0,0.6521739130434782,0.6521739130434784,1.1413043478260874,0.9782608695652169,2.119565217391305,0.9782608695652176,2.608695652173913,1.7934782608695656,1.3043478260869568,0.978260869565216,3.5869565217391317,2.445652173913044,1.7934782608695656,2.608695652173913,2.608695652173913,1.956521739130435,1.4673913043478264,0.0,0.0,0.0,0.0,0.0,0.0,0.0,0.0,0.0,0.0,0.0,8.146751493375046,39.1097205,-95.08227315,12,12,130252,B
0.1561848259903253,3.405069895753051,3.4103736321653626,74.1875925322746,1.1161822104093897,2.5344202898550723,0.0,0.6630434782608695,0.7377049180327869,0.2459016393442623,1.10655737704918,0.9836065573770494,1.7213114754098364,0.8606557377049175,2.2131147540983616,1.7213114754098364,2.336065573770492,2.8278688524590168,1.9672131147540988,1.9672131147540952,1.7213114754098366,2.704918032786886,1.475409836065574,1.475409836065574,1.1065573770491806,0.737704918032787,1.475409836065574,0.2459016393442623,0.2459016393442623,0.1229508196721311,0.0,0.0,0.0,0.0,0.0,0.0,0.0,0.0,0.2459016393442623,0.2459016393442623,0.9836065573770488,0.737704918032787,1.1065573770491806,0.4918032786885243,0.8606557377049182,0.4918032786885247,0.6147540983606559,1.1065573770491806,0.6147540983606559,0.6147540983606548,0.1229508196721311,1.1065573770491806,0.2459016393442623,0.2459016393442623,0.1229508196721311,0.0,0.3688524590163935,0.0,0.1229508196721311,0.0,0.0,0.0,0.0,0.0,0.0,0.0,0.0,0.0,0.0,0.0,0.1229508196721311,0.2459016393442623,0.1229508196721311,0.2459016393442621,0.737704918032787,1.1065573770491806,0.9836065573770494,1.2295081967213115,0.6147540983606559,0.7377049180327858,0.8606557377049183,0.3688524590163935,0.6147540983606559,0.2459016393442623,0.6147540983606559,0.4918032786885247,0.737704918032787,0.1229508196721311,0.0,0.1229508196721311,0.0,0.0,0.0,0.0,0.0,0.0,0.0,0.0,0.0,0.0,0.0,0.0,0.0,0.0,0.3688524590163935,0.1229508196721311,0.4918032786885247,0.2459016393442623,0.4918032786885247,0.3688524590163929,0.6147540983606559,1.2295081967213115,0.6147540983606559,0.9836065573770496,0.3688524590163935,0.2459016393442623,0.3688524590163935,0.1229508196721311,0.1229508196721311,0.0,0.0,0.0,0.0,0.0,0.0,0.0,0.0,0.0,12,5743412.968329361,4.284025961140171,3.5319620114229617,244,0.7377049180327869,0.2459016393442623,1.10655737704918,0.9836065573770494,1.7213114754098364,0.8606557377049174,2.213114754098361,1.7213114754098364,2.336065573770492,2.8278688524590168,1.9672131147540988,1.967213114754096,1.7213114754098364,2.704918032786886,1.475409836065574,1.475409836065574,1.1065573770491806,0.737704918032787,1.475409836065574,0.2459016393442623,0.2459016393442623,0.1229508196721311,0.0,0.0,0.0,0.0,0.0,0.0,0.0,0.0,8.25663809502093,39.04615735,-84.55998595,12,13,130331,B
0.1197109535475763,3.4482453691006643,3.433530515122931,88.07121948048113,1.100368488401408,2.4283360790774298,0.0,0.6095551894563427,1.4285714285714284,0.8571428571428571,0.2857142857142856,0.8571428571428573,0.8571428571428574,1.714285714285713,1.7142857142857146,2.000000000000001,1.7142857142857146,3.1428571428571432,1.428571428571429,2.2857142857142825,1.1428571428571432,1.7142857142857144,1.1428571428571432,2.571428571428572,1.7142857142857146,1.7142857142857144,1.142857142857143,0.5714285714285715,0.0,0.0,0.0,0.0,0.0,0.0,0.0,0.0,0.0,0.0,0.0,0.0,0.0,0.2857142857142858,0.2857142857142858,0.8571428571428565,0.8571428571428573,0.2857142857142858,0.5714285714285716,1.7142857142857146,0.2857142857142858,0.0,0.2857142857142858,0.0,0.2857142857142858,0.0,0.2857142857142858,0.2857142857142858,0.0,0.0,0.0,0.0,0.0,0.0,0.0,0.0,0.0,0.0,0.0,0.0,0.5714285714285714,0.8571428571428571,0.0,0.0,0.2857142857142857,0.8571428571428567,0.0,0.0,0.2857142857142857,1.142857142857143,0.5714285714285715,1.1428571428571412,0.0,0.5714285714285715,0.0,0.5714285714285715,0.5714285714285715,0.8571428571428572,1.142857142857143,0.0,0.0,0.0,0.0,0.0,0.0,0.0,0.0,0.0,0.0,0.0,0.0,0.0,0.2857142857142856,0.5714285714285715,0.2857142857142857,0.0,0.5714285714285715,1.428571428571429,0.5714285714285715,0.2857142857142857,0.2857142857142857,0.857142857142856,0.8571428571428573,0.2857142857142857,0.5714285714285715,1.7142857142857146,0.5714285714285715,0.5714285714285715,0.0,0.5714285714285715,0.0,0.0,0.0,0.0,0.0,0.0,0.0,0.0,0.0,0.0,12,3588600.504196644,4.389486611814238,2.4315901433769613,105,1.4285714285714286,0.8571428571428571,0.2857142857142856,0.8571428571428573,0.8571428571428573,1.7142857142857133,1.7142857142857146,2.0000000000000004,1.7142857142857146,3.1428571428571432,1.4285714285714288,2.2857142857142825,1.1428571428571432,1.7142857142857146,1.1428571428571432,2.571428571428572,1.7142857142857146,1.7142857142857146,1.1428571428571432,0.5714285714285716,0.0,0.0,0.0,0.0,0.0,0.0,0.0,0.0,0.0,0.0,6.8076813040237205,38.9964305,-84.60132,12,13,130335,B
0.1338588616558974,3.4316061527411823,3.4158886462336917,95.4306788548965,1.08240485354508,2.664310954063604,0.0,0.6855123674911661,0.3571428571428571,0.0,0.0,0.7142857142857144,0.0,1.0714285714285707,1.0714285714285716,2.1428571428571432,3.928571428571429,2.1428571428571432,3.214285714285715,2.4999999999999964,2.857142857142857,2.1428571428571432,1.0714285714285716,2.8571428571428577,2.1428571428571432,1.0714285714285716,0.7142857142857144,0.0,0.0,0.0,0.0,0.0,0.0,0.0,0.0,0.0,0.0,0.0,0.3571428571428571,0.0,0.0,0.0,0.0,0.3571428571428569,0.7142857142857144,0.0,0.3571428571428572,0.3571428571428572,0.0,0.3571428571428566,0.3571428571428572,0.0,0.0,0.0,0.0,0.0,0.0,0.0,0.0,0.0,0.0,0.0,0.0,0.0,0.0,0.0,0.0,0.0,0.0,0.0,0.0,0.3571428571428572,0.0,0.3571428571428569,0.3571428571428572,1.0714285714285716,1.7857142857142858,0.3571428571428572,1.4285714285714288,1.4285714285714264,1.0714285714285716,0.7142857142857144,0.7142857142857144,1.4285714285714288,1.0714285714285716,1.0714285714285716,0.0,0.0,0.0,0.0,0.0,0.0,0.0,0.0,0.0,0.0,0.0,0.0,0.0,0.0,0.0,0.3571428571428572,0.0,0.3571428571428569,0.0,0.7142857142857144,0.7142857142857144,1.4285714285714288,1.4285714285714288,0.7142857142857133,1.0714285714285714,1.4285714285714288,0.3571428571428572,1.4285714285714288,1.0714285714285714,0.0,0.7142857142857144,0.0,0.0,0.0,0.0,0.0,0.0,0.0,0.0,0.0,0.0,0.0,12,1892373.991971602,4.076773111387156,2.276478894766362,84,0.3571428571428571,0.0,0.0,0.7142857142857144,0.0,1.0714285714285707,1.0714285714285716,2.1428571428571432,3.928571428571429,2.1428571428571432,3.214285714285715,2.4999999999999964,2.8571428571428577,2.1428571428571432,1.0714285714285716,2.8571428571428577,2.1428571428571432,1.0714285714285716,0.7142857142857144,0.0,0.0,0.0,0.0,0.0,0.0,0.0,0.0,0.0,0.0,0.0,3.981054149238172,37.6996805,-83.968264,12,13,130449,B
0.7016257938879837,2.586627610071165,2.643151764055606,111.6121550669798,1.0536311095403148,2.93040293040293,0.0,0.663003663003663,0.0,0.2479338842975206,0.0,0.0,0.0,0.7438016528925615,2.231404958677686,1.7355371900826448,1.2396694214876034,1.2396694214876036,1.9834710743801656,0.743801652892561,2.2314049586776865,2.975206611570248,2.231404958677686,2.479338842975207,2.7272727272727275,2.4793388429752072,3.4710743801652897,1.2396694214876034,0.0,0.0,0.0,0.0,0.0,0.0,0.0,0.0,0.0,0.0,0.0,0.2479338842975206,0.0,0.0,0.0,0.495867768595041,0.0,0.0,0.0,0.2479338842975207,0.4958677685950414,0.0,0.0,0.0,0.0,0.0,0.0,0.0,0.0,0.0,0.0,0.0,0.0,0.0,0.0,0.0,0.0,0.0,0.0,0.0,0.0,0.0,0.0,0.0,0.0,0.2479338842975205,1.9834710743801656,0.7438016528925621,0.4958677685950414,0.0,0.2479338842975207,0.0,0.4958677685950414,0.7438016528925621,0.4958677685950414,0.7438016528925621,0.4958677685950414,0.0,0.7438016528925621,0.2479338842975207,0.0,0.0,0.0,0.0,0.0,0.0,0.0,0.0,0.0,0.0,0.0,0.0,0.0,0.0,0.0,0.0,0.2479338842975207,0.7438016528925621,0.0,0.0,0.7438016528925621,0.4958677685950406,0.4958677685950414,1.2396694214876034,1.487603305785124,1.487603305785124,1.9834710743801656,2.2314049586776865,2.7272727272727275,0.7438016528925621,0.0,0.0,0.0,0.0,0.0,0.0,0.0,0.0,0.0,0.0,12,9267454.023529936,2.4858313390635884,5.049720946385933,121,0.0,0.2479338842975206,0.0,0.0,0.0,0.7438016528925615,2.2314049586776865,1.735537190082645,1.2396694214876036,1.2396694214876036,1.9834710743801656,0.743801652892561,2.2314049586776865,2.975206611570248,2.2314049586776865,2.4793388429752072,2.727272727272728,2.4793388429752072,3.47107438016529,1.2396694214876036,0.0,0.0,0.0,0.0,0.0,0.0,0.0,0.0,0.0,0.0,5.576253925509422,37.685241,-87.90408149999999,12,12,130464,B
0.222812735101706,3.3237177872243677,3.3867194690327262,50.95721792640664,1.119332466913394,2.6666666666666665,0.0,0.7174603174603175,0.6896551724137931,0.3448275862068966,0.1724137931034482,0.6896551724137933,0.8620689655172415,1.7241379310344815,1.724137931034483,2.931034482758621,2.5862068965517246,2.931034482758621,2.931034482758621,1.2068965517241363,1.8965517241379315,1.724137931034483,2.0689655172413794,1.3793103448275863,1.8965517241379315,0.8620689655172415,1.3793103448275863,0.0,0.0,0.0,0.0,0.0,0.0,0.0,0.0,0.0,0.0,0.0,0.1724137931034483,0.1724137931034483,0.1724137931034482,0.6896551724137933,0.6896551724137933,1.206896551724137,1.3793103448275863,1.0344827586206895,1.0344827586206895,0.6896551724137933,0.6896551724137933,0.3448275862068961,0.5172413793103449,0.6896551724137933,0.5172413793103449,0.5172413793103449,0.0,0.3448275862068966,0.3448275862068966,0.0,0.0,0.0,0.0,0.0,0.0,0.0,0.0,0.0,0.0,0.0,0.0,0.0,0.0,0.0,0.1724137931034483,0.3448275862068963,0.0,1.8965517241379315,1.551724137931035,1.2068965517241383,1.3793103448275863,0.5172413793103441,0.8620689655172415,0.6896551724137933,0.8620689655172415,0.3448275862068966,1.2068965517241383,0.1724137931034483,0.8620689655172415,0.0,0.0,0.0,0.0,0.0,0.0,0.0,0.0,0.0,0.0,0.0,0.0,0.0,0.0,0.0,0.0,0.1724137931034482,0.1724137931034483,0.0,0.0,0.6896551724137933,0.8620689655172415,0.3448275862068961,0.517241379310345,0.1724137931034483,0.6896551724137933,0.3448275862068966,0.6896551724137933,0.3448275862068966,0.1724137931034483,0.0,0.0,0.0,0.0,0.0,0.0,0.0,0.0,0.0,0.0,0.0,12,1865245.6202546752,3.6856862239697943,3.532241984384484,174,0.6896551724137931,0.3448275862068966,0.1724137931034482,0.6896551724137933,0.8620689655172415,1.7241379310344818,1.724137931034483,2.931034482758621,2.5862068965517246,2.931034482758621,2.931034482758621,1.206896551724136,1.8965517241379315,1.724137931034483,2.0689655172413794,1.3793103448275863,1.8965517241379315,0.8620689655172415,1.3793103448275863,0.0,0.0,0.0,0.0,0.0,0.0,0.0,0.0,0.0,0.0,0.0,3.938447954222977,39.0567785,-84.58025615,12,13,130600,B
0.0457629027123784,3.5331176216882825,3.5360023211704315,98.46810927523104,1.0930219955839386,2.5202020202020203,0.0,0.6313131313131313,0.3409090909090909,2.386363636363636,0.6818181818181817,1.022727272727273,1.022727272727273,2.7272727272727257,0.681818181818182,2.7272727272727275,1.363636363636364,3.4090909090909096,3.4090909090909096,1.704545454545452,2.045454545454546,2.3863636363636367,0.6818181818181819,2.045454545454546,0.340909090909091,0.6818181818181819,0.340909090909091,0.0,0.0,0.0,0.0,0.0,0.0,0.0,0.0,0.0,0.0,0.0,0.3409090909090909,1.0227272727272727,0.0,0.3409090909090909,0.3409090909090909,0.6818181818181814,0.0,0.3409090909090909,0.6818181818181819,0.6818181818181819,0.6818181818181819,1.0227272727272712,0.3409090909090909,0.6818181818181819,0.3409090909090909,0.3409090909090909,0.0,0.3409090909090909,0.0,0.0,0.0,0.0,0.0,0.0,0.0,0.0,0.0,0.0,0.0,0.0,0.0,1.0227272727272727,0.3409090909090908,0.681818181818182,0.681818181818182,1.7045454545454537,0.340909090909091,1.022727272727273,0.340909090909091,1.363636363636364,1.704545454545455,0.6818181818181809,1.363636363636364,0.340909090909091,0.0,0.0,0.340909090909091,0.0,0.340909090909091,0.0,0.0,0.0,0.0,0.0,0.0,0.0,0.0,0.0,0.0,0.0,0.0,0.3409090909090909,0.0,0.0,0.0,0.3409090909090907,0.340909090909091,1.363636363636364,0.340909090909091,0.340909090909091,0.681818181818182,0.0,0.340909090909091,0.681818181818182,0.0,1.022727272727273,0.0,0.340909090909091,0.0,0.0,0.0,0.0,0.0,0.0,0.0,0.0,0.0,0.0,0.0,0.0,12,3588131.956295174,4.374810208478011,2.525969551988616,88,0.3409090909090909,2.386363636363636,0.6818181818181817,1.022727272727273,1.022727272727273,2.7272727272727257,0.681818181818182,2.727272727272728,1.363636363636364,3.4090909090909096,3.4090909090909096,1.704545454545452,2.045454545454546,2.386363636363637,0.681818181818182,2.045454545454546,0.340909090909091,0.681818181818182,0.340909090909091,0.0,0.0,0.0,0.0,0.0,0.0,0.0,0.0,0.0,0.0,0.0,6.880225565329473,37.147593,-83.7683735,12,13,130727,B
0.0389783558340905,3.540737016756551,3.5014185873695483,90.59823846722789,1.0990013574212685,2.5814696485623,0.0,0.6789137380191693,0.1851851851851851,1.851851851851852,0.3703703703703702,0.1851851851851852,1.481481481481482,1.4814814814814807,1.851851851851852,2.407407407407408,4.074074074074074,2.037037037037037,1.666666666666667,2.407407407407404,2.592592592592593,1.2962962962962967,1.1111111111111114,0.7407407407407409,1.6666666666666672,1.2962962962962967,0.9259259259259262,0.0,0.3703703703703704,0.0,0.0,0.0,0.0,0.0,0.0,0.0,0.0,0.0,0.0,0.5555555555555556,0.1851851851851851,0.0,0.9259259259259262,0.185185185185185,0.5555555555555556,0.1851851851851852,0.3703703703703704,0.1851851851851852,0.7407407407407408,0.5555555555555547,0.3703703703703704,0.0,0.0,0.1851851851851852,0.1851851851851852,0.0,0.0,0.0,0.0,0.0,0.0,0.0,0.0,0.0,0.0,0.0,0.0,0.0,0.0,1.1111111111111112,0.1851851851851851,0.1851851851851852,0.3703703703703704,0.9259259259259256,0.7407407407407409,0.3703703703703704,2.2222222222222228,0.925925925925926,0.3703703703703704,0.5555555555555547,0.925925925925926,0.5555555555555557,0.7407407407407409,0.3703703703703704,1.2962962962962967,0.5555555555555557,0.3703703703703704,0.0,0.3703703703703704,0.0,0.0,0.0,0.0,0.0,0.0,0.0,0.0,0.0,0.0,0.0,0.0,0.0,0.1851851851851852,0.3703703703703702,0.3703703703703705,1.2962962962962967,0.740740740740741,0.5555555555555557,0.5555555555555557,0.7407407407407397,1.2962962962962967,0.3703703703703705,0.3703703703703705,0.0,0.1851851851851852,0.740740740740741,0.5555555555555557,0.0,0.0,0.0,0.0,0.0,0.0,0.0,0.0,0.0,0.0,0.0,12,8783444.427124795,4.631517143565231,5.522409554810729,162,0.1851851851851851,1.851851851851852,0.3703703703703703,0.1851851851851852,1.4814814814814818,1.4814814814814803,1.8518518518518523,2.4074074074074083,4.074074074074074,2.037037037037037,1.666666666666667,2.407407407407404,2.592592592592593,1.2962962962962967,1.1111111111111114,0.7407407407407409,1.666666666666667,1.2962962962962967,0.9259259259259262,0.0,0.3703703703703704,0.0,0.0,0.0,0.0,0.0,0.0,0.0,0.0,0.0,9.217172542743354,36.8634785,-83.8741895,12,12,130728,B
0.8964952244156821,2.0931440347072576,2.220263566454685,99.20790554843906,1.0694292518269697,2.77536231884058,0.0,0.6612318840579711,0.6122448979591837,0.0,0.1530612244897959,0.0,0.7653061224489797,1.83673469387755,0.4591836734693878,2.1428571428571432,2.448979591836735,1.0714285714285716,2.1428571428571432,2.295918367346936,2.142857142857143,1.2244897959183674,2.1428571428571432,1.3775510204081636,1.0714285714285716,1.5306122448979596,5.3571428571428585,1.2244897959183676,0.0,0.0,0.0,0.0,0.0,0.0,0.0,0.0,0.0,0.0,0.0,0.0,0.0,0.0,0.4591836734693878,0.7653061224489791,0.3061224489795919,0.6122448979591838,0.1530612244897959,0.6122448979591838,0.3061224489795919,0.3061224489795914,0.7653061224489796,0.1530612244897959,0.3061224489795919,0.1530612244897959,0.1530612244897959,0.4591836734693878,0.1530612244897959,0.0,0.0,0.0,0.0,0.0,0.0,0.0,0.0,0.0,0.0,0.0,0.0,0.0,0.1530612244897959,0.0,0.3061224489795919,0.918367346938775,0.1530612244897959,0.9183673469387756,1.5306122448979596,0.4591836734693878,0.7653061224489798,0.4591836734693871,0.3061224489795919,0.3061224489795919,0.3061224489795919,0.4591836734693878,0.3061224489795919,0.1530612244897959,0.1530612244897959,0.0,0.0,0.0,0.0,0.0,0.0,0.0,0.0,0.0,0.0,0.0,0.0,0.0,0.0,0.0,0.0,0.0,0.0,0.0,0.1530612244897959,0.0,0.4591836734693879,0.9183673469387744,0.6122448979591838,0.3061224489795919,1.0714285714285718,0.3061224489795919,0.4591836734693879,0.6122448979591838,5.051020408163267,1.2244897959183676,0.0,0.0,0.0,0.0,0.0,0.0,0.0,0.0,0.0,0.0,12,25886513.093875147,4.328733443021308,3.7993106242323993,196,0.6122448979591837,0.0,0.1530612244897959,0.0,0.7653061224489798,1.83673469387755,0.4591836734693878,2.1428571428571432,2.448979591836735,1.0714285714285716,2.1428571428571432,2.2959183673469354,2.1428571428571432,1.2244897959183676,2.1428571428571432,1.3775510204081636,1.0714285714285716,1.5306122448979596,5.3571428571428585,1.2244897959183676,0.0,0.0,0.0,0.0,0.0,0.0,0.0,0.0,0.0,0.0,10.104386940899216,30.7347135,-90.5145445,12,13,132172,B
0.3409023078654364,3.1704426039050047,3.318692422915184,70.02285814292823,1.125298782396887,2.783433133732535,0.0,0.7415169660678643,0.4023845007451564,0.2682563338301043,0.6259314456035766,1.1624441132637855,1.8777943368107308,1.922503725782413,2.5931445603576755,3.487332339791357,3.3084947839046204,2.86140089418778,1.6989567809239945,1.8777943368107275,1.6542473919523104,1.1177347242921016,1.251862891207154,0.8494783904619971,1.2071535022354698,0.7600596125186291,0.9388971684053652,0.0894187779433681,0.0,0.0,0.0,0.0,0.0,0.044709388971684,0.0,0.0,0.0,0.0,0.0894187779433681,0.1341281669150521,0.1788375558867361,0.5365126676602087,0.7600596125186291,0.8047690014903125,0.715350223546945,0.9388971684053652,0.6706408345752609,0.7600596125186291,0.4023845007451566,0.3576751117734719,0.1788375558867362,0.1341281669150521,0.1788375558867362,0.2682563338301043,0.2235469448584203,0.0,0.2235469448584203,0.0,0.0,0.0,0.0,0.0,0.0,0.0,0.0,0.0,0.0,0.0,0.0,0.0894187779433681,0.3576751117734723,0.4918032786885247,0.9836065573770494,0.7153502235469444,1.5648286140089422,1.8330849478390463,1.7436661698956784,1.2071535022354698,0.8494783904619971,0.7600596125186279,0.4918032786885247,0.3576751117734725,0.6259314456035769,0.1788375558867362,0.6259314456035769,0.4918032786885247,0.2682563338301044,0.0,0.0,0.0,0.0,0.0,0.0,0.044709388971684,0.0,0.0,0.0,0.0,0.0,0.0,0.0,0.0894187779433681,0.0894187779433681,0.2682563338301041,0.2235469448584203,0.3576751117734725,0.6706408345752609,0.3129657228017884,0.1788375558867362,0.4918032786885239,0.8047690014903132,0.4470938897168406,0.3576751117734725,0.3576751117734725,0.3576751117734725,0.2682563338301044,0.4023845007451566,0.0894187779433681,0.0,0.0,0.0,0.0,0.0,0.0,0.0,0.0,0.0,0.0,12,44709901.81180514,4.570009059418458,3.855453504789737,671,0.4023845007451564,0.2682563338301043,0.6259314456035767,1.1624441132637855,1.8777943368107304,1.9225037257824131,2.593144560357676,3.4873323397913567,3.308494783904621,2.86140089418778,1.6989567809239945,1.8777943368107275,1.6542473919523104,1.1177347242921014,1.251862891207154,0.8494783904619971,1.2071535022354698,0.7600596125186291,0.9388971684053652,0.0894187779433681,0.0,0.0,0.0,0.0,0.0,0.044709388971684,0.0,0.0,0.0,0.0,10.306004838098774,29.95272315,-90.18885595,12,13,132282,B
0.299959806361512,3.2250315341687426,3.07485710632932,106.39303100238956,1.010924341667488,2.774193548387097,0.0,0.6236559139784946,0.0,0.2752293577981651,0.2752293577981651,0.5504587155963304,1.376146788990826,0.8256880733944949,2.752293577981652,3.577981651376147,2.477064220183487,3.3027522935779823,3.5779816513761475,1.376146788990824,2.201834862385321,1.376146788990826,2.477064220183487,1.6513761467889914,0.5504587155963304,0.8256880733944956,0.5504587155963304,0.0,0.0,0.0,0.0,0.0,0.0,0.0,0.0,0.0,0.0,0.0,0.0,0.0,0.0,0.2752293577981652,0.0,0.0,0.0,0.2752293577981652,0.0,0.0,0.5504587155963304,0.0,0.0,0.0,0.0,0.0,0.0,0.0,0.0,0.0,0.0,0.0,0.0,0.0,0.0,0.0,0.0,0.0,0.0,0.0,0.0,0.2752293577981651,0.2752293577981651,0.2752293577981652,0.5504587155963304,0.275229357798165,1.1009174311926608,1.1009174311926608,0.2752293577981652,1.1009174311926608,1.1009174311926608,0.8256880733944943,0.8256880733944956,0.5504587155963304,1.376146788990826,0.2752293577981652,0.2752293577981652,0.2752293577981652,0.2752293577981652,0.0,0.0,0.0,0.0,0.0,0.0,0.0,0.0,0.0,0.0,0.0,0.0,0.0,0.0,0.0,0.8256880733944956,0.275229357798165,1.6513761467889911,1.376146788990826,0.8256880733944956,0.5504587155963304,1.6513761467889911,0.2752293577981647,0.5504587155963304,0.5504587155963304,0.2752293577981652,1.1009174311926608,0.2752293577981652,0.2752293577981652,0.2752293577981652,0.0,0.0,0.0,0.0,0.0,0.0,0.0,0.0,0.0,0.0,0.0,12,8095817.236296951,3.853460829507094,2.72330498727801,109,0.0,0.2752293577981651,0.2752293577981651,0.5504587155963304,1.376146788990826,0.8256880733944949,2.752293577981652,3.577981651376148,2.477064220183487,3.3027522935779823,3.577981651376148,1.3761467889908237,2.2018348623853217,1.376146788990826,2.477064220183487,1.6513761467889911,0.5504587155963304,0.8256880733944956,0.5504587155963304,0.0,0.0,0.0,0.0,0.0,0.0,0.0,0.0,0.0,0.0,0.0,3.927060843471004,27.3399593,62.38175745,12,13,13477977,B
0.4436286860762596,3.025494836013103,2.981683031904008,64.76887155826829,1.0858647643274393,2.993740219092332,0.0,0.6087636932707355,0.5190311418685122,1.1937716262975775,1.2456747404844288,1.7647058823529416,2.076124567474049,1.8685121107266425,2.0761245674740487,2.2318339100346023,2.2318339100346027,2.9065743944636684,2.0761245674740487,1.4013840830449806,1.349480968858132,1.7128027681660905,1.1937716262975782,1.0380622837370244,1.4532871972318342,0.7785467128027683,0.6228373702422147,0.1038062283737024,0.1038062283737024,0.0,0.0,0.051903114186851,0.0,0.0,0.0,0.0,0.0,0.0,0.0519031141868512,0.3114186851211073,0.4671280276816608,1.0380622837370246,0.8823529411764709,0.7785467128027677,1.0899653979238757,0.7785467128027683,0.674740484429066,0.674740484429066,0.7266435986159172,0.5709342560553625,0.3633217993079586,0.467128027681661,0.2076124567474049,0.2595155709342561,0.0519031141868512,0.1038062283737024,0.0519031141868512,0.0519031141868512,0.0,0.0,0.0,0.0,0.0,0.0,0.0,0.0,0.0,0.0,0.1557093425605536,0.7785467128027681,0.6228373702422144,0.3633217993079585,0.7266435986159171,0.7266435986159164,0.674740484429066,0.1557093425605536,0.3633217993079585,0.4671280276816609,0.5709342560553634,0.5190311418685113,0.3633217993079585,0.4671280276816609,0.3114186851211073,0.3633217993079585,0.1557093425605536,0.1557093425605536,0.2076124567474049,0.0,0.0519031141868512,0.0,0.0,0.051903114186851,0.0,0.0,0.0,0.0,0.0,0.0,0.0519031141868512,0.0,0.1038062283737023,0.3114186851211073,0.0519031141868512,0.2076124567474047,0.1557093425605536,0.7266435986159171,0.5190311418685122,0.4152249134948098,0.2595155709342561,0.2595155709342556,0.4152249134948098,0.467128027681661,0.4152249134948098,0.2595155709342561,0.8304498269896197,0.3114186851211073,0.2076124567474049,0.0519031141868512,0.0519031141868512,0.0,0.0,0.0,0.0,0.0,0.0,0.0,0.0,0.0,12,42956529.68532486,4.879133408335037,1.5116687221195897,578,0.5190311418685121,1.193771626297578,1.2456747404844288,1.7647058823529416,2.0761245674740487,1.8685121107266425,2.0761245674740487,2.2318339100346023,2.2318339100346023,2.9065743944636684,2.0761245674740487,1.4013840830449806,1.349480968858132,1.7128027681660905,1.1937716262975782,1.0380622837370244,1.4532871972318342,0.7785467128027683,0.6228373702422146,0.1038062283737024,0.1038062283737024,0.0,0.0,0.051903114186851,0.0,0.0,0.0,0.0,0.0,0.0,6.082508278500341,45.02808395,-93.217356,12,14,136621,B
0.3636980893312111,3.139312389744251,3.165359592187271,57.78213754467026,1.1082559534826564,2.814756671899529,0.0,0.7252747252747253,0.6896551724137931,0.3448275862068966,0.7586206896551724,1.1724137931034486,0.8275862068965519,2.482758620689654,2.5517241379310347,1.5172413793103452,2.6896551724137936,2.551724137931035,2.2068965517241383,1.7241379310344804,2.551724137931035,1.7931034482758623,1.793103448275862,1.7241379310344829,0.6206896551724139,1.1724137931034486,0.6896551724137933,0.0,0.0,0.1379310344827586,0.0,0.0,0.0,0.0,0.0,0.0,0.0,0.0,0.0,0.2758620689655173,0.4827586206896551,0.620689655172414,0.5517241379310346,0.758620689655172,0.9655172413793108,0.620689655172414,1.03448275862069,0.5517241379310346,0.8965517241379314,0.8275862068965505,1.1724137931034486,0.4137931034482759,0.5517241379310346,0.5517241379310346,0.1379310344827586,0.2758620689655173,0.2068965517241379,0.0,0.0,0.0,0.0,0.0,0.0,0.0,0.0,0.0,0.0,0.0,0.0,0.0689655172413793,0.2758620689655172,0.5517241379310346,0.2068965517241379,1.4482758620689646,0.9655172413793106,0.5517241379310346,0.8275862068965518,1.4482758620689655,0.4827586206896553,0.3448275862068961,0.4137931034482759,0.2758620689655173,0.2758620689655173,0.7586206896551725,0.1379310344827586,0.4827586206896553,0.4137931034482759,0.0,0.0,0.0,0.0,0.0,0.0,0.0,0.0,0.0,0.0,0.0,0.0,0.0,0.0,0.0,0.0689655172413793,0.0689655172413792,0.1379310344827586,0.0,0.4827586206896553,0.4137931034482759,0.6206896551724139,0.3448275862068961,0.8275862068965518,0.6896551724137933,0.5517241379310346,0.3448275862068966,0.1379310344827586,0.1379310344827586,0.0689655172413793,0.0,0.0,0.0689655172413793,0.0,0.0,0.0,0.0,0.0,0.0,0.0,0.0,12,14136210.91332564,2.881815721009858,2.5643931830207585,435,0.6896551724137931,0.3448275862068966,0.7586206896551723,1.1724137931034486,0.8275862068965518,2.482758620689653,2.551724137931035,1.5172413793103452,2.6896551724137936,2.551724137931035,2.2068965517241383,1.7241379310344802,2.551724137931035,1.7931034482758623,1.7931034482758623,1.724137931034483,0.6206896551724139,1.1724137931034486,0.6896551724137933,0.0,0.0,0.1379310344827586,0.0,0.0,0.0,0.0,0.0,0.0,0.0,0.0,5.116566081197784,38.617857,-90.3479679,12,13,139894,B
0.4040244583785823,3.082843958819891,2.826558138075097,62.49546920090462,1.0804467916641232,2.8674101610904583,0.0,0.6034696406443618,0.7547169811320755,0.7547169811320755,1.4150943396226414,1.8867924528301887,1.6981132075471703,1.3207547169811316,2.452830188679246,2.075471698113208,2.264150943396227,1.9811320754716988,1.6981132075471703,1.6981132075471672,1.69811320754717,1.6981132075471703,1.69811320754717,1.415094339622642,0.7547169811320756,1.3207547169811324,1.3207547169811322,0.0943396226415094,0.0,0.0,0.0,0.0,0.0,0.0,0.0,0.0,0.0,0.0,0.2830188679245283,0.4716981132075472,0.9433962264150942,0.6603773584905662,0.5660377358490567,0.8490566037735845,1.3207547169811324,0.6603773584905662,0.5660377358490567,0.6603773584905662,0.2830188679245283,0.5660377358490558,0.5660377358490567,0.5660377358490567,0.6603773584905662,0.6603773584905662,0.3773584905660379,0.3773584905660379,0.2830188679245283,0.0,0.0,0.0,0.0,0.0,0.0,0.0,0.0,0.0,0.0,0.0,0.1886792452830188,0.2830188679245283,0.4716981132075471,1.037735849056604,0.7547169811320757,0.1886792452830187,0.6603773584905662,0.3773584905660379,0.4716981132075473,0.4716981132075473,0.5660377358490567,0.1886792452830186,0.0,0.2830188679245283,0.2830188679245283,0.1886792452830189,0.2830188679245283,0.1886792452830189,0.2830188679245283,0.0,0.0,0.0,0.0,0.0,0.0,0.0,0.0,0.0,0.0,0.0,0.0,0.0,0.0,0.1886792452830189,0.3773584905660378,0.1886792452830187,0.2830188679245283,0.8490566037735852,0.8490566037735852,0.2830188679245283,0.4716981132075472,0.660377358490565,0.7547169811320756,0.0943396226415094,0.4716981132075472,0.3773584905660378,0.0943396226415094,0.1886792452830189,0.3773584905660378,0.0,0.0,0.0,0.0,0.0,0.0,0.0,0.0,0.0,0.0,0.0,12,17920748.05608531,2.548425129876472,3.129543540302548,318,0.7547169811320755,0.7547169811320755,1.4150943396226412,1.886792452830189,1.69811320754717,1.3207547169811311,2.452830188679246,2.075471698113208,2.264150943396227,1.9811320754716983,1.69811320754717,1.6981132075471672,1.69811320754717,1.69811320754717,1.69811320754717,1.415094339622642,0.7547169811320756,1.3207547169811324,1.3207547169811324,0.0943396226415094,0.0,0.0,0.0,0.0,0.0,0.0,0.0,0.0,0.0,0.0,3.6613769384802257,38.7115639,-90.34756615,12,13,139948,B
0.0261486953845897,3.555072225229761,3.515106737092538,77.35175319356168,1.1700243757084157,2.5806451612903225,0.0,0.7155425219941349,1.7647058823529411,1.7647058823529411,1.176470588235294,0.5882352941176472,7.058823529411766,1.1764705882352933,2.3529411764705888,3.529411764705883,1.1764705882352944,2.9411764705882355,1.1764705882352944,1.7647058823529385,0.5882352941176472,0.5882352941176472,0.0,0.0,0.5882352941176472,0.5882352941176472,1.1764705882352944,0.0,0.0,0.0,0.0,0.0,0.0,0.0,0.0,0.0,0.0,0.0,0.0,1.7647058823529411,0.5882352941176469,0.0,3.5294117647058827,1.1764705882352933,1.7647058823529411,1.1764705882352944,1.1764705882352944,1.7647058823529411,0.5882352941176472,0.0,0.0,0.0,0.0,0.0,0.5882352941176472,0.0,1.1764705882352944,0.0,0.0,0.0,0.0,0.0,0.0,0.0,0.0,0.0,0.0,0.0,0.0,0.0,0.0,0.5882352941176472,2.3529411764705888,0.0,0.5882352941176472,0.5882352941176472,0.0,1.1764705882352944,0.5882352941176472,1.1764705882352924,0.5882352941176472,0.5882352941176472,0.0,0.0,0.0,0.5882352941176472,0.0,0.0,0.0,0.0,0.0,0.0,0.0,0.0,0.0,0.0,0.0,0.0,0.0,0.0,0.0,0.0,0.0,0.0,0.0,1.1764705882352944,0.0,0.0,0.0,0.0,0.0,0.0,0.0,0.0,0.0,0.0,0.0,0.0,0.0,0.0,0.0,0.0,0.0,0.0,0.0,0.0,0.0,0.0,12,124442.3199636588,4.758159291420132,3.403409096152405,51,1.7647058823529411,1.7647058823529411,1.176470588235294,0.5882352941176472,7.058823529411765,1.1764705882352935,2.3529411764705888,3.5294117647058827,1.1764705882352944,2.941176470588236,1.1764705882352944,1.764705882352939,0.5882352941176472,0.5882352941176472,0.0,0.0,0.5882352941176472,0.5882352941176472,1.1764705882352944,0.0,0.0,0.0,0.0,0.0,0.0,0.0,0.0,0.0,0.0,0.0,7.055596042317081,38.6264628,-90.5930455,12,13,139950,B
0.5484407914903794,2.8630154550269653,2.9481900977515254,59.455569873261176,1.171035335806599,2.7197231833910034,0.0,0.7724913494809689,5.555555555555555,0.888888888888889,0.5555555555555555,1.4444444444444446,0.777777777777778,1.3333333333333326,1.777777777777778,2.2222222222222228,2.6666666666666674,1.777777777777778,1.5555555555555558,1.999999999999997,1.4444444444444446,1.666666666666667,1.3333333333333337,0.7777777777777779,0.3333333333333334,0.6666666666666669,0.777777777777778,0.2222222222222222,0.1111111111111111,0.1111111111111111,0.0,0.0,0.0,0.0,0.0,0.0,0.0,0.0,0.1111111111111111,0.2222222222222222,0.3333333333333332,1.2222222222222223,0.6666666666666669,0.6666666666666663,1.2222222222222223,1.1111111111111114,1.4444444444444449,0.4444444444444445,0.6666666666666669,1.4444444444444424,0.3333333333333334,0.4444444444444445,0.5555555555555557,0.1111111111111111,0.2222222222222222,0.2222222222222222,0.3333333333333334,0.0,0.0,0.0,0.0,0.0,0.0,0.0,0.0,0.0,0.0,0.0,0.0,0.0,0.0,0.0,0.1111111111111111,0.4444444444444442,0.5555555555555556,1.0000000000000002,0.777777777777778,0.8888888888888892,0.6666666666666667,0.1111111111111109,0.5555555555555556,0.5555555555555556,0.4444444444444446,0.3333333333333333,0.1111111111111111,0.4444444444444446,0.2222222222222223,0.0,0.1111111111111111,0.1111111111111111,0.0,0.0,0.0,0.0,0.0,0.0,0.0,0.0,0.0,0.2222222222222222,0.0,0.0,0.0,0.0,0.0,0.0,0.4444444444444445,0.4444444444444445,0.2222222222222222,0.3333333333333328,0.4444444444444445,0.5555555555555557,0.3333333333333333,0.3333333333333333,0.0,0.0,0.1111111111111111,0.2222222222222222,0.0,0.0,0.0,0.0,0.0,0.0,0.0,0.0,0.0,0.0,12,1610850.9192013252,4.606460897170939,2.4370556776864687,270,5.555555555555555,0.8888888888888888,0.5555555555555555,1.4444444444444449,0.777777777777778,1.3333333333333326,1.777777777777778,2.2222222222222228,2.666666666666667,1.777777777777778,1.555555555555556,1.999999999999997,1.4444444444444449,1.6666666666666672,1.3333333333333337,0.777777777777778,0.3333333333333333,0.6666666666666667,0.777777777777778,0.2222222222222222,0.1111111111111111,0.1111111111111111,0.0,0.0,0.0,0.0,0.0,0.0,0.0,0.0,7.481647646577369,38.6272048,-90.4194666,12,13,139993,B
0.4593551517566622,3.0021576511629697,3.093172222431601,64.92857035175062,1.1452146104085423,2.793053545586107,0.0,0.5868306801736614,0.6681514476614699,1.135857461024499,2.0044543429844093,2.605790645879733,2.204899777282851,2.0712694877505555,2.806236080178174,2.0712694877505573,1.737193763919822,1.9376391982182632,1.7371937639198225,1.93763919821826,2.0044543429844106,0.8685968819599112,1.2694877505567932,1.002227171492205,0.868596881959911,0.4677060133630291,0.400890868596882,0.133630289532294,0.066815144766147,0.0,0.0,0.0,0.0,0.0,0.0,0.0,0.0,0.0,0.0668151447661469,0.3340757238307349,1.0022271714922046,1.403118040089087,1.403118040089087,1.069042316258351,1.33630289532294,0.66815144766147,0.5345211581291761,0.8685968819599112,0.334075723830735,0.9354120267260564,0.6013363028953231,0.400890868596882,0.334075723830735,0.267260579064588,0.200445434298441,0.066815144766147,0.066815144766147,0.0,0.0,0.0,0.0,0.0,0.0,0.0,0.0,0.0,0.0,0.0,0.200445434298441,0.6681514476614699,0.6013363028953228,0.7349665924276171,0.5345211581291761,0.6013363028953227,0.8017817371937641,0.8017817371937641,0.5345211581291761,0.200445434298441,0.7349665924276171,0.4677060133630283,0.8017817371937641,0.200445434298441,0.334075723830735,0.200445434298441,0.334075723830735,0.133630289532294,0.066815144766147,0.0,0.0,0.0,0.0,0.0,0.0,0.0,0.0,0.0,0.0,0.0,0.0,0.0,0.4008908685968819,0.400890868596882,0.267260579064588,0.3340757238307348,0.400890868596882,0.200445434298441,0.400890868596882,0.5345211581291761,0.133630289532294,0.3340757238307345,0.4677060133630291,0.0,0.4677060133630291,0.334075723830735,0.200445434298441,0.133630289532294,0.0,0.066815144766147,0.066815144766147,0.0,0.0,0.0,0.0,0.0,0.0,0.0,0.0,0.0,12,38270465.088146105,2.7664761107768863,2.9886326140259625,449,0.6681514476614699,1.135857461024499,2.0044543429844093,2.605790645879733,2.204899777282851,2.0712694877505555,2.806236080178174,2.0712694877505573,1.7371937639198225,1.9376391982182632,1.7371937639198225,1.93763919821826,2.00445434298441,0.8685968819599111,1.2694877505567932,1.002227171492205,0.8685968819599111,0.4677060133630291,0.400890868596882,0.133630289532294,0.066815144766147,0.0,0.0,0.0,0.0,0.0,0.0,0.0,0.0,0.0,7.203239354243779,38.673372,-90.377196,12,13,140043,B
0.376596659857363,3.121450578527222,3.1605384598503523,112.4659446269414,1.059488235527435,2.863157894736842,0.0,0.5663157894736842,0.3076923076923077,0.3076923076923077,0.4615384615384614,0.3076923076923077,0.9230769230769232,1.6923076923076912,0.7692307692307694,1.5384615384615388,1.3846153846153848,1.076923076923077,1.230769230769231,0.7692307692307682,1.6923076923076923,1.384615384615385,1.8461538461538467,2.307692307692308,3.076923076923077,1.8461538461538465,5.692307692307693,1.230769230769231,0.1538461538461538,0.0,0.0,0.0,0.0,0.0,0.0,0.0,0.0,0.0,0.0,0.1538461538461538,0.1538461538461538,0.0,0.0,0.9230769230769226,0.3076923076923077,0.4615384615384616,0.6153846153846155,0.4615384615384616,0.1538461538461538,0.0,0.0,0.0,0.0,0.0,0.0,0.0,0.0,0.0,0.0,0.0,0.0,0.0,0.0,0.0,0.0,0.0,0.0,0.0,0.1538461538461538,0.0,0.3076923076923076,0.3076923076923077,0.7692307692307693,0.615384615384615,0.4615384615384615,0.1538461538461538,0.6153846153846154,0.6153846153846154,0.3076923076923077,0.1538461538461536,0.9230769230769232,0.6153846153846154,0.1538461538461538,0.3076923076923077,0.6153846153846154,0.0,0.3076923076923077,0.3076923076923077,0.0,0.0,0.0,0.0,0.0,0.0,0.0,0.0,0.0,0.0,0.0,0.1538461538461538,0.0,0.0,0.1538461538461538,0.1538461538461537,0.0,0.9230769230769232,0.1538461538461538,0.0,0.6153846153846155,0.4615384615384609,0.3076923076923077,0.4615384615384616,1.076923076923077,1.8461538461538465,1.8461538461538465,1.5384615384615383,4.923076923076924,0.6153846153846155,0.0,0.0,0.0,0.0,0.0,0.0,0.0,0.0,0.0,0.0,12,23699327.77717351,3.512379491278436,4.259255712160491,195,0.3076923076923077,0.3076923076923077,0.4615384615384614,0.3076923076923077,0.9230769230769232,1.6923076923076912,0.7692307692307694,1.5384615384615388,1.3846153846153848,1.076923076923077,1.230769230769231,0.769230769230768,1.6923076923076923,1.3846153846153848,1.8461538461538465,2.3076923076923084,3.076923076923077,1.8461538461538465,5.692307692307693,1.230769230769231,0.1538461538461538,0.0,0.0,0.0,0.0,0.0,0.0,0.0,0.0,0.0,7.514552155800091,37.877503,-90.5172185,12,12,140089,B
0.7230154278009845,2.5427925367783857,2.752330908490414,80.13998507293171,1.0843482007024494,2.7876543209876545,0.0,0.6012345679012345,0.3103448275862069,1.137931034482759,1.0344827586206895,0.8275862068965519,0.6206896551724139,1.241379310344827,1.655172413793104,1.7586206896551728,1.6551724137931036,2.482758620689656,1.7586206896551728,3.3103448275862024,1.03448275862069,2.06896551724138,1.5517241379310347,0.9310344827586208,1.551724137931035,1.8620689655172415,2.4827586206896552,0.6206896551724139,0.0,0.0,0.0,0.1034482758620686,0.0,0.0,0.0,0.0,0.0,0.0,0.1034482758620689,0.7241379310344828,0.7241379310344828,0.517241379310345,0.3103448275862069,0.4137931034482756,0.517241379310345,0.6206896551724139,0.3103448275862069,0.1034482758620689,0.2068965517241379,0.0,0.0,0.0,0.2068965517241379,0.2068965517241379,0.2068965517241379,0.724137931034483,0.4137931034482759,0.0,0.0,0.0,0.0,0.1034482758620686,0.0,0.0,0.0,0.0,0.0,0.0,0.0,0.4137931034482758,0.3103448275862068,0.3103448275862069,0.3103448275862069,0.5172413793103445,0.4137931034482759,0.4137931034482759,0.4137931034482759,0.724137931034483,0.2068965517241379,0.2068965517241376,0.2068965517241379,0.517241379310345,0.517241379310345,0.1034482758620689,0.517241379310345,0.6206896551724139,1.137931034482759,0.517241379310345,0.0,0.0,0.0,0.0,0.0,0.0,0.0,0.0,0.0,0.0,0.0,0.0,0.0,0.0,0.0,0.2068965517241378,0.0,0.2068965517241379,0.3103448275862069,0.2068965517241379,0.6206896551724139,1.0344827586206882,0.724137931034483,0.6206896551724139,0.6206896551724139,0.517241379310345,0.6206896551724139,0.2068965517241379,0.6206896551724139,0.1034482758620689,0.0,0.0,0.0,0.0,0.0,0.0,0.0,0.0,0.0,0.0,12,63687017.64116953,4.176438536161557,4.115054298415896,290,0.3103448275862069,1.137931034482759,1.0344827586206895,0.8275862068965519,0.6206896551724139,1.2413793103448267,1.655172413793104,1.7586206896551728,1.655172413793104,2.482758620689656,1.7586206896551728,3.3103448275862024,1.03448275862069,2.06896551724138,1.551724137931035,0.9310344827586208,1.551724137931035,1.8620689655172415,2.482758620689656,0.6206896551724139,0.0,0.0,0.0,0.1034482758620686,0.0,0.0,0.0,0.0,0.0,0.0,8.086537999530861,36.95347,-92.668872,12,12,140445,B
0.8097701288756749,2.3446653818175163,2.5141916317781865,91.96775652376216,1.0644537402747398,2.8422619047619047,0.0,0.6755952380952381,0.3409090909090909,0.1136363636363636,0.0,0.5681818181818183,0.5681818181818183,0.795454545454545,1.4772727272727275,1.136363636363637,1.3636363636363642,2.1590909090909096,2.386363636363637,1.704545454545452,2.3863636363636367,2.500000000000001,3.40909090909091,1.5909090909090913,2.613636363636364,2.5000000000000004,2.1590909090909096,0.2272727272727273,0.0,0.0,0.0,0.0,0.0,0.0,0.0,0.0,0.0,0.0,0.0,0.1136363636363636,0.0,0.4545454545454547,0.5681818181818183,0.3409090909090907,0.5681818181818183,0.1136363636363636,0.2272727272727273,0.0,0.0,0.1136363636363634,0.0,0.0,0.2272727272727273,0.1136363636363636,0.1136363636363636,0.2272727272727273,0.1136363636363636,0.0,0.0,0.0,0.0,0.0,0.0,0.0,0.0,0.0,0.0,0.0,0.0,0.0,0.0,0.1136363636363636,0.0,0.3409090909090907,0.5681818181818182,0.681818181818182,0.7954545454545457,1.1363636363636365,0.7954545454545457,0.7954545454545443,0.681818181818182,0.681818181818182,0.9090909090909094,0.340909090909091,0.340909090909091,1.2500000000000002,1.022727272727273,0.2272727272727273,0.0,0.0,0.0,0.0,0.0,0.0,0.0,0.0,0.0,0.0,0.0,0.0,0.0,0.0,0.0,0.1136363636363635,0.1136363636363636,0.1136363636363636,0.340909090909091,0.1136363636363636,0.4545454545454546,0.3409090909090904,0.7954545454545457,0.340909090909091,1.5909090909090915,0.7954545454545457,2.045454545454546,1.022727272727273,1.022727272727273,0.0,0.0,0.0,0.0,0.0,0.0,0.0,0.0,0.0,0.0,0.0,12,37602743.70797299,4.196039988391101,4.565756633598125,264,0.3409090909090909,0.1136363636363636,0.0,0.5681818181818183,0.5681818181818183,0.795454545454545,1.4772727272727275,1.136363636363637,1.3636363636363638,2.1590909090909096,2.3863636363636367,1.704545454545452,2.3863636363636367,2.5000000000000004,3.40909090909091,1.5909090909090913,2.613636363636364,2.5000000000000004,2.1590909090909096,0.2272727272727273,0.0,0.0,0.0,0.0,0.0,0.0,0.0,0.0,0.0,0.0,8.54623177667999,38.346776000000006,-92.5774205,12,12,140463,B
0.6650058585853136,2.658173351386987,2.796869972744404,92.60681291986758,1.0784583114706383,2.77088948787062,0.0,0.545822102425876,2.0149253731343286,3.246268656716418,4.813432835820894,2.238805970149254,0.5597014925373135,1.3432835820895517,1.1194029850746272,1.23134328358209,1.0074626865671643,1.119402985074627,1.567164179104478,1.1194029850746252,2.0149253731343286,1.3432835820895526,0.6716417910447763,0.3358208955223881,1.3432835820895523,1.23134328358209,1.4552238805970152,0.1119402985074627,0.1119402985074627,0.0,0.0,0.0,0.0,0.0,0.0,0.0,0.0,0.0,0.7835820895522388,1.5671641791044777,3.582089552238805,1.6791044776119406,0.3358208955223881,0.6716417910447757,0.7835820895522391,0.2238805970149254,0.1119402985074627,0.3358208955223881,0.0,0.0,0.1119402985074627,0.1119402985074627,0.0,0.0,0.0,0.0,0.1119402985074627,0.0,0.0,0.0,0.0,0.0,0.0,0.0,0.0,0.0,0.0,0.0,1.1194029850746268,1.5671641791044777,1.2313432835820892,0.3358208955223881,0.1119402985074627,0.1119402985074626,0.0,0.5597014925373136,0.2238805970149254,0.3358208955223881,0.0,0.1119402985074625,0.1119402985074627,0.1119402985074627,0.0,0.1119402985074627,0.0,0.1119402985074627,0.1119402985074627,0.0,0.0,0.0,0.0,0.0,0.0,0.0,0.0,0.0,0.0,0.0,0.1119402985074626,0.0,0.0,0.2238805970149254,0.1119402985074627,0.5597014925373132,0.2238805970149254,0.2238805970149254,0.5597014925373136,0.1119402985074627,1.23134328358209,0.5597014925373126,0.6716417910447763,0.7835820895522391,0.3358208955223881,0.0,0.6716417910447763,0.7835820895522391,0.4477611940298509,0.0,0.1119402985074627,0.0,0.0,0.0,0.0,0.0,0.0,0.0,0.0,0.0,12,17723285.39301001,4.470296166312881,3.3140360443652024,268,2.014925373134328,3.246268656716418,4.813432835820895,2.238805970149254,0.5597014925373135,1.3432835820895517,1.119402985074627,1.2313432835820897,1.0074626865671643,1.119402985074627,1.567164179104478,1.1194029850746252,2.0149253731343286,1.3432835820895523,0.6716417910447762,0.3358208955223881,1.3432835820895523,1.2313432835820897,1.4552238805970152,0.1119402985074627,0.1119402985074627,0.0,0.0,0.0,0.0,0.0,0.0,0.0,0.0,0.0,6.470274791160375,37.12249355,-93.37044815,12,13,140639,B
0.8357443472674331,2.2768156748195376,2.3357724766338155,76.03743517935911,1.0707866296522066,2.906474820143885,0.0,0.658273381294964,0.5042016806722689,0.2521008403361344,0.630252100840336,0.1260504201680672,0.6302521008403362,0.756302521008403,2.2689075630252105,1.008403361344538,1.260504201680673,3.025210084033614,3.151260504201681,2.521008403361341,3.2773109243697487,3.151260504201681,2.1428571428571432,1.5126050420168071,1.38655462184874,1.1344537815126052,1.008403361344538,0.1260504201680672,0.0,0.1260504201680672,0.0,0.0,0.0,0.0,0.0,0.0,0.0,0.0,0.0,0.1260504201680672,0.3781512605042016,0.0,0.3781512605042017,0.0,0.1260504201680672,0.504201680672269,0.504201680672269,0.6302521008403362,0.1260504201680672,0.126050420168067,0.2521008403361345,0.0,0.1260504201680672,0.1260504201680672,0.1260504201680672,0.0,0.0,0.0,0.0,0.1260504201680672,0.0,0.0,0.0,0.0,0.0,0.0,0.0,0.0,0.1260504201680672,0.0,0.2521008403361344,0.1260504201680672,0.1260504201680672,0.1260504201680671,0.6302521008403362,0.1260504201680672,0.504201680672269,0.8823529411764707,1.2605042016806725,1.5126050420168045,1.8907563025210088,2.2689075630252105,0.8823529411764707,0.6302521008403362,0.2521008403361345,0.3781512605042017,0.3781512605042017,0.0,0.0,0.0,0.0,0.0,0.0,0.0,0.0,0.0,0.0,0.0,0.0,0.1260504201680672,0.0,0.0,0.1260504201680672,0.0,0.0,0.1260504201680672,0.0,1.008403361344538,1.6386554621848743,0.8823529411764692,0.7563025210084036,0.3781512605042018,1.1344537815126052,0.504201680672269,0.7563025210084036,0.7563025210084036,0.6302521008403362,0.1260504201680672,0.0,0.0,0.0,0.0,0.0,0.0,0.0,0.0,0.0,0.0,12,15505392.796624787,4.0145356139726935,2.5203160426819813,238,0.5042016806722689,0.2521008403361344,0.630252100840336,0.1260504201680672,0.6302521008403362,0.7563025210084029,2.2689075630252105,1.008403361344538,1.2605042016806725,3.025210084033614,3.151260504201681,2.521008403361341,3.2773109243697487,3.151260504201681,2.1428571428571432,1.512605042016807,1.3865546218487397,1.1344537815126052,1.008403361344538,0.1260504201680672,0.0,0.1260504201680672,0.0,0.0,0.0,0.0,0.0,0.0,0.0,0.0,4.615829017419552,38.9867185,-93.5656475,12,13,140772,B
0.3259550125397751,3.190563337652017,3.2614693234427943,34.1470735783087,1.101667957392917,2.303370786516854,0.0,0.5969101123595506,0.6857142857142857,0.0,1.1999999999999995,0.8571428571428573,1.3714285714285717,0.6857142857142853,1.0285714285714287,0.8571428571428572,2.2285714285714286,2.2285714285714286,2.0571428571428574,2.399999999999997,2.571428571428572,1.7142857142857146,1.3714285714285717,2.4000000000000004,1.7142857142857144,1.7142857142857146,2.4000000000000004,0.3428571428571429,0.1714285714285714,0.0,0.0,0.0,0.0,0.0,0.0,0.0,0.0,0.0,0.0,0.0,0.5142857142857141,0.6857142857142858,0.8571428571428572,0.5142857142857139,0.6857142857142858,0.3428571428571429,1.0285714285714287,0.6857142857142858,1.0285714285714287,0.1714285714285711,0.8571428571428572,0.1714285714285714,0.1714285714285714,0.5142857142857143,0.3428571428571429,0.6857142857142858,0.0,0.0,0.0,0.0,0.0,0.0,0.0,0.0,0.0,0.0,0.0,0.0,0.0,0.0,0.1714285714285714,0.0,0.1714285714285714,0.0,0.1714285714285714,0.5142857142857143,0.5142857142857143,1.0285714285714287,0.1714285714285714,1.5428571428571407,0.5142857142857143,0.8571428571428573,0.5142857142857143,1.3714285714285717,0.5142857142857143,0.6857142857142858,1.2000000000000004,0.1714285714285714,0.1714285714285714,0.0,0.0,0.0,0.0,0.0,0.0,0.0,0.0,0.0,0.0,0.0,0.1714285714285713,0.0,0.3428571428571429,0.0,0.0,0.0,0.5142857142857143,0.1714285714285714,0.3428571428571429,0.3428571428571423,0.8571428571428573,0.5142857142857143,0.3428571428571429,0.3428571428571429,0.5142857142857143,0.3428571428571429,1.2000000000000002,0.1714285714285714,0.0,0.0,0.0,0.0,0.0,0.0,0.0,0.0,0.0,0.0,12,4138647.1857476416,2.801327843653504,4.065692229585228,175,0.6857142857142857,0.0,1.1999999999999995,0.8571428571428573,1.3714285714285717,0.6857142857142853,1.0285714285714287,0.8571428571428573,2.228571428571429,2.228571428571429,2.0571428571428574,2.3999999999999964,2.571428571428572,1.7142857142857146,1.3714285714285717,2.400000000000001,1.7142857142857146,1.7142857142857146,2.400000000000001,0.3428571428571429,0.1714285714285714,0.0,0.0,0.0,0.0,0.0,0.0,0.0,0.0,0.0,4.079921477376072,37.303665,-89.9796105,12,12,140892,B
0.4058130998833139,3.080295761840693,3.148244921597777,95.17901854049316,1.1080797094179553,2.765957446808511,0.0,0.7489361702127659,1.168831168831169,1.1688311688311688,1.558441558441558,0.3896103896103897,0.7792207792207794,1.168831168831168,1.168831168831169,2.7272727272727275,4.285714285714286,3.116883116883117,0.7792207792207794,2.337662337662334,1.168831168831169,1.5584415584415583,2.7272727272727275,1.168831168831169,0.7792207792207794,0.3896103896103897,0.7792207792207794,0.3896103896103897,0.3896103896103897,0.0,0.0,0.0,0.0,0.0,0.0,0.0,0.0,0.0,0.3896103896103896,0.0,0.0,0.0,0.3896103896103897,0.7792207792207787,0.3896103896103897,1.1688311688311688,2.3376623376623376,1.5584415584415587,0.3896103896103897,1.9480519480519447,0.7792207792207794,1.1688311688311688,1.1688311688311688,0.0,0.3896103896103897,0.0,0.7792207792207794,0.0,0.0,0.0,0.0,0.0,0.0,0.0,0.0,0.0,0.0,0.0,0.0,0.0,0.779220779220779,0.3896103896103897,0.3896103896103897,0.3896103896103893,0.7792207792207794,1.5584415584415587,0.3896103896103897,1.5584415584415587,0.0,0.389610389610389,0.0,0.3896103896103897,1.168831168831169,1.168831168831169,0.3896103896103897,0.3896103896103897,0.0,0.3896103896103897,0.3896103896103897,0.0,0.0,0.0,0.0,0.0,0.0,0.0,0.0,0.0,0.3896103896103896,1.1688311688311688,0.3896103896103895,0.0,0.0,0.0,0.0,0.0,1.168831168831169,0.0,0.3896103896103897,0.0,0.0,0.0,0.0,0.0,0.0,0.0,0.0,0.0,0.0,0.0,0.0,0.0,0.0,0.0,0.0,0.0,0.0,0.0,12,1171347.6914973543,3.8597693345351134,3.669920175285544,77,1.1688311688311688,1.1688311688311688,1.558441558441558,0.3896103896103897,0.7792207792207794,1.168831168831168,1.168831168831169,2.727272727272728,4.285714285714287,3.116883116883117,0.7792207792207794,2.3376623376623344,1.168831168831169,1.5584415584415587,2.727272727272728,1.168831168831169,0.7792207792207794,0.3896103896103897,0.7792207792207794,0.3896103896103897,0.3896103896103897,0.0,0.0,0.0,0.0,0.0,0.0,0.0,0.0,0.0,4.795276369957206,38.947214,-91.93949565,12,13,141336,B
0.2359769924327973,3.3072368438718587,3.283221262638746,116.9787416566311,1.093877717706813,2.591194968553459,0.0,0.6792452830188679,1.3333333333333337,1.3333333333333333,0.6666666666666665,0.0,0.6666666666666669,0.0,0.6666666666666669,0.6666666666666667,4.666666666666668,3.333333333333334,2.6666666666666674,1.9999999999999971,2.6666666666666674,2.0000000000000004,1.3333333333333337,2.0000000000000004,1.3333333333333337,1.3333333333333337,1.3333333333333337,0.0,0.0,0.0,0.0,0.0,0.0,0.0,0.0,0.0,0.0,0.0,0.6666666666666666,1.3333333333333333,0.6666666666666665,0.0,0.0,0.0,0.0,0.6666666666666667,1.3333333333333337,0.6666666666666667,0.0,0.6666666666666657,1.3333333333333337,0.6666666666666667,0.0,0.0,0.0,0.0,0.0,0.0,0.0,0.0,0.0,0.0,0.0,0.0,0.0,0.0,0.0,0.0,0.6666666666666667,0.0,0.0,0.0,0.6666666666666669,0.0,0.6666666666666669,0.0,1.3333333333333337,1.3333333333333337,0.0,0.6666666666666657,0.6666666666666669,0.0,0.6666666666666669,2.0000000000000004,1.3333333333333337,1.3333333333333337,0.6666666666666669,0.0,0.0,0.0,0.0,0.0,0.0,0.0,0.0,0.0,0.0,0.0,0.0,0.0,0.0,0.0,0.0,0.0,0.0,0.0,2.0000000000000004,0.6666666666666667,0.0,0.0,0.0,0.6666666666666667,0.6666666666666667,0.0,0.0,0.0,0.6666666666666667,0.0,0.0,0.0,0.0,0.0,0.0,0.0,0.0,0.0,0.0,0.0,12,2494133.9192430447,3.4672424558242785,2.4263870151105804,45,1.3333333333333333,1.3333333333333333,0.6666666666666665,0.0,0.6666666666666669,0.0,0.6666666666666669,0.6666666666666669,4.666666666666668,3.333333333333334,2.6666666666666674,1.999999999999997,2.6666666666666674,2.0000000000000004,1.3333333333333337,2.0000000000000004,1.3333333333333337,1.3333333333333337,1.3333333333333337,0.0,0.0,0.0,0.0,0.0,0.0,0.0,0.0,0.0,0.0,0.0,4.871660593414842,37.153475,-91.360371,12,13,141355,B
0.8108422195739059,2.3419601589112737,2.4077774671555794,108.07438774098928,1.065002628347108,2.9429657794676807,0.0,0.5551330798479087,0.2564102564102564,0.0,0.0,0.0,0.2564102564102565,0.0,1.5384615384615388,0.512820512820513,0.512820512820513,4.35897435897436,1.025641025641026,3.333333333333328,3.5897435897435903,1.7948717948717954,3.846153846153847,3.5897435897435908,2.051282051282052,1.025641025641026,2.3076923076923084,0.0,0.0,0.0,0.0,0.0,0.0,0.0,0.0,0.0,0.0,0.0,0.0,0.0,0.0,0.0,0.0,0.0,0.0,0.0,0.0,0.0,0.0,0.0,0.0,0.0,0.0,0.0,0.0,0.0,0.0,0.0,0.0,0.0,0.0,0.0,0.0,0.0,0.0,0.0,0.0,0.0,0.0,0.0,0.0,0.0,0.2564102564102565,0.0,1.5384615384615388,0.2564102564102565,0.512820512820513,0.0,0.2564102564102565,2.307692307692304,2.051282051282052,0.2564102564102565,1.5384615384615388,0.7692307692307694,0.512820512820513,0.2564102564102565,0.7692307692307694,0.0,0.0,0.0,0.0,0.0,0.0,0.0,0.0,0.0,0.0,0.0,0.0,0.0,0.0,0.0,0.0,0.0,0.0,0.2564102564102564,0.0,4.35897435897436,0.7692307692307694,0.256410256410256,0.7692307692307694,0.2564102564102564,0.5128205128205129,1.7948717948717956,0.5128205128205129,0.2564102564102564,1.0256410256410258,0.0,0.0,0.0,0.0,0.0,0.0,0.0,0.0,0.0,0.0,0.0,12,11799717.582443258,2.605351315188221,3.358247879696806,117,0.2564102564102564,0.0,0.0,0.0,0.2564102564102565,0.0,1.5384615384615388,0.512820512820513,0.512820512820513,4.35897435897436,1.025641025641026,3.3333333333333286,3.5897435897435908,1.7948717948717954,3.846153846153847,3.5897435897435908,2.051282051282052,1.025641025641026,2.3076923076923084,0.0,0.0,0.0,0.0,0.0,0.0,0.0,0.0,0.0,0.0,0.0,4.788098962969428,37.180464,-89.6628105,12,13,141438,B
0.2189146618597393,3.3285711338235675,3.287696988697354,79.30257520315116,1.0727219826035572,2.895049504950495,0.0,0.7108910891089109,0.1477832512315271,0.2955665024630542,0.5911330049261083,0.7389162561576357,1.03448275862069,1.6256157635467972,1.3300492610837442,2.06896551724138,2.216748768472907,3.1034482758620694,2.5123152709359613,1.330049261083742,2.06896551724138,0.4433497536945813,2.5123152709359613,1.7733990147783254,1.9211822660098528,1.7733990147783256,2.06896551724138,0.4433497536945813,0.0,0.0,0.0,0.0,0.0,0.0,0.0,0.0,0.0,0.0,0.0,0.1477832512315271,0.4433497536945812,0.2955665024630542,0.5911330049261085,0.147783251231527,0.4433497536945814,0.7389162561576357,0.2955665024630542,0.4433497536945814,0.1477832512315271,0.0,0.4433497536945814,0.0,0.2955665024630542,0.0,0.1477832512315271,0.0,0.0,0.0,0.0,0.0,0.0,0.0,0.0,0.0,0.0,0.0,0.0,0.0,0.0,0.0,0.147783251231527,0.4433497536945813,0.4433497536945813,0.738916256157635,0.1477832512315271,0.8866995073891627,0.8866995073891627,1.625615763546798,0.5911330049261084,0.1477832512315268,0.4433497536945813,0.2955665024630542,0.7389162561576356,0.7389162561576356,0.8866995073891627,0.4433497536945813,1.03448275862069,0.4433497536945813,0.0,0.0,0.0,0.0,0.0,0.0,0.0,0.0,0.0,0.0,0.0,0.0,0.0,0.0,0.0,0.147783251231527,0.1477832512315271,0.1477832512315271,0.5911330049261085,0.8866995073891627,1.03448275862069,0.4433497536945806,0.5911330049261085,0.0,0.8866995073891627,0.8866995073891627,0.4433497536945813,1.182266009852217,0.7389162561576357,0.0,0.0,0.0,0.0,0.0,0.0,0.0,0.0,0.0,0.0,0.0,12,13644763.713720055,3.505571483642794,5.070895913682994,203,0.1477832512315271,0.2955665024630542,0.5911330049261082,0.7389162561576356,1.03448275862069,1.625615763546797,1.3300492610837442,2.06896551724138,2.216748768472907,3.1034482758620694,2.5123152709359613,1.3300492610837418,2.06896551724138,0.4433497536945813,2.5123152709359613,1.7733990147783254,1.9211822660098528,1.7733990147783254,2.06896551724138,0.4433497536945813,0.0,0.0,0.0,0.0,0.0,0.0,0.0,0.0,0.0,0.0,6.072467041819002,37.9340634,-90.76988735,12,12,141792,B
0.7859758176692069,2.402855194102512,2.6416551827328267,90.7716624678502,1.120398057987786,3.059633027522936,0.0,0.5,0.1382488479262673,0.967741935483871,2.488479262672811,1.1059907834101386,0.9677419354838712,1.382488479262672,1.1059907834101386,1.5207373271889404,1.9354838709677424,2.6267281105990787,5.115207373271891,3.0414746543778763,1.1059907834101386,1.1059907834101386,0.8294930875576039,0.4147465437788019,1.6589861751152075,0.8294930875576039,0.967741935483871,0.6912442396313365,0.0,0.0,0.0,0.0,0.0,0.0,0.0,0.0,0.0,0.0,0.0,0.2764976958525345,0.8294930875576035,0.5529953917050693,0.1382488479262673,0.4147465437788015,0.6912442396313365,0.5529953917050693,0.6912442396313365,0.4147465437788018,0.1382488479262673,0.138248847926267,0.2764976958525346,0.0,0.0,0.0,0.0,0.1382488479262673,0.4147465437788018,0.0,0.0,0.0,0.0,0.0,0.0,0.0,0.0,0.0,0.0,0.0,0.1382488479262673,0.6912442396313365,1.3824884792626728,0.2764976958525346,0.2764976958525346,0.5529953917050688,0.1382488479262673,0.5529953917050693,0.8294930875576038,0.5529953917050693,0.8294930875576038,0.2764976958525342,0.2764976958525346,0.6912442396313366,0.4147465437788019,0.2764976958525346,0.1382488479262673,0.1382488479262673,0.4147465437788019,0.2764976958525346,0.0,0.0,0.0,0.0,0.0,0.0,0.0,0.0,0.0,0.0,0.0,0.0,0.2764976958525345,0.2764976958525346,0.5529953917050693,0.2764976958525344,0.1382488479262673,0.0,0.2764976958525346,0.4147465437788019,1.2442396313364057,0.8294930875576025,0.5529953917050693,0.2764976958525346,0.2764976958525346,0.0,1.2442396313364057,0.2764976958525346,0.0,0.1382488479262673,0.0,0.0,0.0,0.0,0.0,0.0,0.0,0.0,0.0,0.0,12,40923662.55519012,2.4785602722102777,2.484298562999582,217,0.1382488479262673,0.967741935483871,2.4884792626728105,1.1059907834101386,0.9677419354838712,1.382488479262672,1.1059907834101386,1.5207373271889404,1.9354838709677424,2.6267281105990787,5.115207373271891,3.041474654377876,1.1059907834101386,1.1059907834101386,0.8294930875576039,0.4147465437788019,1.6589861751152075,0.8294930875576039,0.9677419354838712,0.6912442396313365,0.0,0.0,0.0,0.0,0.0,0.0,0.0,0.0,0.0,0.0,4.647472197758895,49.50615735,-98.00687095,12,13,14507629,B
0.1528970079833083,3.40899959551232,3.4400207881202283,64.92915286864861,1.0844829714622275,2.753387533875338,0.0,0.7506775067750677,0.4958677685950413,0.0,0.0,0.7438016528925622,2.4793388429752072,2.2314049586776847,3.22314049586777,2.4793388429752072,2.9752066115702487,2.9752066115702487,1.9834710743801656,2.2314049586776825,1.4876033057851243,1.735537190082645,1.4876033057851243,1.2396694214876036,0.9917355371900828,0.2479338842975207,0.2479338842975207,0.2479338842975207,0.2479338842975207,0.2479338842975207,0.0,0.0,0.0,0.0,0.0,0.0,0.0,0.0,0.0,0.0,0.0,0.7438016528925622,1.2396694214876036,1.487603305785123,1.2396694214876036,0.4958677685950414,0.4958677685950414,2.4793388429752072,1.4876033057851243,1.2396694214876014,0.7438016528925622,0.4958677685950414,0.7438016528925622,0.4958677685950414,0.0,0.0,0.2479338842975207,0.0,0.0,0.2479338842975207,0.0,0.0,0.0,0.0,0.0,0.0,0.0,0.0,0.0,0.0,0.0,0.0,1.2396694214876036,0.7438016528925616,1.983471074380166,1.4876033057851243,1.4876033057851243,0.4958677685950415,0.2479338842975207,0.4958677685950406,0.4958677685950415,0.0,0.0,0.2479338842975207,0.4958677685950415,0.2479338842975207,0.0,0.2479338842975207,0.0,0.0,0.0,0.0,0.0,0.0,0.0,0.0,0.0,0.0,0.0,0.0,0.0,0.0,0.0,0.0,0.0,0.2479338842975207,0.9917355371900828,0.0,0.2479338842975207,0.2479338842975203,0.2479338842975207,0.7438016528925622,0.7438016528925622,0.2479338842975207,0.4958677685950414,0.0,0.0,0.0,0.2479338842975207,0.0,0.0,0.0,0.0,0.0,0.0,0.0,0.0,0.0,12,1012871.7517723332,3.373216261616908,4.111633773627982,121,0.4958677685950413,0.0,0.0,0.7438016528925621,2.4793388429752072,2.2314049586776847,3.2231404958677694,2.4793388429752072,2.975206611570248,2.975206611570248,1.9834710743801656,2.2314049586776825,1.487603305785124,1.735537190082645,1.487603305785124,1.2396694214876036,0.9917355371900828,0.2479338842975207,0.2479338842975207,0.2479338842975207,0.2479338842975207,0.2479338842975207,0.0,0.0,0.0,0.0,0.0,0.0,0.0,0.0,5.889933439216284,49.8709871,3.2532244,12,12,152741,B
0.0439627443806222,3.5351419249312883,3.5173253650619984,104.7803614405874,1.0556626599177736,2.7801147227533463,0.0,0.6959847036328872,1.1111111111111112,0.9523809523809524,0.0,1.26984126984127,0.7936507936507937,1.587301587301586,2.2222222222222228,2.6984126984126986,2.3809523809523814,1.904761904761905,2.2222222222222223,2.539682539682536,3.0158730158730167,2.2222222222222223,2.063492063492064,1.5873015873015874,0.634920634920635,0.1587301587301587,0.3174603174603175,0.0,0.1587301587301587,0.0,0.0,0.0,0.0,0.1587301587301587,0.0,0.0,0.0,0.0,0.6349206349206349,0.1587301587301587,0.0,0.3174603174603175,0.1587301587301587,0.0,0.3174603174603175,0.3174603174603175,0.3174603174603175,0.1587301587301587,0.1587301587301587,0.0,0.0,0.0,0.3174603174603175,0.3174603174603175,0.1587301587301587,0.0,0.0,0.0,0.0,0.0,0.0,0.0,0.0,0.1587301587301587,0.0,0.0,0.0,0.0,0.4761904761904761,0.6349206349206349,0.0,0.1587301587301587,0.3174603174603175,0.4761904761904758,0.9523809523809524,0.9523809523809524,0.4761904761904762,0.1587301587301587,0.3174603174603175,0.7936507936507924,0.7936507936507938,0.3174603174603175,0.7936507936507938,0.1587301587301587,0.0,0.0,0.1587301587301587,0.0,0.1587301587301587,0.0,0.0,0.0,0.0,0.0,0.0,0.0,0.0,0.0,0.0,0.0,0.0,0.4761904761904763,0.0,0.7936507936507932,0.4761904761904763,0.4761904761904763,0.9523809523809526,0.4761904761904763,0.634920634920635,0.4761904761904755,0.4761904761904763,1.26984126984127,0.4761904761904763,0.9523809523809526,0.3174603174603175,0.1587301587301587,0.1587301587301587,0.0,0.0,0.0,0.0,0.0,0.0,0.0,0.0,0.0,0.0,0.0,12,26793089.40872062,3.199171090511605,4.723918164952542,189,1.1111111111111112,0.9523809523809524,0.0,1.2698412698412702,0.7936507936507938,1.5873015873015863,2.2222222222222228,2.698412698412699,2.3809523809523814,1.904761904761905,2.2222222222222228,2.539682539682536,3.0158730158730163,2.2222222222222228,2.063492063492064,1.5873015873015877,0.6349206349206351,0.1587301587301587,0.3174603174603175,0.0,0.1587301587301587,0.0,0.0,0.0,0.0,0.1587301587301587,0.0,0.0,0.0,0.0,7.013415894651923,49.14535885,2.4678309,12,12,1529412,B
0.7426452476087686,2.50104856807743,2.524663725557837,87.71886600973069,1.0502181537561373,3.084577114427861,0.0,0.6185737976782753,0.5769230769230769,0.0,0.0,0.1923076923076923,0.2884615384615385,0.1923076923076921,0.6730769230769232,1.3461538461538467,2.500000000000001,2.403846153846154,1.826923076923077,1.92307692307692,1.7307692307692313,1.634615384615385,2.307692307692308,5.480769230769232,3.653846153846155,1.1538461538461544,1.2500000000000004,0.8653846153846156,0.0,0.0,0.0,0.0,0.0,0.0,0.0,0.0,0.0,0.0,0.0,0.0,0.0,0.1923076923076923,0.1923076923076923,0.096153846153846,0.0961538461538461,0.0,0.2884615384615385,0.2884615384615385,0.0961538461538461,0.192307692307692,0.0961538461538461,0.0,0.0,0.0,0.0,0.0,0.0,0.0,0.0,0.0,0.0,0.0,0.0,0.0,0.0,0.0,0.0,0.0,0.0,0.0,0.0,0.0,0.0961538461538461,0.0961538461538461,0.1923076923076923,0.8653846153846156,0.8653846153846156,0.3846153846153847,0.3846153846153847,0.3846153846153841,0.576923076923077,0.3846153846153847,1.0576923076923077,4.038461538461539,2.6923076923076934,0.6730769230769234,0.2884615384615385,0.0961538461538461,0.0,0.0,0.0,0.0,0.0,0.0,0.0,0.0,0.0,0.0,0.0,0.0,0.0,0.0,0.0,0.0,0.2884615384615385,0.2884615384615385,0.4807692307692308,0.576923076923077,0.6730769230769232,0.7692307692307682,0.3846153846153847,0.4807692307692308,0.576923076923077,0.9615384615384616,0.3846153846153847,0.3846153846153847,0.8653846153846156,0.7692307692307695,0.0,0.0,0.0,0.0,0.0,0.0,0.0,0.0,0.0,0.0,12,39254909.2315858,3.305906403617933,4.46302978550049,312,0.5769230769230769,0.0,0.0,0.1923076923076923,0.2884615384615385,0.1923076923076922,0.6730769230769232,1.3461538461538465,2.500000000000001,2.403846153846154,1.826923076923077,1.92307692307692,1.730769230769231,1.634615384615385,2.307692307692308,5.480769230769233,3.653846153846154,1.153846153846154,1.2500000000000004,0.8653846153846155,0.0,0.0,0.0,0.0,0.0,0.0,0.0,0.0,0.0,0.0,6.009843250296225,41.1158025,-97.993428,12,12,169376,B
0.5849302683593071,2.802081405774909,3.1464569361472674,68.85255266599857,1.11595557228188,2.9790794979079496,0.0,0.5753138075313807,0.6976744186046512,1.9534883720930232,3.9069767441860455,2.232558139534884,2.3720930232558146,2.3720930232558124,1.8139534883720931,1.953488372093024,1.8139534883720931,0.8372093023255816,1.3953488372093026,0.8372093023255802,0.6976744186046513,1.3953488372093026,1.953488372093024,1.116279069767442,0.8372093023255816,1.116279069767442,0.6976744186046513,0.0,0.0,0.0,0.0,0.0,0.0,0.0,0.0,0.0,0.0,0.0,0.2790697674418604,0.1395348837209302,1.6744186046511624,0.558139534883721,0.558139534883721,1.1162790697674412,0.558139534883721,0.8372093023255816,0.2790697674418605,0.558139534883721,0.2790697674418605,0.5581395348837201,0.1395348837209302,0.2790697674418605,0.4186046511627908,0.2790697674418605,0.1395348837209302,0.1395348837209302,0.1395348837209302,0.0,0.0,0.0,0.0,0.0,0.0,0.0,0.0,0.0,0.0,0.0,0.1395348837209302,1.395348837209302,0.9767441860465116,0.2790697674418605,0.2790697674418605,0.0,0.4186046511627907,0.4186046511627907,0.9767441860465118,0.2790697674418605,0.6976744186046512,0.13953488372093,0.4186046511627907,0.558139534883721,0.558139534883721,0.558139534883721,0.558139534883721,0.2790697674418605,0.1395348837209302,0.0,0.0,0.0,0.0,0.0,0.0,0.0,0.0,0.0,0.0,0.0,0.1395348837209302,0.4186046511627907,1.2558139534883717,1.116279069767442,0.8372093023255816,0.0,0.558139534883721,0.4186046511627908,0.4186046511627908,0.0,0.4186046511627908,0.13953488372093,0.1395348837209302,0.1395348837209302,0.558139534883721,0.1395348837209302,0.1395348837209302,0.1395348837209302,0.0,0.0,0.0,0.0,0.0,0.0,0.0,0.0,0.0,0.0,0.0,0.0,12,4463560.990451436,4.371491849123966,3.979202024176833,215,0.6976744186046512,1.9534883720930232,3.906976744186046,2.232558139534884,2.3720930232558146,2.372093023255813,1.8139534883720936,1.953488372093024,1.8139534883720936,0.8372093023255816,1.3953488372093026,0.8372093023255802,0.6976744186046513,1.3953488372093026,1.953488372093024,1.116279069767442,0.8372093023255816,1.116279069767442,0.6976744186046513,0.0,0.0,0.0,0.0,0.0,0.0,0.0,0.0,0.0,0.0,0.0,4.840961485572103,37.609104,-114.521932,12,12,170114,B
0.0697005532134589,3.506015662327268,3.5236268755247377,62.99432402491275,1.094626401014691,2.816243654822335,0.0,0.7401015228426396,0.3225806451612903,0.6451612903225806,0.4838709677419354,1.2903225806451617,1.2903225806451617,1.6129032258064506,0.967741935483871,1.85483870967742,2.3387096774193554,3.467741935483871,2.7419354838709684,1.7741935483870943,1.6935483870967742,1.9354838709677424,2.580645161290323,1.612903225806452,0.967741935483871,1.2096774193548387,0.8064516129032259,0.0806451612903225,0.0806451612903225,0.0806451612903225,0.0,0.0,0.0,0.1612903225806451,0.0,0.0,0.0,0.0,0.0,0.2419354838709677,0.4032258064516128,0.5645161290322581,0.7258064516129034,0.7258064516129028,0.5645161290322581,0.3225806451612903,0.403225806451613,0.806451612903226,0.6451612903225807,0.4838709677419348,0.1612903225806451,0.3225806451612903,0.2419354838709677,0.1612903225806451,0.1612903225806451,0.2419354838709677,0.4838709677419355,0.0,0.0,0.0806451612903225,0.0,0.0,0.0,0.1612903225806451,0.0,0.0,0.0,0.0,0.0806451612903225,0.3225806451612903,0.0806451612903225,0.7258064516129034,0.4032258064516129,0.6451612903225802,0.2419354838709677,0.6451612903225807,1.209677419354839,1.209677419354839,0.8064516129032259,0.4032258064516122,0.5645161290322581,0.4032258064516129,0.7258064516129034,0.5645161290322581,0.3225806451612903,0.4032258064516129,0.2419354838709677,0.0806451612903225,0.0,0.0,0.0,0.0,0.0,0.0,0.0,0.0,0.0,0.0,0.0,0.0,0.0,0.0,0.0806451612903225,0.161290322580645,0.0,0.2419354838709677,0.2419354838709677,0.6451612903225807,0.7258064516129034,0.2419354838709674,0.4032258064516129,0.5645161290322582,0.4838709677419355,0.3225806451612903,0.4032258064516129,0.0806451612903225,0.0806451612903225,0.0,0.0806451612903225,0.0,0.0,0.0,0.0,0.0,0.0,0.0,0.0,0.0,12,25926601.89233058,2.921700593434274,3.4390664656027803,372,0.3225806451612903,0.6451612903225806,0.4838709677419354,1.2903225806451617,1.2903225806451617,1.6129032258064506,0.9677419354838712,1.85483870967742,2.3387096774193554,3.4677419354838714,2.7419354838709684,1.7741935483870943,1.6935483870967745,1.9354838709677424,2.5806451612903234,1.612903225806452,0.9677419354838712,1.209677419354839,0.806451612903226,0.0806451612903226,0.0806451612903226,0.0806451612903226,0.0,0.0,0.0,0.1612903225806452,0.0,0.0,0.0,0.0,5.991317581688494,50.494533450000006,2.8574814,12,12,178751,B
0.1314687994267801,3.434426569426921,3.5029753763483846,76.99068638204918,1.134251977247306,2.761215629522431,0.0,0.622286541244573,0.6944444444444444,1.388888888888889,1.1111111111111107,0.6944444444444446,1.2500000000000002,0.9722222222222217,1.805555555555556,3.055555555555556,3.472222222222223,1.944444444444445,2.361111111111112,2.0833333333333304,1.2500000000000002,1.9444444444444449,1.1111111111111114,0.9722222222222224,1.527777777777778,1.527777777777778,0.8333333333333335,0.0,0.0,0.0,0.0,0.0,0.0,0.0,0.0,0.0,0.0,0.0,0.1388888888888889,0.8333333333333335,0.5555555555555555,0.5555555555555557,0.5555555555555557,0.5555555555555552,1.2500000000000002,0.5555555555555557,0.8333333333333336,0.2777777777777778,0.8333333333333336,0.9722222222222208,0.1388888888888889,0.4166666666666668,0.2777777777777778,0.2777777777777778,0.5555555555555557,0.0,0.2777777777777778,0.0,0.0,0.0,0.0,0.0,0.0,0.0,0.0,0.0,0.0,0.0,0.1388888888888889,0.5555555555555556,0.0,0.1388888888888889,0.6944444444444445,0.2777777777777776,0.5555555555555557,1.6666666666666672,1.805555555555556,0.9722222222222224,0.4166666666666668,0.5555555555555548,0.0,0.2777777777777778,0.2777777777777778,0.4166666666666668,0.5555555555555557,0.0,0.5555555555555557,0.0,0.0,0.0,0.0,0.0,0.0,0.0,0.0,0.0,0.0,0.0,0.0,0.0,0.2777777777777777,0.0,0.0,0.1388888888888888,0.0,0.6944444444444445,0.6944444444444445,0.5555555555555557,0.9722222222222224,0.2777777777777774,0.8333333333333335,0.9722222222222224,0.2777777777777778,0.1388888888888889,0.2777777777777778,0.0,0.0,0.0,0.0,0.0,0.0,0.0,0.0,0.0,0.0,0.0,0.0,0.0,12,9321715.938436853,4.709515054793097,3.833583130725543,216,0.6944444444444444,1.3888888888888888,1.111111111111111,0.6944444444444445,1.2500000000000002,0.9722222222222217,1.805555555555556,3.055555555555556,3.4722222222222228,1.9444444444444449,2.361111111111112,2.0833333333333304,1.2500000000000002,1.9444444444444449,1.1111111111111114,0.9722222222222224,1.527777777777778,1.527777777777778,0.8333333333333335,0.0,0.0,0.0,0.0,0.0,0.0,0.0,0.0,0.0,0.0,0.0,6.800168443063395,35.09213015,-84.02365424999999,12,13,179790,B
0.4461352472622329,3.0217975452010286,3.1041554941421783,87.51302977153247,1.0558523846445629,2.825806451612903,0.0,0.7483870967741936,0.0,0.0,0.5357142857142856,0.0,0.5357142857142859,0.0,0.0,0.5357142857142858,3.2142857142857157,3.214285714285715,2.678571428571429,2.6785714285714253,0.5357142857142858,3.2142857142857157,1.6071428571428574,2.678571428571429,1.6071428571428574,2.678571428571429,3.214285714285715,0.5357142857142858,0.5357142857142858,0.0,0.0,0.0,0.0,0.0,0.0,0.0,0.0,0.0,0.0,0.0,0.5357142857142856,0.0,0.5357142857142859,0.0,0.0,0.0,1.0714285714285718,0.5357142857142859,0.0,0.0,0.0,0.0,0.0,0.0,0.0,0.0,0.0,0.0,0.0,0.0,0.0,0.0,0.0,0.0,0.0,0.0,0.0,0.0,0.0,0.0,0.0,0.0,0.0,0.0,0.0,0.5357142857142858,0.5357142857142858,0.5357142857142858,0.5357142857142858,0.5357142857142849,0.0,2.6785714285714293,1.0714285714285716,0.5357142857142858,0.5357142857142858,1.0714285714285716,0.5357142857142858,0.0,0.0,0.0,0.0,0.0,0.0,0.0,0.0,0.0,0.0,0.0,0.0,0.0,0.0,0.0,0.0,0.0,0.0,0.0,1.6071428571428574,2.1428571428571432,2.1428571428571432,1.07142857142857,0.5357142857142858,0.5357142857142858,0.5357142857142858,0.0,1.0714285714285716,1.0714285714285716,1.6071428571428574,0.5357142857142858,0.5357142857142858,0.0,0.0,0.0,0.0,0.0,0.0,0.0,0.0,0.0,12,2997047.436708948,4.686912156490609,1.9240330092801012,56,0.0,0.0,0.5357142857142856,0.0,0.5357142857142858,0.0,0.0,0.5357142857142858,3.214285714285715,3.214285714285715,2.6785714285714293,2.6785714285714244,0.5357142857142858,3.214285714285715,1.6071428571428574,2.6785714285714293,1.6071428571428574,2.6785714285714293,3.214285714285715,0.5357142857142858,0.5357142857142858,0.0,0.0,0.0,0.0,0.0,0.0,0.0,0.0,0.0,3.308073187309869,39.864681,-83.93434149999999,12,14,182073,B
0.3223987735675393,3.19531748334708,3.1754312061162504,56.96605834104305,1.1159041062537236,2.9370199692780337,0.0,0.6006144393241167,2.544169611307421,1.2720848056537104,1.3780918727915192,1.1660777385159014,1.908127208480566,1.696113074204946,1.484098939929329,1.484098939929329,1.1660777385159014,1.6961130742049475,1.1660777385159014,1.2720848056537084,0.7420494699646644,1.8021201413427568,1.6961130742049473,1.3780918727915197,1.8021201413427568,2.3321554770318027,1.6961130742049475,0.2120141342756184,0.1060070671378092,0.0,0.0,0.0,0.0,0.0,0.0,0.0,0.0,0.0,0.0,0.1060070671378091,0.9540636042402824,0.6360424028268552,1.1660777385159014,0.848056537102473,0.7420494699646645,0.7420494699646645,0.1060070671378092,0.7420494699646645,0.3180212014134276,0.212014134275618,0.530035335689046,0.1060070671378092,0.3180212014134276,0.1060070671378092,0.2120141342756184,0.4240282685512369,0.2120141342756184,0.1060070671378092,0.1060070671378092,0.0,0.0,0.0,0.0,0.0,0.0,0.0,0.0,0.0,0.1060070671378092,0.8480565371024736,0.3180212014134275,0.530035335689046,0.6360424028268553,0.7420494699646639,0.3180212014134276,0.2120141342756184,0.3180212014134276,0.6360424028268553,0.0,0.4240282685512361,0.0,0.6360424028268553,0.530035335689046,0.3180212014134276,0.3180212014134276,0.3180212014134276,0.6360424028268553,0.0,0.0,0.0,0.0,0.0,0.0,0.0,0.0,0.0,0.0,0.0,2.3321554770318023,0.3180212014134276,0.0,0.0,0.0,0.1060070671378091,0.3180212014134276,0.2120141342756184,0.2120141342756184,0.2120141342756184,0.530035335689046,0.4240282685512361,0.1060070671378092,0.2120141342756184,0.6360424028268553,0.4240282685512368,0.9540636042402828,0.530035335689046,0.1060070671378092,0.1060070671378092,0.0,0.0,0.0,0.0,0.0,0.0,0.0,0.0,0.0,0.0,12,9221329.69936816,2.699461155156605,1.7960065214270726,283,2.5441696113074204,1.2720848056537102,1.3780918727915192,1.1660777385159014,1.9081272084805656,1.696113074204946,1.484098939929329,1.484098939929329,1.1660777385159014,1.6961130742049475,1.1660777385159014,1.2720848056537084,0.7420494699646645,1.8021201413427568,1.6961130742049475,1.37809187279152,1.8021201413427568,2.3321554770318027,1.6961130742049475,0.2120141342756184,0.1060070671378092,0.0,0.0,0.0,0.0,0.0,0.0,0.0,0.0,0.0,3.157671253948178,39.22969005,-84.45520375000001,12,14,182231,B
0.1879660312479579,3.366682144608453,3.318457867871293,57.01380593043537,1.097368925887348,2.601941747572816,0.0,0.6310679611650486,0.8057851239669422,0.3099173553719008,0.1859504132231405,1.2396694214876034,1.1776859504132235,2.541322314049585,2.2314049586776865,2.231404958677686,2.5413223140495877,3.53305785123967,2.1694214876033064,2.0454545454545423,1.5495867768595042,2.169421487603306,1.6115702479338845,1.1157024793388433,0.7438016528925622,0.9917355371900828,0.7438016528925622,0.0619834710743801,0.0,0.0,0.0,0.0,0.0,0.0,0.0,0.0,0.0,0.0,0.0619834710743801,0.1859504132231405,0.1239669421487603,0.6198347107438018,0.8057851239669424,1.0537190082644623,1.1157024793388433,0.4958677685950414,1.301652892561984,0.9297520661157028,0.681818181818182,1.1157024793388413,0.5578512396694216,0.7438016528925622,0.8677685950413226,0.4958677685950414,0.3099173553719009,0.6198347107438018,0.1859504132231405,0.0,0.0,0.0,0.0,0.0,0.0,0.0,0.0,0.0,0.0,0.0,0.0619834710743801,0.1239669421487603,0.0619834710743801,0.4338842975206612,0.0619834710743801,0.991735537190082,0.7438016528925622,0.8057851239669424,1.053719008264463,0.9297520661157028,0.4338842975206612,0.6818181818181809,0.3719008264462811,0.7438016528925622,0.3099173553719009,0.1859504132231405,0.3099173553719009,0.1859504132231405,0.3719008264462811,0.0619834710743801,0.0,0.0,0.0,0.0,0.0,0.0,0.0,0.0,0.0,0.0,0.0,0.0,0.0,0.0,0.0619834710743801,0.1859504132231403,0.2479338842975207,0.371900826446281,0.1239669421487603,0.5578512396694215,0.6198347107438018,0.1859504132231402,0.371900826446281,0.4958677685950414,0.371900826446281,0.3099173553719009,0.0,0.1239669421487603,0.0619834710743801,0.0,0.0,0.0,0.0,0.0,0.0,0.0,0.0,0.0,0.0,0.0,12,47889974.39163083,4.361499499849044,2.575962884749053,484,0.8057851239669421,0.3099173553719008,0.1859504132231404,1.2396694214876036,1.177685950413223,2.541322314049585,2.2314049586776865,2.2314049586776865,2.5413223140495877,3.53305785123967,2.1694214876033064,2.0454545454545423,1.5495867768595044,2.1694214876033064,1.6115702479338847,1.1157024793388433,0.7438016528925621,0.9917355371900828,0.7438016528925621,0.0619834710743801,0.0,0.0,0.0,0.0,0.0,0.0,0.0,0.0,0.0,0.0,8.76217442634089,39.1614915,-84.63514029999999,12,13,182275,B
0.2043042711411452,3.346655091556344,3.314833381511299,75.98476739742996,1.1045742343793037,2.7965616045845274,0.0,0.6819484240687679,0.4918032786885246,0.7377049180327868,0.2459016393442622,0.7377049180327869,0.2459016393442623,0.2459016393442621,0.4918032786885247,1.475409836065574,0.9836065573770494,2.4590163934426235,0.2459016393442623,2.950819672131144,3.1967213114754105,2.4590163934426235,1.9672131147540988,2.950819672131148,1.9672131147540988,1.7213114754098364,3.442622950819673,0.737704918032787,0.2459016393442623,0.0,0.0,0.0,0.0,0.0,0.0,0.0,0.0,0.0,0.2459016393442622,0.4918032786885245,0.2459016393442622,0.7377049180327869,0.0,0.0,0.2459016393442623,0.2459016393442623,0.2459016393442623,0.0,0.0,0.2459016393442619,0.0,0.0,0.0,0.2459016393442623,0.0,0.2459016393442623,0.0,0.0,0.0,0.0,0.0,0.0,0.0,0.0,0.0,0.0,0.0,0.0,0.0,0.2459016393442623,0.0,0.0,0.2459016393442623,0.2459016393442621,0.2459016393442623,0.737704918032787,0.2459016393442623,1.475409836065574,0.2459016393442623,0.9836065573770476,1.2295081967213115,0.9836065573770496,0.9836065573770496,1.7213114754098366,1.2295081967213115,0.9836065573770496,3.1967213114754105,0.2459016393442623,0.0,0.0,0.0,0.0,0.0,0.0,0.0,0.0,0.0,0.0,0.0,0.0,0.0,0.0,0.0,0.0,0.0,0.0,0.4918032786885247,0.7377049180327869,0.0,0.7377049180327858,0.4918032786885247,0.7377049180327869,0.2459016393442623,0.4918032786885247,0.2459016393442623,0.4918032786885247,0.0,0.2459016393442623,0.0,0.0,0.0,0.0,0.0,0.0,0.0,0.0,0.0,0.0,12,6021341.468776598,2.4877375586871056,3.3397950810263284,122,0.4918032786885246,0.7377049180327869,0.2459016393442622,0.737704918032787,0.2459016393442623,0.2459016393442621,0.4918032786885247,1.475409836065574,0.9836065573770494,2.4590163934426235,0.2459016393442623,2.9508196721311437,3.196721311475411,2.4590163934426235,1.9672131147540988,2.950819672131148,1.9672131147540988,1.7213114754098364,3.442622950819673,0.737704918032787,0.2459016393442623,0.0,0.0,0.0,0.0,0.0,0.0,0.0,0.0,0.0,3.3135103081159865,39.491774,-83.6327085,12,13,182386,B
0.3368091713107939,3.1759749116472578,3.315131126620016,65.52321588812215,1.103174682806053,2.784053156146179,0.0,0.6611295681063123,0.4128440366972477,0.4128440366972477,0.2752293577981651,0.4128440366972478,0.4128440366972478,0.9633027522935776,1.2385321100917437,0.8256880733944956,1.5137614678899087,2.61467889908257,2.8899082568807346,1.376146788990824,2.61467889908257,2.2018348623853217,2.064220183486239,2.201834862385321,1.9266055045871568,2.0642201834862397,3.440366972477065,0.1376146788990826,0.0,0.0,0.0,0.0,0.0,0.0,0.0,0.0,0.0,0.0,0.2752293577981651,0.2752293577981651,0.1376146788990825,0.2752293577981652,0.4128440366972478,0.6880733944954125,0.5504587155963304,0.1376146788990826,0.5504587155963304,0.5504587155963304,0.5504587155963304,0.1376146788990823,0.9633027522935784,0.2752293577981652,0.1376146788990826,0.2752293577981652,0.1376146788990826,0.1376146788990826,0.4128440366972478,0.0,0.0,0.0,0.0,0.0,0.0,0.0,0.0,0.0,0.0,0.0,0.0,0.1376146788990825,0.1376146788990825,0.1376146788990826,0.0,0.1376146788990825,0.688073394495413,0.4128440366972478,0.5504587155963304,1.2385321100917437,0.5504587155963304,1.100917431192659,0.8256880733944956,1.376146788990826,1.1009174311926608,0.8256880733944956,0.688073394495413,1.376146788990826,2.61467889908257,0.1376146788990826,0.0,0.0,0.0,0.0,0.0,0.0,0.0,0.0,0.0,0.0,0.0,0.0,0.0,0.0,0.0,0.1376146788990825,0.0,0.2752293577981652,0.4128440366972478,0.8256880733944956,0.9633027522935784,0.0,0.5504587155963304,0.5504587155963304,0.6880733944954129,0.8256880733944956,0.9633027522935784,0.5504587155963304,0.1376146788990826,0.0,0.0,0.0,0.0,0.0,0.0,0.0,0.0,0.0,0.0,0.0,12,8296113.8575271,3.279340454169549,3.83749639017845,218,0.4128440366972477,0.4128440366972477,0.2752293577981651,0.4128440366972478,0.4128440366972478,0.9633027522935772,1.2385321100917437,0.8256880733944956,1.5137614678899085,2.6146788990825693,2.8899082568807346,1.3761467889908237,2.6146788990825693,2.2018348623853217,2.0642201834862397,2.2018348623853217,1.9266055045871564,2.0642201834862397,3.4403669724770647,0.1376146788990826,0.0,0.0,0.0,0.0,0.0,0.0,0.0,0.0,0.0,0.0,5.724163689104439,40.1090574,-83.26693499999999,12,12,182477,B
0.8113911524871656,2.3405720604225726,2.465314095009632,70.8671338822673,1.0798584405848075,2.956611570247934,0.0,0.5568181818181818,0.2132701421800948,0.1421800947867298,0.4265402843601895,0.4265402843601896,0.4265402843601896,0.7819905213270137,1.4928909952606635,1.066350710900474,0.8530805687203793,1.5639810426540286,1.5639810426540288,2.2748815165876746,1.9905213270142184,1.5639810426540288,1.9905213270142184,1.7061611374407588,1.7772511848341237,2.274881516587678,4.976303317535546,2.488151658767773,0.0,0.0,0.0,0.0,0.0,0.0,0.0,0.0,0.0,0.0,0.0710900473933649,0.0710900473933649,0.0710900473933649,0.2132701421800948,0.3554502369668246,0.3554502369668244,0.6398104265402844,0.6398104265402844,0.2843601895734597,0.2843601895734597,0.2843601895734597,0.1421800947867296,0.1421800947867298,0.1421800947867298,0.0710900473933649,0.2843601895734597,0.1421800947867298,0.5687203791469195,0.2843601895734597,0.0,0.0,0.0,0.0,0.0,0.0,0.0,0.0,0.0,0.0,0.0,0.0,0.0,0.2843601895734596,0.1421800947867298,0.0,0.2843601895734595,0.2132701421800948,0.0,0.1421800947867298,0.3554502369668247,0.3554502369668247,0.2843601895734593,0.4976303317535547,0.3554502369668247,0.7109004739336494,0.4976303317535547,0.4976303317535547,0.8530805687203792,3.767772511848342,2.203791469194313,0.0,0.0,0.0,0.0,0.0,0.0,0.0,0.0,0.0,0.0,0.0,0.0,0.0,0.0,0.0,0.0710900473933648,0.5687203791469195,0.3554502369668246,0.3554502369668246,0.5687203791469195,0.3554502369668246,0.8530805687203779,0.4976303317535546,0.5687203791469195,0.6398104265402844,0.5687203791469195,0.4976303317535546,0.6398104265402844,0.8530805687203792,0.2843601895734597,0.0,0.0,0.0,0.0,0.0,0.0,0.0,0.0,0.0,0.0,12,34490749.95917286,2.8230490026548507,4.681977445575525,422,0.2132701421800948,0.1421800947867298,0.4265402843601895,0.4265402843601896,0.4265402843601896,0.7819905213270136,1.4928909952606635,1.0663507109004742,0.8530805687203793,1.5639810426540286,1.5639810426540286,2.2748815165876746,1.9905213270142184,1.5639810426540286,1.9905213270142184,1.7061611374407586,1.7772511848341237,2.274881516587678,4.976303317535546,2.488151658767773,0.0,0.0,0.0,0.0,0.0,0.0,0.0,0.0,0.0,0.0,5.880326757257269,41.5097365,-82.9357694,12,12,182520,B
0.8972572678617328,2.0905360874201726,2.302917170531468,82.22666320103593,1.0787468714571131,2.836488812392427,0.0,0.6316695352839932,0.6578947368421053,0.131578947368421,0.0,0.0,0.131578947368421,0.6578947368421049,1.3157894736842106,1.973684210526316,1.710526315789474,1.973684210526316,1.710526315789474,2.763157894736838,3.1578947368421058,2.6315789473684217,1.973684210526316,2.368421052631579,2.7631578947368425,1.3157894736842106,1.973684210526316,0.6578947368421054,0.131578947368421,0.0,0.0,0.0,0.0,0.0,0.0,0.0,0.0,0.0,0.2631578947368421,0.131578947368421,0.0,0.0,0.131578947368421,0.2631578947368419,0.2631578947368421,0.131578947368421,0.7894736842105264,0.5263157894736843,0.131578947368421,0.1315789473684208,0.0,0.131578947368421,0.2631578947368421,0.2631578947368421,0.131578947368421,0.0,0.131578947368421,0.0,0.0,0.0,0.0,0.0,0.0,0.0,0.0,0.0,0.0,0.0,0.0,0.0,0.0,0.0,0.0,0.2631578947368419,0.9210526315789476,0.6578947368421053,0.2631578947368421,0.7894736842105264,0.3947368421052632,0.7894736842105252,1.710526315789474,1.710526315789474,0.9210526315789476,1.447368421052632,1.710526315789474,0.6578947368421053,1.0526315789473686,0.3947368421052632,0.0,0.0,0.0,0.0,0.0,0.0,0.0,0.0,0.0,0.0,0.0,0.0,0.0,0.0,0.0,0.131578947368421,0.0,0.2631578947368421,0.2631578947368421,0.131578947368421,0.3947368421052632,0.921052631578946,0.6578947368421054,0.6578947368421054,0.6578947368421054,0.3947368421052632,0.9210526315789476,0.5263157894736843,0.5263157894736843,0.131578947368421,0.131578947368421,0.0,0.0,0.0,0.0,0.0,0.0,0.0,0.0,0.0,12,19594379.046651337,2.6780432729013266,2.762963854371221,228,0.6578947368421053,0.131578947368421,0.0,0.0,0.131578947368421,0.6578947368421049,1.3157894736842108,1.9736842105263164,1.710526315789474,1.9736842105263164,1.710526315789474,2.763157894736838,3.1578947368421058,2.6315789473684217,1.9736842105263164,2.36842105263158,2.7631578947368425,1.3157894736842108,1.9736842105263164,0.6578947368421054,0.131578947368421,0.0,0.0,0.0,0.0,0.0,0.0,0.0,0.0,0.0,5.1386136476912,40.482734,-84.6315487,12,13,182552,B
0.2804865946977992,3.250434509911682,3.2522978534121294,77.62584620273734,1.105290521677078,2.6443298969072164,0.0,0.6391752577319587,1.8584070796460177,0.0,1.5929203539823007,2.389380530973452,1.858407079646018,0.5309734513274333,1.858407079646018,1.0619469026548676,2.920353982300885,2.123893805309735,0.7964601769911507,1.8584070796460157,1.5929203539823014,2.123893805309735,1.3274336283185844,1.0619469026548676,2.389380530973452,1.0619469026548676,1.3274336283185844,0.0,0.2654867256637169,0.0,0.0,0.0,0.0,0.0,0.0,0.0,0.0,0.0,0.0,0.0,0.5309734513274336,1.0619469026548676,0.5309734513274338,0.2654867256637166,1.0619469026548676,0.0,1.3274336283185844,0.2654867256637169,0.2654867256637169,0.5309734513274329,0.0,0.0,0.0,0.2654867256637169,0.5309734513274338,0.2654867256637169,0.2654867256637169,0.0,0.0,0.0,0.0,0.0,0.0,0.0,0.0,0.0,0.0,0.0,0.2654867256637168,0.0,1.0619469026548671,1.327433628318584,0.7964601769911506,0.0,0.2654867256637169,0.0,0.2654867256637169,0.7964601769911506,0.0,0.2654867256637164,0.2654867256637169,0.7964601769911506,0.7964601769911506,0.2654867256637169,1.0619469026548676,0.5309734513274338,0.7964601769911506,0.0,0.2654867256637169,0.0,0.0,0.0,0.0,0.0,0.0,0.0,0.0,0.0,0.0,0.0,0.0,0.0,0.5309734513274338,0.2654867256637166,0.2654867256637169,0.5309734513274338,0.2654867256637169,0.7964601769911506,0.5309734513274338,0.7964601769911493,0.2654867256637169,0.7964601769911506,0.2654867256637169,0.5309734513274338,0.5309734513274338,0.2654867256637169,0.2654867256637169,0.0,0.0,0.0,0.0,0.0,0.0,0.0,0.0,0.0,0.0,0.0,12,5829774.958252125,3.3416633080178872,4.229363724580034,113,1.8584070796460177,0.0,1.5929203539823007,2.389380530973452,1.858407079646018,0.5309734513274333,1.858407079646018,1.0619469026548676,2.920353982300885,2.123893805309735,0.7964601769911506,1.858407079646015,1.5929203539823011,2.123893805309735,1.3274336283185844,1.0619469026548676,2.389380530973452,1.0619469026548676,1.3274336283185844,0.0,0.2654867256637169,0.0,0.0,0.0,0.0,0.0,0.0,0.0,0.0,0.0,5.983168175330007,39.53244295,-84.0878651,12,12,183323,B
0.4168239805576041,3.064523850838641,3.056086835510316,42.151590286550544,1.0926599210355628,2.893360160965795,0.0,0.5714285714285714,0.4313099041533546,0.7188498402555912,1.1501597444089455,0.9105431309904156,1.5814696485623008,1.4376996805111812,2.012779552715656,2.779552715654953,2.7316293929712465,2.8753993610223647,1.773162939297125,1.821086261980828,1.150159744408946,1.5335463258785944,1.0063897763578276,1.1022364217252396,1.9648562300319488,1.246006389776358,1.10223642172524,0.2396166134185304,0.2875399361022365,0.0958466453674121,0.0,0.0,0.0,0.047923322683706,0.0,0.0,0.0,0.0,0.0958466453674121,0.1437699680511182,0.6709265175718849,0.6709265175718852,1.150159744408946,1.006389776357827,0.9584664536741216,1.0543130990415337,0.9584664536741216,0.8146964856230035,0.6230031948881791,0.670926517571884,0.3833865814696487,0.3354632587859426,0.0958466453674121,0.047923322683706,0.4792332268370608,0.2396166134185304,0.2875399361022365,0.2396166134185304,0.047923322683706,0.047923322683706,0.0,0.0,0.0,0.047923322683706,0.0,0.0,0.0,0.0,0.047923322683706,0.1916932907348242,0.3833865814696485,0.0958466453674121,0.2396166134185303,0.2396166134185302,0.2396166134185303,0.4313099041533547,0.4313099041533547,0.4792332268370607,0.2396166134185303,0.47923322683706,0.5750798722044729,0.5271565495207668,0.4792332268370607,0.3833865814696486,0.5271565495207668,0.4792332268370607,0.2396166134185303,0.0,0.0,0.0,0.0,0.0,0.0,0.0,0.0,0.0,0.0,0.0,0.0,0.1916932907348243,0.0,0.047923322683706,0.1437699680511182,0.1916932907348241,0.6230031948881791,0.8146964856230035,0.8626198083067095,0.7188498402555912,0.5271565495207668,0.383386581469648,0.1916932907348243,0.5750798722044729,0.2875399361022364,0.5750798722044729,0.8626198083067095,0.1916932907348243,0.0958466453674121,0.0,0.2396166134185304,0.047923322683706,0.0,0.0,0.0,0.0,0.0,0.0,0.0,0.0,12,25379871.042468,1.903018620951101,3.489260956658458,626,0.4313099041533546,0.7188498402555911,1.1501597444089455,0.9105431309904156,1.5814696485623008,1.4376996805111812,2.012779552715655,2.779552715654953,2.7316293929712465,2.875399361022365,1.7731629392971249,1.821086261980828,1.150159744408946,1.5335463258785946,1.0063897763578276,1.1022364217252398,1.9648562300319488,1.2460063897763582,1.1022364217252398,0.2396166134185303,0.2875399361022365,0.0958466453674121,0.0,0.0,0.0,0.047923322683706,0.0,0.0,0.0,0.0,2.8478565577618227,45.596865,-122.9915532,13,12,186642,B
0.7489144858624723,2.487383375688629,2.7437312080807468,51.44062422983598,1.1144738782877448,2.520884520884521,0.0,0.601965601965602,0.4639175257731959,0.6185567010309279,0.3092783505154639,0.463917525773196,0.618556701030928,1.2371134020618548,1.855670103092784,1.54639175257732,3.556701030927836,3.09278350515464,2.938144329896908,2.474226804123708,1.237113402061856,1.54639175257732,1.237113402061856,2.010309278350516,0.618556701030928,2.628865979381444,1.54639175257732,0.0,0.0,0.0,0.0,0.0,0.0,0.0,0.0,0.0,0.0,0.0,0.0,0.1546391752577319,0.0,0.309278350515464,0.309278350515464,1.082474226804123,0.618556701030928,0.309278350515464,1.082474226804124,1.3917525773195878,0.7731958762886599,0.4639175257731951,0.0,0.618556701030928,0.0,0.4639175257731959,0.309278350515464,0.4639175257731959,0.154639175257732,0.0,0.0,0.0,0.0,0.0,0.0,0.0,0.0,0.0,0.0,0.0,0.0,0.1546391752577319,0.3092783505154639,0.154639175257732,0.309278350515464,0.1546391752577318,1.082474226804124,0.927835051546392,1.391752577319588,1.082474226804124,0.618556701030928,1.5463917525773172,0.463917525773196,0.463917525773196,0.463917525773196,0.618556701030928,0.154639175257732,1.237113402061856,1.391752577319588,0.0,0.0,0.0,0.0,0.0,0.0,0.0,0.0,0.0,0.0,0.0,0.0,0.0,0.0,0.0,0.0,0.0,0.154639175257732,0.0,0.154639175257732,0.154639175257732,0.618556701030928,0.1546391752577317,0.309278350515464,0.4639175257731959,0.4639175257731959,0.309278350515464,0.154639175257732,0.7731958762886599,0.0,0.0,0.0,0.0,0.0,0.0,0.0,0.0,0.0,0.0,0.0,0.0,12,4573777.206236329,3.212657052269205,3.3334112470857216,194,0.4639175257731959,0.6185567010309279,0.3092783505154638,0.4639175257731959,0.618556701030928,1.2371134020618548,1.855670103092784,1.54639175257732,3.556701030927836,3.09278350515464,2.938144329896908,2.474226804123708,1.237113402061856,1.54639175257732,1.237113402061856,2.010309278350516,0.618556701030928,2.628865979381444,1.54639175257732,0.0,0.0,0.0,0.0,0.0,0.0,0.0,0.0,0.0,0.0,0.0,4.551512731753481,43.9235255,-123.0133235,12,13,186700,B
0.6031389795465725,2.7706720006769405,2.901392434485853,89.14037484609173,1.0732414028163173,2.4910714285714284,0.0,0.5245535714285714,0.5769230769230769,0.0,0.0,0.2884615384615385,0.8653846153846155,0.8653846153846149,1.7307692307692313,0.8653846153846156,2.3076923076923084,2.01923076923077,0.5769230769230771,1.7307692307692284,1.7307692307692313,1.1538461538461542,1.4423076923076923,2.884615384615385,2.01923076923077,4.038461538461539,4.903846153846155,0.0,0.0,0.0,0.0,0.0,0.0,0.0,0.0,0.0,0.0,0.0,0.2884615384615384,0.0,0.0,0.2884615384615385,0.8653846153846155,0.5769230769230765,0.0,0.2884615384615385,0.2884615384615385,0.2884615384615385,0.0,0.0,0.0,0.0,0.2884615384615385,0.2884615384615385,0.2884615384615385,0.0,0.2884615384615385,0.0,0.0,0.0,0.0,0.0,0.0,0.0,0.0,0.0,0.0,0.0,0.0,0.0,0.0,0.0,0.0,0.2884615384615383,1.1538461538461542,0.5769230769230771,0.5769230769230771,1.1538461538461542,0.0,0.8653846153846142,0.8653846153846156,0.0,0.0,0.8653846153846156,0.5769230769230771,2.01923076923077,2.596153846153847,0.0,0.0,0.0,0.0,0.0,0.0,0.0,0.0,0.0,0.0,0.0,0.0,0.0,0.0,0.0,0.0,0.0,0.5769230769230771,0.0,0.2884615384615385,0.0,0.0,0.5769230769230761,0.2884615384615385,0.5769230769230771,0.8653846153846155,1.1538461538461542,1.1538461538461542,1.730769230769231,2.01923076923077,0.0,0.0,0.0,0.0,0.0,0.0,0.0,0.0,0.0,0.0,0.0,12,6455601.792186626,3.5963870687009765,4.382452133097744,104,0.5769230769230769,0.0,0.0,0.2884615384615385,0.8653846153846155,0.8653846153846149,1.730769230769231,0.8653846153846155,2.3076923076923084,2.0192307692307696,0.5769230769230771,1.7307692307692284,1.730769230769231,1.1538461538461542,1.4423076923076923,2.884615384615385,2.0192307692307696,4.038461538461539,4.903846153846155,0.0,0.0,0.0,0.0,0.0,0.0,0.0,0.0,0.0,0.0,0.0,7.264022625053226,43.1789055,-124.188349,12,12,186757,B
0.1111854288998092,3.458207641902116,3.4504569392444417,102.0349784424882,1.0645077239450715,2.894578313253012,0.0,0.7108433734939759,0.3191489361702128,0.2127659574468084,0.1063829787234042,0.6382978723404256,0.9574468085106383,1.063829787234042,2.021276595744681,2.127659574468085,2.9787234042553195,2.2340425531914896,2.7659574468085117,2.127659574468082,3.617021276595744,1.914893617021277,2.5531914893617023,1.3829787234042556,1.2765957446808511,0.3191489361702128,1.3829787234042556,0.0,0.0,0.0,0.0,0.0,0.0,0.0,0.0,0.0,0.0,0.0,0.2127659574468085,0.1063829787234042,0.0,0.1063829787234042,0.0,0.3191489361702125,0.0,0.3191489361702128,0.1063829787234042,0.3191489361702128,0.1063829787234042,0.4255319148936164,0.1063829787234042,0.3191489361702128,0.1063829787234042,0.0,0.1063829787234042,0.0,0.0,0.0,0.0,0.0,0.0,0.0,0.0,0.0,0.0,0.0,0.0,0.0,0.0,0.1063829787234042,0.0,0.2127659574468085,0.6382978723404256,0.3191489361702125,0.5319148936170213,0.6382978723404256,1.170212765957447,0.6382978723404256,0.5319148936170213,0.3191489361702123,2.127659574468085,1.0638297872340423,0.5319148936170213,0.2127659574468085,0.6382978723404256,0.2127659574468085,1.170212765957447,0.0,0.0,0.0,0.0,0.0,0.0,0.0,0.0,0.0,0.0,0.0,0.0,0.0,0.1063829787234042,0.3191489361702128,0.3191489361702128,0.4255319148936167,0.8510638297872342,0.4255319148936171,1.0638297872340428,0.4255319148936171,1.7021276595744683,1.170212765957445,1.2765957446808511,0.5319148936170214,0.9574468085106383,1.0638297872340428,0.3191489361702128,0.1063829787234042,0.2127659574468085,0.0,0.0,0.0,0.0,0.0,0.0,0.0,0.0,0.0,0.0,0.0,12,32629607.166289423,3.557346880639903,3.742125437184819,282,0.3191489361702128,0.2127659574468085,0.1063829787234042,0.6382978723404257,0.9574468085106383,1.063829787234042,2.021276595744681,2.127659574468085,2.97872340425532,2.2340425531914896,2.7659574468085117,2.127659574468082,3.6170212765957457,1.914893617021277,2.5531914893617027,1.3829787234042556,1.2765957446808514,0.3191489361702128,1.3829787234042556,0.0,0.0,0.0,0.0,0.0,0.0,0.0,0.0,0.0,0.0,0.0,7.857945239833084,40.14910375,-79.88326395,12,13,187200,B
0.1275218769202356,3.4390756922567296,3.428389684890237,87.78980941295139,1.0500115064591122,2.957244655581948,0.0,0.6116389548693587,0.2295918367346938,0.0,0.7653061224489794,1.3010204081632657,1.3775510204081636,1.3775510204081622,2.1428571428571432,1.6071428571428574,2.984693877551021,3.061224489795919,2.602040816326531,2.14285714285714,2.448979591836735,1.9132653061224492,1.0714285714285716,1.1479591836734695,1.4540816326530617,1.0714285714285716,0.9183673469387756,0.3826530612244898,0.0,0.0,0.0,0.0,0.0,0.0,0.0,0.0,0.0,0.0,0.0765306122448979,0.0,0.0,0.0,0.0765306122448979,0.0,0.0765306122448979,0.0,0.1530612244897959,0.1530612244897959,0.0,0.2295918367346935,0.1530612244897959,0.1530612244897959,0.0765306122448979,0.0,0.0,0.0,0.0,0.0,0.0,0.0,0.0,0.0,0.0,0.0,0.0,0.0,0.0,0.0,0.0765306122448979,0.0,0.0765306122448979,0.3061224489795919,0.4591836734693878,0.4591836734693875,0.8418367346938777,0.6122448979591839,0.994897959183674,1.3010204081632657,1.0714285714285716,1.0714285714285698,1.9132653061224492,1.3010204081632657,0.6122448979591839,0.8418367346938777,0.8418367346938777,0.6887755102040818,0.8418367346938777,0.1530612244897959,0.0,0.0,0.0,0.0,0.0,0.0,0.0,0.0,0.0,0.0,0.0,0.0,0.0,0.0,0.2295918367346938,0.7653061224489791,0.6122448979591838,0.7653061224489797,0.8418367346938777,0.6122448979591838,0.8418367346938777,0.7653061224489784,0.3826530612244898,0.4591836734693877,0.3826530612244898,0.3061224489795919,0.6122448979591838,0.3826530612244898,0.0765306122448979,0.2295918367346938,0.0,0.0,0.0,0.0,0.0,0.0,0.0,0.0,0.0,0.0,12,36474501.63684966,3.620411784262396,3.4643269190159627,392,0.2295918367346938,0.0,0.7653061224489794,1.3010204081632657,1.3775510204081636,1.3775510204081625,2.1428571428571432,1.6071428571428574,2.984693877551021,3.061224489795919,2.6020408163265314,2.14285714285714,2.448979591836735,1.9132653061224487,1.0714285714285716,1.1479591836734695,1.4540816326530617,1.0714285714285716,0.9183673469387756,0.3826530612244899,0.0,0.0,0.0,0.0,0.0,0.0,0.0,0.0,0.0,0.0,6.181041710849852,40.3265885,-79.615947,12,13,187211,B
0.2070566765836126,3.34326108525729,3.361031897734614,75.54540200756293,1.0676186948830544,2.7298787210584345,0.0,0.6747519294377067,0.5863192182410424,1.0749185667752443,0.6840390879478825,0.8794788273615637,0.5863192182410425,1.2703583061889243,1.3680781758957656,2.931596091205212,3.908794788273617,3.029315960912053,2.736156351791532,1.4657980456026038,1.0749185667752446,1.1726384364820848,2.34527687296417,1.1726384364820848,0.977198697068404,0.977198697068404,1.661237785016287,0.0977198697068404,0.0,0.0,0.0,0.0,0.0,0.0,0.0,0.0,0.0,0.0,0.0,0.2931596091205212,0.3908794788273614,0.488599348534202,0.1954397394136808,0.586319218241042,0.2931596091205212,0.3908794788273617,0.488599348534202,0.2931596091205212,0.1954397394136808,0.0977198697068402,0.0977198697068404,0.1954397394136808,0.2931596091205212,0.0977198697068404,0.0977198697068404,0.0,0.0977198697068404,0.0,0.0,0.0,0.0,0.0,0.0,0.0,0.0,0.0,0.0,0.0,0.1954397394136807,0.5863192182410424,0.0977198697068403,0.2931596091205212,0.3908794788273616,0.3908794788273613,0.488599348534202,1.856677524429968,2.247557003257329,1.1726384364820848,0.977198697068404,0.3908794788273609,0.1954397394136808,0.488599348534202,1.0749185667752446,0.5863192182410424,0.488599348534202,0.5863192182410424,1.1726384364820848,0.0,0.0,0.0,0.0,0.0,0.0,0.0,0.0,0.0,0.0,0.0,0.0,0.0,0.0977198697068403,0.0977198697068404,0.0,0.1954397394136806,0.3908794788273616,0.488599348534202,0.5863192182410424,0.7817589576547233,0.8794788273615638,0.6840390879478817,0.5863192182410424,0.3908794788273616,0.977198697068404,0.2931596091205212,0.2931596091205212,0.3908794788273616,0.0977198697068404,0.0977198697068404,0.0,0.0,0.0,0.0,0.0,0.0,0.0,0.0,0.0,0.0,12,14355060.421360211,3.81462386036478,3.216204615188064,307,0.5863192182410424,1.0749185667752443,0.6840390879478826,0.8794788273615637,0.5863192182410424,1.2703583061889243,1.368078175895766,2.9315960912052126,3.908794788273617,3.029315960912053,2.736156351791532,1.4657980456026038,1.0749185667752446,1.1726384364820848,2.345276872964169,1.1726384364820848,0.977198697068404,0.977198697068404,1.661237785016287,0.0977198697068404,0.0,0.0,0.0,0.0,0.0,0.0,0.0,0.0,0.0,0.0,5.97899016184055,40.265293,-80.18763100000001,12,13,187253,B
0.4264045021138364,3.0506792074659987,3.356924245161034,42.10308988857007,1.0630342839574511,2.7194556139808226,0.0,0.5697494587070832,0.2436823104693141,0.2166064981949458,0.7310469314079423,0.7581227436823106,1.0288808664259932,1.5703971119133564,1.8682310469314083,2.247292418772564,2.7617328519855606,2.003610108303249,2.247292418772564,2.3285198555956645,2.707581227436824,1.9223826714801449,1.705776173285199,1.245487364620939,1.272563176895307,1.5162454873646212,1.2184115523465706,0.2978339350180506,0.1083032490974729,0.0,0.0,0.0,0.0,0.0,0.0,0.0,0.0,0.0,0.0270758122743682,0.1624548736462094,0.5956678700361011,0.5144404332129965,0.568592057761733,0.5956678700361007,0.5144404332129965,1.1101083032490977,0.7851985559566791,0.5144404332129965,0.46028880866426,0.2978339350180501,0.5144404332129965,0.4332129963898918,0.3790613718411554,0.1895306859205777,0.1624548736462094,0.2436823104693141,0.1624548736462094,0.0,0.0270758122743682,0.0,0.0,0.0,0.0,0.0,0.0,0.0,0.0,0.0,0.0,0.0270758122743682,0.0541516245487364,0.1083032490974729,0.2166064981949459,0.3249097472924185,0.1895306859205776,0.2166064981949459,0.5415162454873648,0.5415162454873648,0.4873646209386282,0.7310469314079412,1.0830324909747295,0.8122743682310472,0.6498194945848377,0.6227436823104695,0.46028880866426,0.6498194945848377,0.3790613718411553,0.1083032490974729,0.0270758122743682,0.0,0.0,0.0,0.0,0.0,0.0,0.0,0.0,0.0,0.0,0.0,0.0,0.1083032490974729,0.1083032490974729,0.135379061371841,0.2707581227436823,0.3790613718411553,0.6768953068592058,0.5685920577617329,0.46028880866426,1.0559566787003596,0.8664259927797835,0.46028880866426,0.4061371841155236,0.2707581227436823,0.2166064981949458,0.3249097472924188,0.2978339350180506,0.1083032490974729,0.0541516245487364,0.0,0.0,0.0,0.0,0.0,0.0,0.0,0.0,0.0,12,58405244.67976149,4.469376338421367,4.700940956133651,1108,0.243682310469314,0.2166064981949458,0.7310469314079422,0.7581227436823107,1.028880866425993,1.5703971119133564,1.8682310469314083,2.247292418772564,2.76173285198556,2.0036101083032496,2.247292418772564,2.3285198555956645,2.7075812274368234,1.9223826714801449,1.705776173285199,1.2454873646209388,1.272563176895307,1.5162454873646214,1.2184115523465706,0.2978339350180506,0.1083032490974729,0.0,0.0,0.0,0.0,0.0,0.0,0.0,0.0,0.0,7.628705130271414,40.1763005,-80.24236450000001,12,12,187265,B
0.1500425958689334,3.4124050954011214,3.4306575090200866,31.72235270599541,1.073468225491662,2.486842105263158,0.0,0.5323464912280702,0.7801418439716311,0.7092198581560284,1.4893617021276593,1.5602836879432629,0.99290780141844,1.8439716312056729,2.4822695035461,2.624113475177306,1.98581560283688,1.9148936170212767,2.6950354609929086,1.914893617021274,1.98581560283688,1.063829787234043,1.3475177304964543,1.6312056737588656,1.0638297872340428,0.921985815602837,0.6382978723404257,0.2836879432624113,0.0,0.0,0.0709219858156028,0.0,0.0,0.0,0.0,0.0,0.0,0.0,0.0709219858156028,0.5673758865248227,0.9929078014184396,1.063829787234043,0.8510638297872343,1.1347517730496448,0.7801418439716314,1.48936170212766,0.8510638297872343,0.9219858156028372,1.2765957446808514,0.4255319148936164,0.1418439716312057,0.2127659574468085,0.2127659574468085,0.2127659574468085,0.2836879432624114,0.2836879432624114,0.2127659574468085,0.0,0.0,0.0,0.0709219858156028,0.0,0.0,0.0,0.0,0.0,0.0,0.0,0.0709219858156028,0.0709219858156028,0.3546099290780141,0.3546099290780142,0.0709219858156028,0.0,0.1418439716312056,0.3546099290780142,0.2127659574468085,0.1418439716312056,0.3546099290780142,0.5673758865248218,0.4964539007092199,0.1418439716312056,0.7092198581560285,0.851063829787234,0.2127659574468085,0.425531914893617,0.3546099290780142,0.2127659574468085,0.0,0.0,0.0,0.0,0.0,0.0,0.0,0.0,0.0,0.0,0.0,0.0,0.0,0.0,0.0,0.354609929078014,0.2836879432624114,0.4255319148936171,0.4255319148936171,0.3546099290780143,0.9219858156028372,0.567375886524822,1.1347517730496457,0.3546099290780143,0.0709219858156028,0.2127659574468085,0.2127659574468085,0.0709219858156028,0.0709219858156028,0.0,0.0,0.0,0.0,0.0,0.0,0.0,0.0,0.0,0.0,0.0,12,12482190.373381576,3.5572552607022225,1.8906904434049503,423,0.7801418439716312,0.7092198581560284,1.4893617021276593,1.5602836879432629,0.99290780141844,1.8439716312056729,2.4822695035461,2.6241134751773054,1.98581560283688,1.9148936170212767,2.695035460992908,1.9148936170212736,1.98581560283688,1.0638297872340428,1.347517730496454,1.6312056737588656,1.0638297872340428,0.9219858156028372,0.6382978723404257,0.2836879432624114,0.0,0.0,0.0709219858156028,0.0,0.0,0.0,0.0,0.0,0.0,0.0,4.283949776072816,41.0684511,-80.0574837,12,13,188411,B
0.07877195471673,3.495654146367294,3.494874517374534,68.6917082188594,1.077227379115901,2.556231003039514,0.0,0.6884498480243161,0.5357142857142857,0.7142857142857143,0.357142857142857,1.6071428571428574,0.892857142857143,1.607142857142856,1.428571428571429,2.8571428571428585,1.2500000000000002,1.785714285714286,2.6785714285714293,1.7857142857142834,2.500000000000001,1.4285714285714288,2.321428571428572,1.0714285714285716,1.2500000000000002,0.892857142857143,2.142857142857144,0.7142857142857144,0.0,0.0,0.0,0.0,0.1785714285714286,0.0,0.0,0.0,0.0,0.0,0.1785714285714285,0.5357142857142857,0.1785714285714285,0.5357142857142858,0.5357142857142858,0.357142857142857,0.8928571428571431,1.6071428571428577,0.3571428571428572,0.7142857142857144,1.4285714285714288,0.1785714285714283,0.5357142857142858,0.7142857142857144,0.3571428571428572,1.0714285714285716,0.5357142857142858,0.0,1.2500000000000004,0.0,0.0,0.0,0.0,0.0,0.1785714285714286,0.0,0.0,0.0,0.0,0.0,0.0,0.1785714285714285,0.0,0.7142857142857144,0.1785714285714286,0.5357142857142854,0.0,0.5357142857142858,0.7142857142857144,0.1785714285714286,0.3571428571428572,0.8928571428571416,0.892857142857143,0.3571428571428572,0.7142857142857144,0.0,0.1785714285714286,0.1785714285714286,0.3571428571428572,0.0,0.0,0.0,0.0,0.0,0.0,0.0,0.0,0.0,0.0,0.0,0.0,0.0,0.0,0.3571428571428572,0.0,0.0,0.0,0.1785714285714286,0.0,0.1785714285714286,0.5357142857142858,0.3571428571428566,0.7142857142857144,0.0,0.892857142857143,0.0,0.1785714285714286,0.3571428571428572,0.3571428571428572,0.3571428571428572,0.0,0.0,0.0,0.0,0.0,0.0,0.0,0.0,0.0,0.0,12,9814134.600145845,3.684092859499157,3.185178084300947,168,0.5357142857142857,0.7142857142857143,0.357142857142857,1.6071428571428574,0.892857142857143,1.607142857142856,1.4285714285714288,2.8571428571428577,1.2500000000000004,1.785714285714286,2.6785714285714293,1.785714285714283,2.500000000000001,1.4285714285714288,2.321428571428572,1.0714285714285716,1.2500000000000004,0.892857142857143,2.1428571428571432,0.7142857142857144,0.0,0.0,0.0,0.0,0.1785714285714286,0.0,0.0,0.0,0.0,0.0,5.590316882812218,45.6569185,4.7691035500000005,12,13,192697,B
0.2675734081705992,3.2670907155564213,3.226212208719048,69.12383732240123,1.1331552336903437,2.883116883116883,0.0,0.6363636363636364,1.006711409395973,1.006711409395973,0.8053691275167782,0.8053691275167787,1.6107382550335572,1.0067114093959726,1.208053691275168,2.214765100671141,2.8187919463087248,2.214765100671141,1.6107382550335574,2.416107382550332,2.214765100671141,2.61744966442953,1.2080536912751678,1.812080536912752,0.8053691275167787,0.604026845637584,0.8053691275167787,0.604026845637584,0.4026845637583893,0.0,0.2013422818791946,0.0,0.0,0.0,0.0,0.0,0.0,0.0,0.0,0.2013422818791946,0.2013422818791946,0.4026845637583893,1.2080536912751678,0.402684563758389,0.8053691275167787,1.0067114093959737,0.6040268456375839,0.8053691275167787,0.8053691275167787,0.604026845637583,0.8053691275167787,1.0067114093959737,0.2013422818791946,0.0,0.2013422818791946,0.2013422818791946,0.4026845637583893,0.0,0.2013422818791946,0.0,0.2013422818791946,0.0,0.0,0.0,0.0,0.0,0.0,0.0,0.8053691275167785,0.8053691275167785,0.6040268456375837,0.2013422818791946,0.0,0.2013422818791945,0.2013422818791946,0.6040268456375839,1.2080536912751678,1.2080536912751678,0.6040268456375839,0.8053691275167774,0.0,0.6040268456375839,0.4026845637583893,0.8053691275167787,0.4026845637583893,0.4026845637583893,0.4026845637583893,0.4026845637583893,0.2013422818791946,0.0,0.0,0.0,0.0,0.0,0.0,0.0,0.0,0.0,0.0,0.0,0.0,0.0,0.0,0.0,0.0,0.4026845637583893,1.0067114093959733,0.2013422818791946,0.2013422818791946,1.0067114093959717,1.2080536912751678,0.8053691275167787,0.6040268456375839,0.4026845637583893,0.2013422818791946,0.0,0.0,0.0,0.0,0.0,0.0,0.0,0.0,0.0,0.0,0.0,0.0,0.0,12,2117478.278119785,3.468540129797533,3.5930239184814274,149,1.0067114093959733,1.0067114093959733,0.8053691275167784,0.8053691275167787,1.6107382550335574,1.0067114093959726,1.208053691275168,2.214765100671141,2.8187919463087256,2.214765100671141,1.6107382550335574,2.416107382550332,2.214765100671141,2.617449664429531,1.208053691275168,1.812080536912752,0.8053691275167787,0.604026845637584,0.8053691275167787,0.604026845637584,0.4026845637583893,0.0,0.2013422818791946,0.0,0.0,0.0,0.0,0.0,0.0,0.0,5.530772739782211,33.4782893,-80.4817559,12,13,193823,B
0.0501963116749928,3.5281240342824525,3.5025472874840324,116.50486776686118,1.1033264098286877,2.6241610738255035,0.0,0.7114093959731543,0.8450704225352113,0.8450704225352113,1.2676056338028163,0.0,2.9577464788732395,5.49295774647887,2.112676056338029,1.690140845070423,1.2676056338028172,2.95774647887324,2.535211267605634,1.2676056338028152,0.4225352112676057,0.8450704225352115,0.4225352112676057,2.1126760563380285,0.4225352112676057,1.267605633802817,0.0,0.8450704225352114,0.4225352112676057,0.0,0.0,0.0,0.0,0.0,0.0,0.0,0.0,0.0,0.4225352112676056,0.8450704225352113,0.4225352112676055,0.0,0.4225352112676057,0.4225352112676054,0.4225352112676057,0.8450704225352115,1.2676056338028172,0.8450704225352115,0.0,0.0,0.0,0.0,0.0,0.8450704225352115,0.0,0.0,0.0,0.0,0.0,0.0,0.0,0.0,0.0,0.0,0.0,0.0,0.0,0.0,0.0,0.0,0.4225352112676055,0.0,2.1126760563380285,2.112676056338027,1.690140845070423,0.4225352112676057,0.0,1.690140845070423,1.690140845070423,1.2676056338028152,0.4225352112676057,0.4225352112676057,0.0,0.0,0.4225352112676057,0.4225352112676057,0.0,0.0,0.0,0.0,0.0,0.0,0.0,0.0,0.0,0.0,0.0,0.0,0.0,0.0,0.4225352112676055,0.0,0.0,0.4225352112676053,0.0,0.0,0.0,0.0,0.4225352112676057,0.0,0.0,0.4225352112676057,0.0,0.8450704225352114,0.0,0.8450704225352114,0.0,0.8450704225352114,0.4225352112676057,0.0,0.0,0.0,0.0,0.0,0.0,0.0,0.0,0.0,12,8088298.278360216,3.192189455333166,6.040743907524913,71,0.8450704225352113,0.8450704225352113,1.2676056338028168,0.0,2.9577464788732404,5.49295774647887,2.1126760563380285,1.690140845070423,1.2676056338028172,2.9577464788732404,2.5352112676056344,1.267605633802815,0.4225352112676057,0.8450704225352115,0.4225352112676057,2.1126760563380285,0.4225352112676057,1.2676056338028172,0.0,0.8450704225352115,0.4225352112676057,0.0,0.0,0.0,0.0,0.0,0.0,0.0,0.0,0.0,7.276189135980456,35.481721500000006,-89.728877,12,12,195729,B
0.0811408489237294,3.4929399626273847,3.466769540762688,107.92026906839878,1.133024601489147,2.6481481481481484,0.0,0.6898148148148148,2.142857142857143,0.5357142857142857,0.0,0.0,0.5357142857142858,3.214285714285712,1.6071428571428574,0.5357142857142858,3.750000000000001,2.1428571428571432,2.6785714285714293,1.6071428571428548,1.6071428571428577,0.5357142857142859,1.0714285714285716,2.6785714285714293,2.1428571428571432,1.0714285714285716,1.0714285714285716,1.0714285714285716,0.0,0.0,0.0,0.0,0.0,0.0,0.0,0.0,0.0,0.0,0.0,0.5357142857142857,0.0,0.0,0.0,1.0714285714285707,0.0,0.5357142857142858,1.0714285714285716,0.0,0.0,0.5357142857142849,0.0,0.0,0.0,0.5357142857142858,0.0,0.0,0.0,0.0,0.0,0.0,0.0,0.0,0.0,0.0,0.0,0.0,0.0,0.0,0.0,0.0,0.0,0.0,0.5357142857142858,1.607142857142856,1.0714285714285716,0.0,1.0714285714285716,0.5357142857142858,1.6071428571428574,0.5357142857142849,1.0714285714285716,0.0,0.5357142857142858,0.0,1.6071428571428574,0.0,1.0714285714285716,0.0,0.0,0.0,0.0,0.0,0.0,0.0,0.0,0.0,0.0,0.0,0.0,0.0,0.0,0.0,0.0,0.0,0.0,0.0,0.5357142857142859,0.5357142857142859,1.0714285714285718,0.5357142857142849,0.5357142857142859,0.5357142857142859,0.0,1.0714285714285718,0.0,0.0,0.0,0.5357142857142859,0.0,0.0,0.0,0.0,0.0,0.0,0.0,0.0,0.0,0.0,12,2349386.284907099,3.85191104774084,3.411062186577241,56,2.142857142857143,0.5357142857142857,0.0,0.0,0.5357142857142858,3.214285714285712,1.6071428571428574,0.5357142857142858,3.750000000000001,2.1428571428571432,2.6785714285714293,1.6071428571428548,1.6071428571428574,0.5357142857142858,1.0714285714285716,2.6785714285714293,2.1428571428571432,1.0714285714285716,1.0714285714285716,1.0714285714285716,0.0,0.0,0.0,0.0,0.0,0.0,0.0,0.0,0.0,0.0,4.033602685019213,35.370108,-84.298266,12,13,197267,B
0.194970068509005,3.3581216557654403,3.4199251259389354,43.15516457497574,1.0884571813963868,2.2701722574796013,0.0,0.5666364460562103,0.234375,0.703125,0.9374999999999998,0.0,0.0,2.1093749999999987,1.6406250000000004,2.1093750000000004,1.4062500000000002,3.0468750000000004,2.1093750000000004,2.5781249999999964,4.453125000000001,2.3437500000000004,1.1718750000000002,1.1718750000000004,2.1093750000000004,0.4687500000000001,0.9375000000000002,0.4687500000000001,0.0,0.0,0.0,0.0,0.0,0.0,0.0,0.0,0.0,0.0,0.0,0.234375,0.2343749999999999,0.0,0.0,1.4062499999999991,1.1718750000000002,0.7031250000000001,1.1718750000000002,2.1093750000000004,0.234375,0.0,0.4687500000000001,0.7031250000000001,0.0,0.234375,0.234375,0.0,0.4687500000000001,0.0,0.0,0.0,0.0,0.0,0.0,0.0,0.0,0.0,0.0,0.0,0.0,0.0,0.2343749999999999,0.0,0.0,0.4687499999999997,0.0,0.7031250000000001,0.0,0.4687500000000001,0.7031250000000001,0.9374999999999988,0.9375000000000002,0.7031250000000001,0.9375000000000002,0.4687500000000001,1.4062500000000002,0.234375,0.0,0.4687500000000001,0.0,0.0,0.0,0.0,0.0,0.0,0.0,0.0,0.0,0.0,0.234375,0.46875,0.2343749999999999,0.0,0.0,0.2343749999999998,0.4687500000000001,0.7031250000000001,0.0,0.234375,0.9375000000000002,0.703124999999999,1.8750000000000004,0.9375000000000002,0.234375,0.4687500000000001,0.4687500000000001,0.234375,0.4687500000000001,0.0,0.0,0.0,0.0,0.0,0.0,0.0,0.0,0.0,0.0,0.0,12,6104576.57120286,4.062305784555618,2.5269480195877843,128,0.234375,0.703125,0.9374999999999998,0.0,0.0,2.1093749999999987,1.6406250000000004,2.1093750000000004,1.4062500000000002,3.046875000000001,2.1093750000000004,2.5781249999999964,4.453125000000001,2.3437500000000004,1.1718750000000002,1.1718750000000002,2.1093750000000004,0.4687500000000001,0.9375000000000002,0.4687500000000001,0.0,0.0,0.0,0.0,0.0,0.0,0.0,0.0,0.0,0.0,4.123703438421114,36.225953,-84.153821,12,13,197275,B
0.0785162805961872,3.4959468787432963,3.512575703680972,114.69286226254764,1.1008547011005745,2.6210268948655258,0.0,0.7114914425427873,0.2752293577981651,0.0,0.8256880733944953,1.6513761467889911,1.6513761467889911,1.6513761467889898,0.8256880733944956,1.6513761467889914,1.376146788990826,3.027522935779817,3.027522935779817,1.9266055045871533,2.477064220183487,2.752293577981652,2.477064220183487,0.8256880733944956,1.376146788990826,1.1009174311926608,0.5504587155963304,0.2752293577981652,0.2752293577981652,0.0,0.0,0.0,0.0,0.0,0.0,0.0,0.0,0.0,0.0,0.0,0.2752293577981651,0.2752293577981652,0.5504587155963304,0.55045871559633,0.0,0.2752293577981652,0.2752293577981652,0.5504587155963304,0.8256880733944956,0.2752293577981647,0.0,0.2752293577981652,0.2752293577981652,0.0,0.2752293577981652,0.0,0.0,0.0,0.0,0.0,0.0,0.0,0.0,0.0,0.0,0.0,0.0,0.0,0.2752293577981651,0.0,0.2752293577981651,0.8256880733944956,1.1009174311926608,1.10091743119266,0.0,1.1009174311926608,0.5504587155963304,2.2018348623853217,0.8256880733944956,0.5504587155963295,0.5504587155963304,0.2752293577981652,1.1009174311926608,0.0,0.2752293577981652,0.2752293577981652,0.0,0.0,0.0,0.0,0.0,0.0,0.0,0.0,0.0,0.0,0.0,0.0,0.0,0.0,0.2752293577981651,0.5504587155963304,0.0,0.0,0.8256880733944956,0.2752293577981652,0.2752293577981652,0.0,0.8256880733944956,0.8256880733944943,1.9266055045871568,1.376146788990826,1.1009174311926608,0.8256880733944956,0.8256880733944956,0.8256880733944956,0.5504587155963304,0.2752293577981652,0.2752293577981652,0.0,0.0,0.0,0.0,0.0,0.0,0.0,0.0,0.0,12,3583897.3413481168,4.81510954775149,7.222588109298493,109,0.2752293577981651,0.0,0.8256880733944952,1.6513761467889911,1.6513761467889911,1.6513761467889898,0.8256880733944956,1.6513761467889911,1.376146788990826,3.027522935779817,3.027522935779817,1.926605504587153,2.477064220183487,2.752293577981652,2.477064220183487,0.8256880733944956,1.376146788990826,1.1009174311926608,0.5504587155963304,0.2752293577981652,0.2752293577981652,0.0,0.0,0.0,0.0,0.0,0.0,0.0,0.0,0.0,7.499809914450299,36.1140685,-83.30586895,12,12,197312,B
0.4087165181019938,3.076151213021952,3.1154165662277524,98.65317398881524,1.0740665601714694,2.736526946107785,0.0,0.7365269461077845,1.0526315789473684,0.7894736842105263,0.263157894736842,1.3157894736842106,1.8421052631578951,2.368421052631577,0.7894736842105264,2.105263157894737,2.894736842105264,2.368421052631579,1.0526315789473686,1.842105263157892,0.2631578947368421,0.7894736842105264,0.7894736842105264,0.7894736842105264,1.5789473684210529,4.473684210526317,2.105263157894737,0.2631578947368421,0.2631578947368421,0.0,0.0,0.0,0.0,0.0,0.0,0.0,0.0,0.0,0.0,0.0,0.263157894736842,0.5263157894736843,0.7894736842105264,1.5789473684210515,0.7894736842105264,0.5263157894736843,0.5263157894736843,0.2631578947368421,0.0,0.2631578947368417,0.0,0.5263157894736843,0.0,0.2631578947368421,0.5263157894736843,1.3157894736842106,0.2631578947368421,0.0,0.0,0.0,0.0,0.0,0.0,0.0,0.0,0.0,0.0,0.0,0.7894736842105263,0.7894736842105263,0.0,0.7894736842105264,0.7894736842105264,0.5263157894736838,0.0,0.2631578947368421,1.0526315789473686,0.5263157894736843,0.2631578947368421,1.3157894736842086,0.0,0.0,0.5263157894736843,0.0,0.5263157894736843,1.0526315789473686,0.5263157894736843,0.0,0.0,0.0,0.0,0.0,0.0,0.0,0.0,0.0,0.0,0.0,0.0,0.0,0.0,0.0,0.2631578947368421,0.2631578947368419,0.0,1.0526315789473686,0.2631578947368421,0.2631578947368421,0.5263157894736843,0.0,0.2631578947368421,0.2631578947368421,0.2631578947368421,0.2631578947368421,0.2631578947368421,1.8421052631578951,1.0526315789473686,0.2631578947368421,0.0,0.0,0.0,0.0,0.0,0.0,0.0,0.0,0.0,0.0,12,6346300.270677012,3.809819851203356,5.797961281482945,114,1.0526315789473684,0.7894736842105263,0.263157894736842,1.3157894736842108,1.8421052631578951,2.368421052631577,0.7894736842105264,2.105263157894737,2.894736842105264,2.36842105263158,1.0526315789473686,1.842105263157892,0.2631578947368421,0.7894736842105264,0.7894736842105264,0.7894736842105264,1.5789473684210529,4.473684210526317,2.105263157894737,0.2631578947368421,0.2631578947368421,0.0,0.0,0.0,0.0,0.0,0.0,0.0,0.0,0.0,8.911004562187845,36.4856613,-88.88756195,12,12,197459,B
0.2237503256180654,3.3225486133512634,3.4405560271390283,60.56568085528262,1.105049284951846,2.6090342679127727,0.0,0.6308411214953271,0.5357142857142857,0.4464285714285714,1.0714285714285712,1.6071428571428577,1.5178571428571432,1.874999999999999,1.9642857142857149,1.8750000000000004,2.410714285714286,2.4107142857142865,3.2142857142857144,1.0714285714285698,1.6071428571428572,1.9642857142857144,1.517857142857143,1.3392857142857149,1.7857142857142865,0.892857142857143,0.8035714285714287,0.0892857142857143,0.0,0.0,0.0,0.0,0.0,0.0,0.0,0.0,0.0,0.0,0.1785714285714285,0.3571428571428571,0.6249999999999999,1.4285714285714288,1.3392857142857146,0.8928571428571422,0.892857142857143,0.8035714285714288,1.0714285714285716,0.8035714285714288,0.5357142857142858,0.2678571428571424,0.4464285714285715,0.4464285714285715,0.4464285714285715,0.3571428571428572,0.1785714285714286,0.2678571428571429,0.2678571428571429,0.0892857142857143,0.0,0.0,0.0,0.0,0.0,0.0,0.0,0.0,0.0,0.0,0.0,0.0892857142857142,0.2678571428571428,0.0892857142857143,0.0892857142857143,0.8928571428571423,0.3571428571428572,0.6250000000000002,0.9821428571428572,0.9821428571428572,0.892857142857143,0.6249999999999991,0.3571428571428572,0.5357142857142858,0.5357142857142858,0.7142857142857144,0.2678571428571429,0.3571428571428572,0.1785714285714286,0.0,0.0,0.0,0.0,0.0,0.0,0.0,0.0,0.0,0.0,0.0,0.0,0.0,0.0,0.0,0.0892857142857143,0.0,0.6250000000000001,0.4464285714285715,0.3571428571428572,0.4464285714285715,0.892857142857143,0.1785714285714283,0.5357142857142858,0.6250000000000001,0.2678571428571429,0.0892857142857143,0.3571428571428572,0.0892857142857143,0.1785714285714286,0.0,0.0,0.0,0.0,0.0,0.0,0.0,0.0,0.0,0.0,0.0,12,23200771.95061117,4.352454957793001,4.0843641212362565,336,0.5357142857142857,0.4464285714285714,1.0714285714285712,1.6071428571428574,1.5178571428571432,1.874999999999999,1.9642857142857144,1.8750000000000004,2.4107142857142865,2.4107142857142865,3.214285714285715,1.0714285714285698,1.6071428571428574,1.9642857142857144,1.5178571428571432,1.3392857142857146,1.785714285714286,0.892857142857143,0.8035714285714287,0.0892857142857143,0.0,0.0,0.0,0.0,0.0,0.0,0.0,0.0,0.0,0.0,8.798617016582915,35.9545765,-86.65937349999999,12,12,197477,B
0.830634282972288,2.290566376540246,2.5341919185867936,58.95692998632214,1.069808179312513,2.3690112130479104,0.0,0.5688073394495413,1.0909090909090908,0.1818181818181818,0.3636363636363635,0.3636363636363637,0.3636363636363637,0.5454545454545452,1.272727272727273,1.636363636363637,1.4545454545454548,5.272727272727273,1.272727272727273,1.0909090909090893,0.7272727272727274,1.636363636363637,0.9090909090909092,1.8181818181818183,1.090909090909091,1.8181818181818183,4.90909090909091,2.0,0.1818181818181818,0.0,0.0,0.0,0.0,0.0,0.0,0.0,0.0,0.0,0.0,0.0,0.1818181818181818,0.1818181818181818,0.1818181818181818,0.0,0.7272727272727274,0.3636363636363637,0.5454545454545455,0.9090909090909092,0.1818181818181818,0.1818181818181815,0.3636363636363637,0.1818181818181818,0.0,0.1818181818181818,0.0,0.3636363636363637,0.7272727272727274,0.1818181818181818,0.0,0.0,0.0,0.0,0.0,0.0,0.0,0.0,0.0,0.0,0.0,0.1818181818181818,0.1818181818181817,0.0,0.1818181818181818,0.3636363636363634,0.1818181818181818,0.3636363636363637,0.1818181818181818,1.272727272727273,0.7272727272727274,0.5454545454545446,0.1818181818181818,0.3636363636363637,0.3636363636363637,0.7272727272727274,0.9090909090909092,0.5454545454545455,1.272727272727273,0.1818181818181818,0.0,0.0,0.0,0.0,0.0,0.0,0.0,0.0,0.0,0.0,0.0,0.0,0.0,0.1818181818181818,0.0,0.1818181818181817,0.1818181818181818,0.0,0.0,0.3636363636363637,0.1818181818181818,0.3636363636363631,0.1818181818181818,0.7272727272727274,0.5454545454545455,0.7272727272727274,0.1818181818181818,0.0,2.545454545454546,1.6363636363636365,0.1818181818181818,0.0,0.0,0.0,0.0,0.0,0.0,0.0,0.0,0.0,12,16765208.394756438,4.4638121113749225,4.25781470492325,165,1.0909090909090908,0.1818181818181818,0.3636363636363635,0.3636363636363637,0.3636363636363637,0.5454545454545451,1.2727272727272732,1.636363636363637,1.4545454545454548,5.272727272727274,1.2727272727272732,1.0909090909090893,0.7272727272727274,1.636363636363637,0.9090909090909092,1.8181818181818183,1.090909090909091,1.8181818181818183,4.90909090909091,2.0000000000000004,0.1818181818181818,0.0,0.0,0.0,0.0,0.0,0.0,0.0,0.0,0.0,7.774958703443874,37.8198507,-112.4357707,12,12,198937,B
0.3252897965402,3.1914535811800318,3.2304465987969704,55.9740911656415,1.1094188501812987,2.7905785970302097,0.0,0.5376344086021505,0.6280193236714976,1.497584541062802,1.3043478260869563,1.6425120772946864,1.3526570048309183,2.0772946859903367,2.0772946859903385,2.1256038647343,2.7053140096618367,2.946859903381643,1.7874396135265704,1.4492753623188384,1.4009661835748797,1.5458937198067637,1.594202898550725,1.1111111111111112,0.7246376811594205,0.9178743961352658,0.9178743961352658,0.1932367149758454,0.0,0.0,0.0,0.0,0.0,0.0,0.0,0.0,0.0,0.0,0.0,0.3864734299516908,0.4347826086956521,0.9661835748792272,0.7246376811594205,1.0628019323671491,1.06280193236715,1.0144927536231885,0.8695652173913047,1.2560386473429956,0.2898550724637682,0.2415458937198064,0.2898550724637682,0.2898550724637682,0.3864734299516909,0.2415458937198068,0.0966183574879227,0.1932367149758454,0.0,0.0,0.0,0.0,0.0,0.0,0.0,0.0,0.0,0.0,0.0,0.0,0.144927536231884,1.0628019323671496,0.7246376811594201,0.6280193236714978,0.2415458937198068,0.3864734299516906,0.2898550724637681,0.3864734299516909,0.7246376811594204,0.4347826086956523,0.3381642512077295,0.2898550724637677,0.3864734299516909,0.3381642512077295,0.2898550724637681,0.2898550724637681,0.1932367149758454,0.144927536231884,0.0966183574879227,0.0966183574879227,0.0,0.0,0.0,0.0,0.0,0.0,0.0,0.0,0.0,0.0,0.0,0.0,0.144927536231884,0.0483091787439613,0.3381642512077296,0.2898550724637679,0.531400966183575,0.5797101449275363,0.8212560386473432,0.917874396135266,0.8212560386473432,0.4830917874396128,0.4347826086956523,0.6763285024154592,0.4347826086956523,0.2898550724637681,0.2415458937198068,0.144927536231884,0.0,0.0966183574879227,0.0,0.0,0.0,0.0,0.0,0.0,0.0,0.0,0.0,0.0,12,9652161.096083945,3.5549972717412746,3.6715842969468793,621,0.6280193236714976,1.497584541062802,1.3043478260869563,1.6425120772946864,1.3526570048309183,2.077294685990337,2.0772946859903385,2.1256038647343,2.7053140096618367,2.946859903381643,1.7874396135265704,1.4492753623188386,1.4009661835748797,1.5458937198067637,1.594202898550725,1.1111111111111114,0.7246376811594205,0.917874396135266,0.917874396135266,0.1932367149758454,0.0,0.0,0.0,0.0,0.0,0.0,0.0,0.0,0.0,0.0,6.640348348228464,37.467847,-122.13560095,12,13,2220740,B
0.3329447605779513,3.1811824255258183,3.2540359020508216,48.25582495454998,1.0777851014709534,2.4875124875124874,0.0,0.5834165834165834,0.3982300884955752,0.7964601769911503,1.991150442477876,2.3893805309734515,1.194690265486726,1.194690265486725,1.7256637168141598,0.6637168141592922,2.256637168141593,3.053097345132744,2.920353982300885,1.9911504424778728,2.6548672566371687,1.9911504424778763,2.256637168141593,0.6637168141592922,0.3982300884955753,0.9292035398230092,0.5309734513274338,0.0,0.0,0.0,0.0,0.0,0.0,0.0,0.0,0.0,0.0,0.0,0.2654867256637168,0.3982300884955752,0.7964601769911502,1.0619469026548674,0.6637168141592922,0.5309734513274333,0.929203539823009,0.2654867256637168,1.3274336283185844,0.5309734513274337,0.6637168141592922,0.7964601769911492,0.3982300884955752,0.5309734513274337,0.6637168141592922,0.1327433628318584,0.0,0.1327433628318584,0.1327433628318584,0.0,0.0,0.0,0.0,0.0,0.0,0.0,0.0,0.0,0.0,0.0,0.0,0.3982300884955752,0.5309734513274335,0.2654867256637168,0.5309734513274337,0.5309734513274332,0.3982300884955753,0.2654867256637168,0.3982300884955753,0.2654867256637168,0.2654867256637168,0.1327433628318582,0.9292035398230092,0.2654867256637168,0.1327433628318584,0.3982300884955753,0.1327433628318584,0.1327433628318584,0.2654867256637168,0.0,0.0,0.0,0.0,0.0,0.0,0.0,0.0,0.0,0.0,0.0,0.0,0.0,0.5309734513274336,0.9292035398230092,0.0,0.1327433628318583,0.3982300884955753,0.1327433628318584,0.3982300884955753,0.6637168141592922,0.2654867256637169,0.3982300884955747,0.3982300884955753,0.2654867256637169,0.7964601769911507,0.0,0.0,0.5309734513274338,0.1327433628318584,0.0,0.0,0.0,0.0,0.0,0.0,0.0,0.0,0.0,0.0,0.0,12,28484884.6464675,3.7577220623837775,3.432197662318824,226,0.3982300884955752,0.7964601769911505,1.991150442477876,2.389380530973452,1.194690265486726,1.1946902654867249,1.7256637168141598,0.6637168141592922,2.256637168141593,3.053097345132744,2.920353982300885,1.9911504424778732,2.6548672566371687,1.9911504424778763,2.256637168141593,0.6637168141592922,0.3982300884955753,0.9292035398230092,0.5309734513274338,0.0,0.0,0.0,0.0,0.0,0.0,0.0,0.0,0.0,0.0,0.0,7.078116011819368,49.29724975,-121.78990485,12,12,2221184,B
0.154643621514406,3.4069129415106225,3.426675506460081,88.51150447387616,1.0638071208146656,2.7664670658682637,0.0,0.6966067864271457,0.1657458563535911,0.0,0.8287292817679557,0.8287292817679559,1.657458563535912,3.480662983425412,1.4917127071823209,2.65193370165746,2.8176795580110503,2.1546961325966856,3.480662983425415,1.9889502762430915,1.9889502762430944,1.823204419889503,1.9889502762430944,1.1602209944751385,0.9944751381215472,0.0,0.4972375690607735,0.0,0.0,0.0,0.0,0.0,0.0,0.0,0.0,0.0,0.0,0.0,0.0,0.0,0.3314917127071822,0.0,0.1657458563535911,0.3314917127071821,0.4972375690607736,0.4972375690607736,0.828729281767956,0.1657458563535911,0.3314917127071823,0.1657458563535909,0.3314917127071823,0.0,0.1657458563535911,0.0,0.3314917127071823,0.0,0.0,0.0,0.0,0.0,0.0,0.0,0.0,0.0,0.0,0.0,0.0,0.0,0.0,0.0,0.3314917127071822,0.0,0.6629834254143648,0.6629834254143643,0.6629834254143648,0.828729281767956,0.4972375690607735,1.3259668508287297,1.1602209944751385,0.9944751381215456,0.4972375690607735,0.4972375690607735,1.1602209944751385,0.9944751381215472,0.4972375690607735,0.0,0.1657458563535912,0.0,0.0,0.0,0.0,0.0,0.0,0.0,0.0,0.0,0.0,0.0,0.0,0.0,0.1657458563535911,0.6629834254143647,0.1657458563535911,1.1602209944751372,0.1657458563535911,0.828729281767956,0.9944751381215472,0.3314917127071823,1.1602209944751385,0.6629834254143636,0.4972375690607735,1.1602209944751385,0.6629834254143647,0.1657458563535911,0.1657458563535911,0.0,0.3314917127071823,0.0,0.0,0.0,0.0,0.0,0.0,0.0,0.0,0.0,0.0,0.0,12,12045866.472274143,4.093600027144887,3.1674187591374503,181,0.1657458563535911,0.0,0.8287292817679557,0.8287292817679559,1.6574585635359118,3.4806629834254124,1.4917127071823209,2.65193370165746,2.8176795580110503,2.1546961325966856,3.480662983425415,1.988950276243091,1.9889502762430944,1.823204419889503,1.9889502762430944,1.1602209944751385,0.9944751381215472,0.0,0.4972375690607735,0.0,0.0,0.0,0.0,0.0,0.0,0.0,0.0,0.0,0.0,0.0,5.895964383440041,49.1863189,-119.55588955,12,13,2238686,B
0.416272053888498,3.0653179532672405,3.078354427964222,68.9308089136196,1.087250194086893,2.532258064516129,0.0,0.6639784946236559,1.0344827586206895,0.3448275862068966,0.3448275862068964,1.03448275862069,0.3448275862068966,0.6896551724137927,0.6896551724137933,1.724137931034483,2.4137931034482767,2.4137931034482767,1.724137931034483,2.413793103448272,2.4137931034482767,1.724137931034483,2.4137931034482767,1.724137931034483,2.06896551724138,1.03448275862069,2.413793103448276,1.03448275862069,0.0,0.0,0.0,0.0,0.0,0.0,0.0,0.0,0.0,0.0,0.0,0.3448275862068966,0.3448275862068964,1.03448275862069,0.3448275862068966,0.6896551724137927,0.6896551724137933,1.03448275862069,1.03448275862069,0.0,0.3448275862068966,0.3448275862068961,0.0,0.0,0.6896551724137933,0.0,0.0,0.3448275862068966,0.0,0.0,0.0,0.0,0.0,0.0,0.0,0.0,0.0,0.0,0.0,0.0,0.0,0.0,0.0,0.0,0.0,0.0,0.0,0.3448275862068966,0.6896551724137933,2.06896551724138,1.3793103448275863,0.3448275862068961,1.03448275862069,0.6896551724137933,0.3448275862068966,0.3448275862068966,1.724137931034483,0.0,0.6896551724137933,0.6896551724137933,0.0,0.0,0.0,0.0,0.0,0.0,0.0,0.0,0.0,0.0,0.0,0.0,0.0,0.0,0.0,0.0,0.0,0.0,0.3448275862068967,0.3448275862068967,0.0,1.7241379310344802,1.03448275862069,0.6896551724137934,1.03448275862069,1.03448275862069,0.0,0.6896551724137934,1.724137931034483,0.3448275862068967,0.0,0.0,0.0,0.0,0.0,0.0,0.0,0.0,0.0,0.0,12,1937565.341420808,2.548464413887821,3.018340407949174,87,1.0344827586206895,0.3448275862068966,0.3448275862068964,1.0344827586206895,0.3448275862068966,0.6896551724137927,0.6896551724137933,1.724137931034483,2.4137931034482767,2.4137931034482767,1.724137931034483,2.413793103448272,2.4137931034482767,1.724137931034483,2.4137931034482767,1.724137931034483,2.0689655172413794,1.0344827586206895,2.4137931034482767,1.0344827586206895,0.0,0.0,0.0,0.0,0.0,0.0,0.0,0.0,0.0,0.0,4.129937873269813,46.1655834,-62.6518282,12,13,2256633,B
0.4450312180800869,3.023427066799194,2.962536649728155,85.69223121550053,1.0807617366495288,2.696356275303644,0.0,0.708502024291498,1.139240506329114,0.379746835443038,0.7594936708860758,0.7594936708860762,1.8987341772151904,1.898734177215189,1.8987341772151909,1.518987341772152,1.518987341772152,3.037974683544305,0.7594936708860762,1.8987341772151871,2.6582278481012667,2.6582278481012667,3.037974683544305,1.1392405063291142,1.1392405063291142,1.1392405063291142,0.7594936708860762,0.0,0.0,0.0,0.0,0.0,0.0,0.0,0.0,0.0,0.0,0.0,0.0,0.0,0.3797468354430379,0.3797468354430381,1.139240506329114,0.7594936708860756,0.7594936708860762,1.139240506329114,0.0,1.5189873417721524,0.0,0.3797468354430374,0.0,0.0,0.7594936708860762,0.0,0.0,0.0,0.0,0.0,0.0,0.0,0.0,0.0,0.0,0.0,0.0,0.0,0.0,0.0,0.0,0.0,0.3797468354430379,0.0,0.379746835443038,0.7594936708860754,0.7594936708860761,0.379746835443038,1.139240506329114,1.139240506329114,0.0,0.3797468354430374,1.8987341772151904,1.5189873417721522,1.5189873417721522,0.379746835443038,0.7594936708860761,0.379746835443038,0.379746835443038,0.0,0.0,0.0,0.0,0.0,0.0,0.0,0.0,0.0,0.0,0.0,0.759493670886076,0.379746835443038,0.0,0.3797468354430381,0.3797468354430381,0.0,0.3797468354430381,0.0,0.3797468354430381,0.3797468354430381,0.3797468354430381,0.7594936708860749,0.7594936708860762,0.3797468354430381,0.7594936708860762,0.3797468354430381,0.3797468354430381,0.3797468354430381,0.3797468354430381,0.0,0.0,0.0,0.0,0.0,0.0,0.0,0.0,0.0,0.0,0.0,12,1545630.689105536,2.7833100994518025,3.3617785680828383,79,1.139240506329114,0.379746835443038,0.7594936708860758,0.7594936708860761,1.8987341772151904,1.898734177215189,1.8987341772151904,1.5189873417721522,1.5189873417721522,3.0379746835443044,0.7594936708860761,1.898734177215187,2.6582278481012667,2.6582278481012667,3.0379746835443044,1.139240506329114,1.139240506329114,1.139240506329114,0.7594936708860761,0.0,0.0,0.0,0.0,0.0,0.0,0.0,0.0,0.0,0.0,0.0,2.256698770725604,46.7271475,-120.6893885,12,13,237745,B
0.9248412587130628,1.9885837796857928,2.216091904143257,92.9142242933568,1.0583771720824708,3.347962382445141,0.0,0.4858934169278996,0.0,0.0,0.0,0.0,0.0,0.7246376811594197,0.7246376811594204,0.8695652173913044,2.8985507246376816,1.884057971014493,1.1594202898550727,0.8695652173913031,4.637681159420291,2.0289855072463774,4.057971014492754,4.202898550724639,1.4492753623188408,2.608695652173913,1.594202898550725,0.2898550724637682,0.0,0.0,0.0,0.0,0.0,0.0,0.0,0.0,0.0,0.0,0.0,0.0,0.0,0.0,0.0,0.2898550724637679,0.0,0.0,0.4347826086956522,0.0,0.144927536231884,0.0,0.0,0.0,0.0,0.144927536231884,0.0,0.0,0.0,0.0,0.0,0.0,0.0,0.0,0.0,0.0,0.0,0.0,0.0,0.0,0.0,0.0,0.0,0.0,0.0,0.4347826086956518,0.2898550724637682,0.4347826086956522,0.4347826086956522,0.7246376811594204,0.0,0.8695652173913031,2.753623188405798,0.7246376811594204,2.8985507246376816,2.8985507246376816,0.7246376811594204,2.173913043478261,1.3043478260869568,0.2898550724637682,0.0,0.0,0.0,0.0,0.0,0.0,0.0,0.0,0.0,0.0,0.0,0.0,0.0,0.0,0.0,0.0,0.1449275362318841,0.0,0.5797101449275364,0.1449275362318841,0.4347826086956523,0.0,0.7246376811594205,0.4347826086956523,0.7246376811594205,1.0144927536231887,0.1449275362318841,0.2898550724637682,0.2898550724637682,0.0,0.0,0.0,0.0,0.0,0.0,0.0,0.0,0.0,0.0,0.0,12,22280444.16528849,4.647968796903268,3.971134558910853,207,0.0,0.0,0.0,0.0,0.0,0.7246376811594198,0.7246376811594204,0.8695652173913044,2.8985507246376816,1.8840579710144931,1.1594202898550727,0.8695652173913031,4.637681159420291,2.0289855072463774,4.057971014492755,4.202898550724639,1.4492753623188408,2.608695652173913,1.5942028985507248,0.2898550724637682,0.0,0.0,0.0,0.0,0.0,0.0,0.0,0.0,0.0,0.0,6.944641518807698,46.965485,-119.0500595,12,12,237810,B
0.2955566076175518,3.230806151077032,3.2874490894981254,76.31406079019652,1.1996403023225055,2.440677966101695,0.0,0.6707021791767555,1.9148936170212765,1.276595744680851,0.6382978723404253,1.2765957446808516,1.2765957446808516,1.2765957446808502,2.5531914893617023,0.0,1.914893617021277,0.6382978723404257,3.191489361702128,3.191489361702123,1.2765957446808516,1.2765957446808511,1.914893617021277,2.5531914893617023,0.6382978723404258,2.5531914893617027,0.6382978723404257,0.0,0.0,0.0,0.0,0.0,0.0,0.0,0.0,0.0,0.0,0.0,0.0,0.6382978723404255,0.6382978723404253,0.6382978723404258,0.6382978723404258,0.0,0.0,0.0,1.914893617021277,0.0,0.0,0.6382978723404247,0.6382978723404258,0.0,0.6382978723404258,0.0,0.6382978723404258,1.2765957446808516,0.0,0.0,0.0,0.0,0.0,0.0,0.0,0.0,0.0,0.0,0.0,0.0,0.0,0.0,0.0,0.6382978723404257,0.6382978723404257,0.0,1.914893617021277,0.0,0.0,0.0,1.914893617021277,0.6382978723404247,0.0,0.0,0.0,0.6382978723404257,0.0,0.0,0.6382978723404257,0.0,0.0,0.0,0.0,0.0,0.0,0.0,0.0,0.0,0.0,0.0,0.0,0.0,0.0,0.0,0.0,0.6382978723404251,0.6382978723404256,0.0,0.0,0.0,0.6382978723404256,1.2765957446808491,0.0,0.6382978723404256,0.6382978723404256,1.9148936170212767,0.0,1.2765957446808511,0.0,0.0,0.0,0.0,0.0,0.0,0.0,0.0,0.0,0.0,0.0,0.0,12,2264557.022011782,2.943908420315944,2.171929233236413,47,1.9148936170212767,1.2765957446808511,0.6382978723404253,1.2765957446808514,1.2765957446808514,1.2765957446808502,2.5531914893617027,0.0,1.914893617021277,0.6382978723404257,3.191489361702128,3.1914893617021227,1.2765957446808514,1.2765957446808514,1.914893617021277,2.5531914893617027,0.6382978723404257,2.5531914893617027,0.6382978723404257,0.0,0.0,0.0,0.0,0.0,0.0,0.0,0.0,0.0,0.0,0.0,4.029988434127915,42.783172500000006,-87.76880055000001,12,13,242793,B
0.2521309447828872,3.286817711155159,3.338006413289921,105.85130813998022,1.1495424533194765,2.548387096774193,0.0,0.6516129032258065,3.230769230769231,0.0,1.3846153846153844,0.0,0.9230769230769232,2.769230769230768,1.384615384615385,2.76923076923077,2.3076923076923084,3.230769230769232,1.384615384615385,1.846153846153844,1.384615384615385,1.8461538461538467,1.8461538461538467,0.9230769230769234,0.9230769230769234,0.4615384615384617,0.9230769230769234,0.4615384615384617,0.0,0.0,0.0,0.0,0.0,0.0,0.0,0.0,0.0,0.0,0.9230769230769232,0.0,0.4615384615384614,0.0,0.9230769230769232,0.9230769230769226,0.9230769230769232,0.0,0.4615384615384616,1.384615384615385,0.0,0.9230769230769218,0.4615384615384616,0.0,0.4615384615384616,0.0,0.0,0.0,0.4615384615384616,0.0,0.0,0.0,0.0,0.0,0.0,0.0,0.0,0.0,0.0,0.0,0.9230769230769232,0.0,0.9230769230769228,0.0,0.0,1.384615384615384,0.4615384615384617,0.4615384615384617,0.9230769230769234,1.384615384615385,0.9230769230769234,0.0,0.4615384615384617,0.4615384615384617,0.0,0.4615384615384617,0.0,0.4615384615384617,0.0,0.0,0.0,0.0,0.0,0.0,0.0,0.0,0.0,0.0,0.0,0.0,0.0,0.0,0.0,0.0,0.0,0.0,0.0,0.0,0.4615384615384617,0.4615384615384617,0.0,0.4615384615384609,0.4615384615384617,0.9230769230769234,0.9230769230769234,0.0,0.9230769230769234,0.0,0.4615384615384617,0.0,0.0,0.0,0.0,0.0,0.0,0.0,0.0,0.0,0.0,0.0,12,3995648.100819798,3.2276962256617843,3.3574333090484143,65,3.230769230769231,0.0,1.3846153846153844,0.0,0.9230769230769234,2.7692307692307674,1.3846153846153848,2.7692307692307696,2.307692307692308,3.230769230769232,1.3846153846153848,1.846153846153844,1.3846153846153848,1.8461538461538467,1.8461538461538467,0.9230769230769234,0.9230769230769234,0.4615384615384617,0.9230769230769234,0.4615384615384617,0.0,0.0,0.0,0.0,0.0,0.0,0.0,0.0,0.0,0.0,6.313630225480135,43.153692,-88.16391999999999,12,13,249908,B
0.69051424839371,2.6087791301389287,2.735361187569367,77.44733675830486,1.088430494132638,2.8378378378378377,0.0,0.6599099099099099,0.1886792452830188,0.3773584905660377,1.3207547169811318,0.3773584905660378,0.9433962264150946,0.7547169811320751,0.9433962264150944,1.8867924528301887,3.2075471698113214,3.2075471698113214,2.6415094339622645,3.3962264150943344,1.3207547169811322,1.3207547169811322,0.9433962264150944,2.0754716981132075,2.075471698113208,1.1320754716981134,1.69811320754717,0.0,0.0,0.0,0.1886792452830189,0.0,0.0,0.0,0.0,0.0,0.0,0.0,0.0,0.1886792452830188,0.1886792452830188,0.3773584905660378,0.1886792452830189,0.1886792452830187,0.3773584905660378,0.9433962264150944,1.1320754716981134,1.69811320754717,0.5660377358490567,0.1886792452830186,0.1886792452830189,0.1886792452830189,0.1886792452830189,0.3773584905660378,0.0,0.0,0.1886792452830189,0.0,0.0,0.0,0.1886792452830189,0.0,0.0,0.0,0.0,0.0,0.0,0.0,0.0,0.1886792452830188,1.132075471698113,0.0,0.3773584905660377,0.1886792452830187,0.3773584905660377,0.5660377358490567,1.3207547169811322,0.7547169811320755,0.7547169811320755,0.5660377358490558,0.5660377358490567,0.1886792452830188,0.1886792452830188,0.3773584905660377,0.3773584905660377,0.5660377358490567,0.5660377358490567,0.0,0.0,0.0,0.0,0.0,0.0,0.0,0.0,0.0,0.0,0.0,0.0,0.0,0.0,0.0,0.3773584905660379,0.1886792452830187,0.0,0.1886792452830189,0.0,0.7547169811320757,0.7547169811320757,0.5660377358490558,0.3773584905660379,0.9433962264150946,0.5660377358490567,0.5660377358490567,0.9433962264150946,0.3773584905660379,0.5660377358490567,0.0,0.0,0.0,0.0,0.0,0.0,0.0,0.0,0.0,0.0,0.0,12,10651620.723863157,2.579540619166568,2.430757099490613,159,0.1886792452830188,0.3773584905660377,1.320754716981132,0.3773584905660378,0.9433962264150944,0.754716981132075,0.9433962264150944,1.886792452830189,3.2075471698113214,3.2075471698113214,2.641509433962265,3.3962264150943344,1.3207547169811324,1.3207547169811324,0.9433962264150944,2.075471698113208,2.075471698113208,1.1320754716981134,1.69811320754717,0.0,0.0,0.0,0.1886792452830189,0.0,0.0,0.0,0.0,0.0,0.0,0.0,4.0494073179292505,42.5316035,-88.5945275,12,13,251071,B
0.3917139024805538,3.100279506813384,3.0579278503116094,103.63796213998606,1.1001401428614523,2.6823529411764704,0.0,0.7411764705882353,0.0,0.0,1.1999999999999995,1.2000000000000004,1.2000000000000002,0.5999999999999996,1.2000000000000002,4.800000000000001,3.0000000000000004,3.6000000000000005,1.2000000000000002,1.1999999999999982,0.6000000000000001,0.6000000000000002,1.2000000000000004,1.8000000000000005,3.000000000000001,1.2000000000000002,1.2000000000000002,0.6000000000000002,0.6000000000000001,0.0,0.0,0.0,0.0,0.0,0.0,0.0,0.0,0.0,0.0,0.0,0.5999999999999999,0.0,0.0,0.5999999999999996,0.6000000000000001,0.6000000000000001,0.6000000000000001,0.0,0.0,0.5999999999999991,0.0,0.0,0.0,0.0,0.0,0.0,0.0,0.0,0.0,0.0,0.0,0.0,0.0,0.0,0.0,0.0,0.0,0.0,0.0,0.0,0.5999999999999999,1.2000000000000004,0.6000000000000002,0.0,0.0,1.8000000000000005,0.0,0.0,0.6000000000000002,0.0,0.0,0.6000000000000002,1.2000000000000004,1.2000000000000004,1.2000000000000004,0.0,0.6000000000000002,0.6000000000000002,0.0,0.0,0.0,0.0,0.0,0.0,0.0,0.0,0.0,0.0,0.0,0.0,0.0,0.0,0.6000000000000001,0.0,0.6000000000000001,2.4000000000000004,1.8000000000000005,2.4000000000000004,0.0,0.0,0.6000000000000001,0.0,0.0,0.6000000000000001,1.8000000000000005,0.6000000000000001,0.6000000000000001,0.0,0.6000000000000001,0.0,0.0,0.0,0.0,0.0,0.0,0.0,0.0,0.0,12,1736656.2046009128,2.8942275661770256,3.076308078988921,50,0.0,0.0,1.1999999999999995,1.2000000000000002,1.2000000000000002,0.5999999999999996,1.2000000000000002,4.800000000000001,3.0000000000000004,3.6000000000000005,1.2000000000000002,1.1999999999999984,0.6000000000000001,0.6000000000000001,1.2000000000000002,1.8000000000000005,3.0000000000000004,1.2000000000000002,1.2000000000000002,0.6000000000000001,0.6000000000000001,0.0,0.0,0.0,0.0,0.0,0.0,0.0,0.0,0.0,3.41723629772574,43.738138000000006,-90.789777,12,13,251424,B
0.7599018850406245,2.4630157721148724,2.506808619253006,110.16272007847626,1.05226093916786,2.901315789473684,0.0,0.6611842105263158,0.4615384615384615,0.0,0.0,0.0,0.2307692307692308,0.0,0.9230769230769232,0.6923076923076925,4.384615384615385,3.4615384615384626,2.3076923076923084,4.153846153846148,2.076923076923077,1.8461538461538467,2.3076923076923084,2.076923076923077,1.615384615384616,1.1538461538461542,2.076923076923077,0.2307692307692308,0.0,0.0,0.0,0.0,0.0,0.0,0.0,0.0,0.0,0.0,0.0,0.0,0.0,0.0,0.2307692307692308,0.0,0.0,0.0,0.9230769230769232,0.0,0.0,0.2307692307692304,0.0,0.4615384615384616,0.0,0.2307692307692308,0.0,0.0,0.0,0.0,0.0,0.0,0.0,0.0,0.0,0.0,0.0,0.0,0.0,0.0,0.0,0.0,0.0,0.0,0.0,0.0,0.2307692307692308,0.2307692307692308,1.3846153846153848,1.1538461538461542,0.0,0.4615384615384609,1.1538461538461542,0.4615384615384617,0.4615384615384617,0.4615384615384617,0.2307692307692308,0.6923076923076924,0.9230769230769234,0.0,0.0,0.0,0.0,0.0,0.0,0.0,0.0,0.0,0.0,0.0,0.0,0.0,0.0,0.0,0.0,0.0,0.6923076923076924,0.2307692307692308,0.6923076923076924,1.153846153846154,0.9230769230769232,1.1538461538461522,0.9230769230769232,0.9230769230769232,0.9230769230769232,1.153846153846154,0.9230769230769232,0.0,1.153846153846154,0.2307692307692308,0.0,0.0,0.0,0.0,0.0,0.0,0.0,0.0,0.0,0.0,12,26256796.18637491,3.1333878710540013,4.182963345868047,130,0.4615384615384615,0.0,0.0,0.0,0.2307692307692308,0.0,0.9230769230769234,0.6923076923076924,4.384615384615386,3.4615384615384626,2.307692307692308,4.153846153846148,2.076923076923077,1.8461538461538467,2.307692307692308,2.076923076923077,1.615384615384616,1.153846153846154,2.076923076923077,0.2307692307692308,0.0,0.0,0.0,0.0,0.0,0.0,0.0,0.0,0.0,0.0,6.308142214451369,43.950211,-88.0968695,12,12,251442,B
0.3753276528571777,3.123216032105907,3.2709190373665304,66.72617582792533,1.0911661566513435,3.0092879256965945,0.0,0.5433436532507739,0.2950819672131147,0.3934426229508196,2.163934426229508,2.2622950819672134,1.9672131147540988,1.377049180327868,2.655737704918033,1.7704918032786887,1.3770491803278688,1.475409836065574,2.065573770491804,2.26229508196721,2.557377049180328,2.655737704918033,0.2950819672131148,0.1967213114754099,0.7868852459016396,1.1803278688524592,2.065573770491804,0.1967213114754099,0.0,0.0,0.0,0.0,0.0,0.0,0.0,0.0,0.0,0.0,0.0983606557377049,0.0983606557377049,0.2950819672131147,1.2786885245901642,0.8852459016393444,0.4918032786885242,1.475409836065574,0.7868852459016394,0.5901639344262295,0.5901639344262295,0.5901639344262295,0.2950819672131143,0.8852459016393444,0.5901639344262295,0.0983606557377049,0.0,0.1967213114754098,0.0983606557377049,0.4918032786885246,0.0,0.0,0.0,0.0,0.0,0.0,0.0,0.0,0.0,0.0,0.0,0.0,0.2950819672131147,1.868852459016393,0.6885245901639346,0.4918032786885246,0.7868852459016389,0.3934426229508198,0.0983606557377049,0.0,0.4918032786885246,0.7868852459016396,0.8852459016393429,0.0983606557377049,0.0983606557377049,0.1967213114754099,0.1967213114754099,0.1967213114754099,0.5901639344262296,0.8852459016393444,0.1967213114754099,0.0,0.0,0.0,0.0,0.0,0.0,0.0,0.0,0.0,0.0,0.0,0.0,0.0,0.2950819672131148,0.5901639344262296,0.0983606557377048,0.7868852459016396,0.3934426229508198,0.4918032786885247,0.3934426229508198,0.6885245901639346,0.3934426229508191,0.0983606557377049,0.0983606557377049,0.0,0.0,0.3934426229508198,0.1967213114754099,0.0983606557377049,0.0,0.0,0.0,0.0,0.0,0.0,0.0,0.0,0.0,0.0,0.0,12,66897309.46799916,3.767578266837634,4.205107972885715,305,0.2950819672131147,0.3934426229508196,2.163934426229508,2.2622950819672134,1.9672131147540988,1.377049180327868,2.655737704918033,1.770491803278689,1.3770491803278693,1.475409836065574,2.065573770491804,2.26229508196721,2.5573770491803285,2.655737704918033,0.2950819672131148,0.1967213114754099,0.7868852459016396,1.1803278688524592,2.065573770491804,0.1967213114754099,0.0,0.0,0.0,0.0,0.0,0.0,0.0,0.0,0.0,0.0,8.64700263080254,45.695143,-90.4067035,12,12,251543,B
0.2487766701059405,3.29107563006761,3.2871529322818103,103.10208645184592,1.109460222423789,2.704225352112676,0.0,0.7077464788732394,0.3296703296703297,0.3296703296703296,0.9890109890109886,1.3186813186813189,1.3186813186813189,0.9890109890109884,0.9890109890109892,2.967032967032968,2.637362637362638,1.6483516483516487,1.3186813186813189,0.9890109890109876,1.3186813186813189,2.3076923076923084,2.307692307692308,1.3186813186813189,0.6593406593406594,1.3186813186813189,3.956043956043957,0.9890109890109892,0.0,0.0,0.0,0.0,0.0,0.0,0.0,0.0,0.0,0.0,0.0,0.0,0.3296703296703295,0.6593406593406596,0.6593406593406596,0.6593406593406589,0.6593406593406596,0.6593406593406596,1.318681318681319,0.0,0.6593406593406596,0.3296703296703291,0.3296703296703298,0.0,0.0,0.0,0.0,0.0,0.3296703296703298,0.0,0.0,0.0,0.0,0.0,0.0,0.0,0.0,0.0,0.0,0.0,0.0,0.3296703296703296,0.6593406593406591,0.6593406593406594,0.6593406593406594,0.3296703296703294,0.3296703296703297,0.989010989010989,0.6593406593406594,1.3186813186813189,0.6593406593406594,0.3296703296703292,0.3296703296703297,0.3296703296703297,0.6593406593406594,0.0,0.0,0.6593406593406594,1.3186813186813189,0.6593406593406594,0.0,0.0,0.0,0.0,0.0,0.0,0.0,0.0,0.0,0.0,0.0,0.0,0.0,0.0,0.0,0.0,0.0,0.6593406593406594,0.0,0.3296703296703297,0.0,0.3296703296703292,0.3296703296703297,1.6483516483516487,0.6593406593406594,0.6593406593406594,0.6593406593406594,0.0,2.3076923076923084,0.3296703296703297,0.0,0.0,0.0,0.0,0.0,0.0,0.0,0.0,0.0,0.0,12,3903753.6698588575,3.437591917467304,3.6873529414379154,91,0.3296703296703296,0.3296703296703296,0.9890109890109888,1.318681318681319,1.318681318681319,0.9890109890109884,0.9890109890109892,2.967032967032968,2.637362637362638,1.6483516483516487,1.318681318681319,0.9890109890109876,1.318681318681319,2.3076923076923084,2.3076923076923084,1.318681318681319,0.6593406593406596,1.318681318681319,3.9560439560439566,0.9890109890109892,0.0,0.0,0.0,0.0,0.0,0.0,0.0,0.0,0.0,0.0,6.358322021871895,44.67517495,-88.88706884999999,12,12,251598,B
0.3353242969914446,3.1779776547372864,3.1388406879123787,89.82590618418175,1.12285831087712,2.522448979591837,0.0,0.6591836734693878,0.6451612903225807,0.0,0.6451612903225805,1.612903225806452,0.9677419354838712,1.2903225806451606,1.612903225806452,2.580645161290323,2.580645161290323,2.903225806451613,1.2903225806451617,3.225806451612899,0.6451612903225807,1.9354838709677424,2.580645161290323,1.612903225806452,1.2903225806451617,0.6451612903225807,1.6129032258064515,0.3225806451612903,0.0,0.0,0.0,0.0,0.0,0.0,0.0,0.0,0.0,0.0,0.0,0.0,0.3225806451612902,0.3225806451612903,0.3225806451612903,0.3225806451612901,0.9677419354838712,1.2903225806451617,1.9354838709677424,0.6451612903225807,0.3225806451612903,0.6451612903225797,0.0,0.0,0.3225806451612903,0.3225806451612903,0.0,0.0,0.0,0.0,0.0,0.0,0.0,0.0,0.0,0.0,0.0,0.0,0.0,0.0,0.0,0.0,0.3225806451612902,1.2903225806451617,0.6451612903225807,0.3225806451612901,0.6451612903225807,0.0,0.3225806451612903,1.2903225806451617,0.6451612903225807,0.9677419354838696,0.3225806451612903,0.9677419354838712,0.3225806451612903,0.0,0.0,0.3225806451612903,0.6451612903225807,0.0,0.0,0.0,0.0,0.0,0.0,0.0,0.0,0.0,0.0,0.0,0.0,0.0,0.0,0.0,0.0,0.6451612903225802,0.0,0.0,0.3225806451612903,0.967741935483871,0.0,0.3225806451612898,0.3225806451612903,0.3225806451612903,0.3225806451612903,0.0,0.3225806451612903,0.3225806451612903,0.0,0.3225806451612903,0.0,0.0,0.0,0.0,0.0,0.0,0.0,0.0,0.0,0.0,12,5887432.144180423,3.257256099989638,3.660826252161234,93,0.6451612903225806,0.0,0.6451612903225805,1.612903225806452,0.9677419354838712,1.2903225806451606,1.612903225806452,2.5806451612903234,2.5806451612903234,2.903225806451613,1.2903225806451617,3.225806451612898,0.6451612903225808,1.9354838709677424,2.5806451612903234,1.612903225806452,1.2903225806451617,0.6451612903225808,1.612903225806452,0.3225806451612904,0.0,0.0,0.0,0.0,0.0,0.0,0.0,0.0,0.0,0.0,7.900523155241119,45.18560725,-87.12809254999999,12,12,251648,B
0.7283317170406545,2.5316373314912197,2.769314786866412,54.435916999090765,1.0974654203321483,2.9287531806615776,0.0,0.5012722646310432,0.0898203592814371,0.2694610778443114,0.6287425149700597,2.425149700598803,2.155688622754492,1.167664670658682,2.065868263473054,1.796407185628743,1.3473053892215572,2.6946107784431144,1.88622754491018,1.437125748502992,0.6287425149700601,1.5269461077844313,1.1676646706586828,1.5269461077844315,1.1676646706586828,0.8982035928143715,4.401197604790419,0.7185628742514971,0.0,0.0,0.0,0.0,0.0,0.0,0.0,0.0,0.0,0.0,0.0,0.0898203592814371,0.3592814371257484,2.0658682634730545,1.9760479041916168,0.7185628742514966,1.0778443113772456,0.7185628742514971,0.5389221556886228,1.3473053892215572,0.4491017964071857,0.269461077844311,0.3592814371257485,0.5389221556886228,0.0898203592814371,0.0898203592814371,0.2694610778443114,0.0,0.2694610778443114,0.0,0.0,0.0,0.0,0.0,0.0,0.0,0.0,0.0,0.0,0.0,0.0898203592814371,0.1796407185628742,0.2694610778443113,0.3592814371257485,0.0898203592814371,0.4491017964071854,0.7185628742514971,0.4491017964071857,0.3592814371257485,0.3592814371257485,0.4491017964071857,0.359281437125748,0.0,0.2694610778443114,0.0898203592814371,0.0898203592814371,0.2694610778443114,0.1796407185628742,1.796407185628743,0.2694610778443114,0.0,0.0,0.0,0.0,0.0,0.0,0.0,0.0,0.0,0.0,0.0,0.0,0.0,0.0,0.0,0.0,0.0,0.4491017964071857,0.1796407185628743,0.7185628742514972,0.8982035928143715,0.359281437125748,0.0898203592814371,0.4491017964071857,0.5389221556886229,0.1796407185628743,0.0,0.3592814371257486,0.3592814371257486,0.0898203592814371,0.0,0.0,0.0,0.0,0.0,0.0,0.0,0.0,0.0,0.0,12,15241837.607231049,3.687491921578534,3.2844902840893484,334,0.0898203592814371,0.2694610778443114,0.6287425149700598,2.425149700598803,2.155688622754492,1.167664670658682,2.065868263473054,1.796407185628743,1.3473053892215572,2.6946107784431144,1.88622754491018,1.437125748502992,0.6287425149700601,1.5269461077844315,1.167664670658683,1.5269461077844315,1.167664670658683,0.8982035928143715,4.40119760479042,0.7185628742514972,0.0,0.0,0.0,0.0,0.0,0.0,0.0,0.0,0.0,0.0,4.642216767318571,42.80832865,-89.6372613,12,13,251664,B
0.2637383323235459,3.272009096988972,3.2687932398614805,95.36573509465,1.116295717194178,2.669230769230769,0.0,0.6615384615384615,0.6040268456375839,0.6040268456375838,0.6040268456375838,0.8053691275167786,0.8053691275167786,1.208053691275167,1.4093959731543626,1.6107382550335574,3.2214765100671143,1.4093959731543626,1.812080536912752,2.8187919463087208,2.818791946308725,2.61744966442953,1.2080536912751678,2.61744966442953,0.8053691275167787,1.0067114093959733,1.2080536912751678,0.6040268456375839,0.2013422818791946,0.0,0.0,0.0,0.0,0.0,0.0,0.0,0.0,0.0,0.2013422818791946,0.0,0.0,0.2013422818791947,0.0,0.0,0.604026845637584,0.4026845637583894,0.2013422818791947,0.0,0.4026845637583894,0.604026845637583,0.0,0.0,0.0,0.0,0.0,0.0,0.0,0.0,0.0,0.0,0.0,0.0,0.0,0.0,0.0,0.0,0.0,0.0,0.0,0.6040268456375838,0.6040268456375838,0.6040268456375839,0.6040268456375839,0.6040268456375835,0.4026845637583893,0.4026845637583893,2.0134228187919465,1.0067114093959733,0.6040268456375839,0.604026845637583,0.4026845637583893,0.2013422818791946,0.4026845637583893,1.812080536912752,0.4026845637583893,0.2013422818791946,0.8053691275167787,0.6040268456375839,0.2013422818791946,0.0,0.0,0.0,0.0,0.0,0.0,0.0,0.0,0.0,0.0,0.0,0.0,0.0,0.2013422818791946,0.6040268456375835,0.4026845637583893,0.8053691275167787,0.8053691275167787,0.4026845637583893,0.4026845637583893,1.208053691275166,2.214765100671141,2.013422818791947,0.604026845637584,0.8053691275167787,0.0,0.604026845637584,0.2013422818791946,0.0,0.0,0.0,0.0,0.0,0.0,0.0,0.0,0.0,0.0,0.0,12,6510569.836396886,3.436001943025738,5.473860600530053,149,0.6040268456375839,0.6040268456375839,0.6040268456375838,0.8053691275167787,0.8053691275167787,1.208053691275167,1.4093959731543628,1.6107382550335574,3.2214765100671148,1.4093959731543628,1.812080536912752,2.8187919463087208,2.8187919463087256,2.617449664429531,1.208053691275168,2.617449664429531,0.8053691275167787,1.0067114093959733,1.208053691275168,0.604026845637584,0.2013422818791946,0.0,0.0,0.0,0.0,0.0,0.0,0.0,0.0,0.0,8.347540258521784,44.24924005,-91.486279,12,12,251762,B
0.395448667081717,3.095008723734358,3.2177919597667786,81.89113576736426,1.1058579252141931,2.6116700201207244,0.0,0.6981891348088531,0.7258064516129032,0.2419354838709677,0.4838709677419353,1.2096774193548387,0.9677419354838712,1.4516129032258056,4.596774193548388,1.6935483870967745,0.967741935483871,2.903225806451613,1.9354838709677424,0.9677419354838696,1.6935483870967745,2.661290322580645,1.6935483870967745,1.209677419354839,2.1774193548387104,0.4838709677419356,1.209677419354839,0.4838709677419356,0.2419354838709678,0.0,0.0,0.0,0.0,0.0,0.0,0.0,0.0,0.0,0.0,0.0,0.2419354838709676,0.4838709677419355,0.9677419354838712,0.4838709677419351,2.17741935483871,0.2419354838709677,0.7258064516129032,0.4838709677419355,0.4838709677419355,0.2419354838709674,0.2419354838709677,0.7258064516129032,0.2419354838709677,0.2419354838709677,0.2419354838709677,0.0,0.0,0.0,0.0,0.0,0.0,0.0,0.0,0.0,0.0,0.0,0.0,0.0,0.2419354838709677,0.2419354838709677,0.2419354838709676,0.7258064516129032,0.0,0.2419354838709675,0.0,0.9677419354838712,0.0,1.209677419354839,0.4838709677419355,0.4838709677419348,0.4838709677419355,0.7258064516129032,0.4838709677419355,0.2419354838709677,0.9677419354838712,0.2419354838709677,0.2419354838709677,0.0,0.0,0.0,0.0,0.0,0.0,0.0,0.0,0.0,0.0,0.0,0.0,0.0,0.0,0.0,0.0,0.4838709677419351,0.7258064516129034,0.0,0.0,0.4838709677419356,0.4838709677419356,0.0,0.7258064516129034,0.7258064516129034,0.7258064516129034,0.4838709677419356,0.7258064516129034,0.0,0.2419354838709678,0.2419354838709678,0.2419354838709678,0.0,0.0,0.0,0.0,0.0,0.0,0.0,0.0,0.0,12,8274263.730533595,3.2116201011743395,2.629403829293792,124,0.7258064516129032,0.2419354838709677,0.4838709677419354,1.209677419354839,0.9677419354838712,1.4516129032258056,4.596774193548388,1.693548387096775,0.9677419354838712,2.903225806451613,1.9354838709677424,0.9677419354838696,1.693548387096775,2.661290322580645,1.693548387096775,1.209677419354839,2.17741935483871,0.4838709677419356,1.209677419354839,0.4838709677419356,0.2419354838709678,0.0,0.0,0.0,0.0,0.0,0.0,0.0,0.0,0.0,4.873793394098861,44.2634625,-88.3077995,12,13,251950,B
0.4554142073329825,3.0080373176582795,3.066038295766087,86.05672551064451,1.0621343957849554,2.75,0.0,0.7222222222222222,0.0,0.0,0.3428571428571428,0.5142857142857145,0.5142857142857145,0.8571428571428568,1.028571428571429,2.914285714285715,1.8857142857142863,1.7142857142857149,3.257142857142858,3.4285714285714235,1.885714285714286,1.885714285714286,2.400000000000001,1.371428571428572,2.0571428571428574,2.228571428571429,1.2000000000000002,0.1714285714285714,0.3428571428571429,0.0,0.0,0.0,0.0,0.0,0.0,0.0,0.0,0.0,0.0,0.0,0.1714285714285714,0.5142857142857145,0.3428571428571429,0.6857142857142854,0.6857142857142859,1.371428571428572,0.1714285714285714,0.5142857142857145,0.3428571428571429,0.3428571428571424,0.0,0.5142857142857145,0.6857142857142859,0.5142857142857145,0.1714285714285714,0.5142857142857145,0.0,0.0,0.0,0.0,0.0,0.0,0.0,0.0,0.0,0.0,0.0,0.0,0.0,0.0,0.1714285714285714,0.0,0.1714285714285714,0.0,0.0,0.6857142857142859,1.2000000000000004,0.6857142857142859,2.057142857142858,1.7142857142857115,1.2000000000000004,0.3428571428571429,0.6857142857142859,0.3428571428571429,0.1714285714285714,0.1714285714285714,0.8571428571428573,0.0,0.0,0.0,0.0,0.0,0.0,0.0,0.0,0.0,0.0,0.0,0.0,0.0,0.0,0.0,0.0,0.1714285714285713,0.3428571428571429,0.5142857142857143,0.3428571428571429,0.3428571428571429,0.5142857142857143,0.5142857142857136,0.1714285714285714,0.5142857142857143,0.3428571428571429,0.3428571428571429,1.5428571428571431,1.0285714285714287,0.0,0.0,0.0,0.0,0.0,0.0,0.0,0.0,0.0,0.0,0.0,0.0,12,18408174.116379347,3.9996668541999534,2.888921196129755,175,0.0,0.0,0.3428571428571427,0.5142857142857143,0.5142857142857143,0.8571428571428567,1.0285714285714287,2.914285714285715,1.885714285714286,1.7142857142857146,3.257142857142858,3.4285714285714235,1.885714285714286,1.885714285714286,2.400000000000001,1.3714285714285717,2.0571428571428574,2.228571428571429,1.2000000000000004,0.1714285714285714,0.3428571428571429,0.0,0.0,0.0,0.0,0.0,0.0,0.0,0.0,0.0,7.620365170914423,44.875539,-88.1440245,12,13,251966,B
0.5923247508198248,2.7894109499858764,2.873630621716328,97.07728876136578,1.1023602197910631,2.533333333333333,0.0,0.6421052631578947,0.0,1.8181818181818183,2.272727272727272,1.8181818181818188,1.8181818181818183,0.4545454545454543,1.363636363636364,0.9090909090909094,2.727272727272728,3.1818181818181825,1.363636363636364,1.818181818181816,1.363636363636364,0.9090909090909092,0.9090909090909094,1.8181818181818183,1.363636363636364,1.8181818181818183,1.8181818181818183,0.4545454545454546,0.0,0.0,0.0,0.0,0.0,0.0,0.0,0.0,0.0,0.0,0.0,0.0,0.9090909090909088,0.9090909090909092,1.3636363636363638,0.4545454545454543,0.4545454545454546,0.4545454545454546,0.4545454545454546,1.3636363636363638,0.4545454545454546,0.0,0.4545454545454546,0.0,0.0,0.0,0.0,0.4545454545454546,0.0,0.0,0.0,0.0,0.0,0.0,0.0,0.0,0.0,0.0,0.0,0.0,0.0,1.8181818181818183,1.363636363636363,0.9090909090909094,0.0,0.0,0.0,0.4545454545454547,1.8181818181818188,0.9090909090909094,0.4545454545454547,0.909090909090908,0.4545454545454547,0.0,0.9090909090909094,0.4545454545454547,0.0,0.9090909090909094,0.9090909090909094,0.0,0.0,0.0,0.0,0.0,0.0,0.0,0.0,0.0,0.0,0.0,0.0,0.0,0.0,0.0,0.4545454545454546,0.0,0.9090909090909092,0.0,0.4545454545454546,0.4545454545454546,0.0,0.9090909090909076,0.0,0.4545454545454546,0.0,0.9090909090909092,0.9090909090909092,0.4545454545454546,0.4545454545454546,0.4545454545454546,0.0,0.0,0.0,0.0,0.0,0.0,0.0,0.0,0.0,0.0,12,1910065.2962136103,4.319407836125232,3.880489065094036,66,0.0,1.818181818181818,2.2727272727272725,1.8181818181818183,1.8181818181818183,0.4545454545454542,1.3636363636363638,0.9090909090909092,2.7272727272727275,3.1818181818181825,1.3636363636363638,1.818181818181816,1.3636363636363638,0.9090909090909092,0.9090909090909092,1.8181818181818183,1.3636363636363638,1.8181818181818183,1.8181818181818183,0.4545454545454546,0.0,0.0,0.0,0.0,0.0,0.0,0.0,0.0,0.0,0.0,6.9903098963819685,43.47264199999999,-87.95082,12,12,252011,B
0.7165040747439388,2.556310492168973,2.749954142658856,65.01712940440238,1.0711503173499188,2.9447453954496208,0.0,0.551462621885157,0.2200488997555012,0.5134474327628362,0.513447432762836,0.5134474327628362,0.9535452322738388,1.173594132029339,1.5403422982885089,2.2738386308068463,2.5672371638141818,2.9339853300733503,2.7139364303178493,1.6870415647921737,2.127139364303179,2.713936430317849,1.3936430317848414,1.466992665036675,1.6136919315403426,1.3936430317848414,1.4669926650366751,0.0733496332518337,0.0,0.0733496332518337,0.0733496332518337,0.0,0.0,0.0,0.0,0.0,0.0,0.0,0.0733496332518337,0.0733496332518337,0.2200488997555011,0.293398533007335,0.4400977995110026,0.3667481662591685,0.3667481662591688,0.6601466992665038,0.3667481662591688,0.5867970660146701,0.4400977995110026,0.2200488997555009,0.3667481662591688,0.2200488997555013,0.293398533007335,0.1466992665036675,0.1466992665036675,0.3667481662591688,0.7334963325183376,0.0,0.0,0.0733496332518337,0.0733496332518337,0.0,0.0,0.0,0.0,0.0,0.0,0.0,0.1466992665036674,0.2200488997555012,0.1466992665036674,0.2200488997555012,0.5134474327628363,0.8068459657701704,0.7334963325183375,0.7334963325183375,0.293398533007335,0.5134474327628363,0.3667481662591687,0.4400977995110018,1.1002444987775062,1.3936430317848412,0.8068459657701713,0.7334963325183375,1.0268948655256729,0.5867970660146701,0.293398533007335,0.0,0.0,0.0,0.0,0.0,0.0,0.0,0.0,0.0,0.0,0.0,0.0,0.0,0.0,0.0,0.0,0.0,0.0733496332518337,0.2200488997555012,0.9535452322738388,0.6601466992665037,0.3667481662591687,0.5134474327628354,0.5867970660146701,0.880195599022005,0.293398533007335,0.293398533007335,0.3667481662591687,0.3667481662591687,0.4400977995110025,0.0733496332518337,0.0,0.0,0.0,0.0,0.0,0.0,0.0,0.0,0.0,0.0,12,21717098.670399114,3.415940168047324,3.3166735601370454,409,0.2200488997555012,0.5134474327628362,0.5134474327628361,0.5134474327628363,0.9535452322738388,1.1735941320293393,1.5403422982885089,2.2738386308068463,2.5672371638141813,2.9339853300733503,2.713936430317849,1.6870415647921737,2.127139364303179,2.713936430317849,1.3936430317848414,1.4669926650366751,1.6136919315403426,1.3936430317848414,1.4669926650366751,0.0733496332518337,0.0,0.0733496332518337,0.0733496332518337,0.0,0.0,0.0,0.0,0.0,0.0,0.0,5.645015830576392,42.8658142,-109.8707846,12,13,252242,B
0.0138779405814655,3.5686948568114287,3.563478147236353,54.3568137375205,1.1056861803573854,2.7154830172033524,0.0,0.6982796647551831,0.4979253112033195,0.5394190871369294,0.6639004149377592,1.244813278008299,1.286307053941909,1.867219917012447,1.5767634854771788,2.1991701244813284,2.0331950207468883,2.780082987551868,2.531120331950208,1.950207468879665,2.074688796680498,1.6182572614107886,1.8257261410788383,1.7012448132780085,1.2033195020746892,0.9128630705394192,0.9958506224066392,0.3319502074688797,0.0,0.0829875518672199,0.0,0.0414937759336098,0.0,0.0,0.0414937759336099,0.0,0.0,0.0,0.1659751037344398,0.2074688796680497,0.3734439834024896,0.7053941908713695,0.6639004149377595,1.0788381742738582,0.6639004149377595,0.7468879668049795,0.8298755186721992,1.2448132780082992,0.7883817427385894,0.5809128630705386,0.4564315352697096,0.4979253112033195,0.4149377593360996,0.4149377593360996,0.3734439834024897,0.1659751037344398,0.2489626556016597,0.0,0.0,0.0829875518672199,0.0,0.0414937759336098,0.0,0.0,0.0414937759336099,0.0,0.0,0.0,0.0414937759336099,0.1659751037344398,0.0414937759336099,0.2904564315352698,0.2904564315352698,0.3734439834024893,0.4149377593360996,0.8298755186721993,0.7883817427385894,0.5394190871369297,0.4979253112033195,0.2904564315352692,0.6224066390041495,0.4149377593360996,0.5809128630705396,0.4149377593360996,0.1244813278008298,0.2489626556016597,0.2904564315352698,0.0829875518672199,0.0,0.0,0.0,0.0,0.0,0.0,0.0,0.0,0.0,0.0,0.0,0.0,0.1244813278008298,0.0829875518672199,0.1244813278008298,0.2074688796680497,0.1659751037344398,0.2489626556016597,0.1659751037344398,0.2489626556016597,0.3319502074688797,0.6224066390041486,0.3734439834024897,0.4149377593360997,0.4149377593360997,0.5809128630705396,0.4979253112033195,0.3734439834024897,0.2904564315352698,0.2489626556016597,0.0,0.0,0.0,0.0,0.0,0.0,0.0,0.0,0.0,0.0,12,30790066.386696465,4.128589418181218,3.3679969405746086,723,0.4979253112033195,0.5394190871369294,0.6639004149377592,1.244813278008299,1.286307053941909,1.8672199170124468,1.5767634854771788,2.1991701244813284,2.0331950207468883,2.780082987551868,2.531120331950208,1.950207468879665,2.074688796680498,1.6182572614107886,1.8257261410788383,1.7012448132780087,1.2033195020746892,0.9128630705394192,0.9958506224066392,0.3319502074688797,0.0,0.0829875518672199,0.0,0.0414937759336098,0.0,0.0,0.0414937759336099,0.0,0.0,0.0,8.480167825486502,45.7822205,4.77372905,12,13,252608,B
0.2255979402672415,3.3202425723236324,3.28385664370105,82.93097543239291,1.076671441847594,2.761904761904762,0.0,0.7440476190476191,0.3550295857988166,0.7100591715976332,0.5325443786982247,1.0650887573964498,1.7751479289940837,0.7100591715976328,1.2426035502958583,3.19526627218935,2.1301775147929,2.3076923076923084,1.0650887573964498,2.1301775147928965,1.7751479289940837,2.1301775147929,1.4201183431952666,1.7751479289940832,3.0177514792899416,1.4201183431952666,0.3550295857988166,0.8875739644970415,0.0,0.0,0.0,0.0,0.0,0.0,0.0,0.0,0.0,0.0,0.1775147928994082,0.1775147928994082,0.5325443786982247,0.1775147928994083,0.3550295857988166,0.1775147928994081,0.7100591715976333,0.1775147928994083,0.8875739644970416,0.8875739644970416,0.0,0.355029585798816,0.3550295857988166,0.1775147928994083,0.1775147928994083,0.3550295857988166,0.1775147928994083,0.0,0.0,0.0,0.0,0.0,0.0,0.0,0.0,0.0,0.0,0.0,0.0,0.0,0.1775147928994083,0.1775147928994083,0.0,0.3550295857988166,0.1775147928994083,0.5325443786982246,0.1775147928994083,0.1775147928994083,0.532544378698225,0.7100591715976333,0.532544378698225,0.5325443786982241,0.1775147928994083,0.3550295857988166,0.3550295857988166,0.7100591715976333,2.3076923076923084,1.06508875739645,0.3550295857988166,0.1775147928994083,0.0,0.0,0.0,0.0,0.0,0.0,0.0,0.0,0.0,0.0,0.0,0.0,0.0,0.0,0.0,0.0,0.0,0.1775147928994083,0.3550295857988166,0.3550295857988166,0.5325443786982249,0.355029585798816,0.8875739644970417,1.0650887573964498,0.7100591715976333,0.5325443786982249,0.5325443786982249,0.3550295857988166,0.0,0.5325443786982249,0.0,0.0,0.0,0.0,0.0,0.0,0.0,0.0,0.0,0.0,12,57798224.91530988,2.1634598333342,5.868848651536857,169,0.3550295857988165,0.7100591715976331,0.5325443786982248,1.0650887573964498,1.7751479289940832,0.7100591715976328,1.2426035502958583,3.19526627218935,2.1301775147929,2.3076923076923084,1.0650887573964498,2.1301775147928965,1.7751479289940832,2.1301775147929,1.4201183431952666,1.7751479289940832,3.0177514792899416,1.4201183431952666,0.3550295857988166,0.8875739644970416,0.0,0.0,0.0,0.0,0.0,0.0,0.0,0.0,0.0,0.0,7.160638303437484,49.2723488,3.8846174,13,12,2612152,B
0.6904957011008306,2.6088157697948056,2.5542647387078983,62.20504489778187,1.059135823182367,2.857823669579031,0.0,0.6028594122319301,0.3495145631067961,0.058252427184466,0.466019417475728,0.5825242718446604,0.7572815533980585,0.8737864077669898,2.563106796116505,2.563106796116505,3.0873786407766994,2.79611650485437,2.097087378640777,1.805825242718444,2.679611650485437,2.912621359223301,1.5145631067961167,1.6893203883495147,1.2233009708737863,0.8737864077669905,0.9902912621359226,0.116504854368932,0.0,0.0,0.0,0.0,0.0,0.0,0.0,0.0,0.0,0.0,0.0,0.0,0.3495145631067961,0.4077669902912623,0.4077669902912623,0.3495145631067959,0.8155339805825246,0.8737864077669906,0.6407766990291264,0.4660194174757283,0.5242718446601943,0.1747572815533978,0.5242718446601943,0.2330097087378641,0.2330097087378641,0.2912621359223301,0.4660194174757283,0.4077669902912623,0.116504854368932,0.058252427184466,0.0,0.0,0.0,0.0,0.0,0.0,0.0,0.0,0.0,0.0,0.058252427184466,0.0,0.058252427184466,0.1747572815533981,0.2330097087378641,0.2912621359223299,0.6407766990291263,0.8155339805825245,0.8155339805825245,0.3495145631067962,0.5825242718446603,0.932038834951455,1.2815533980582523,1.805825242718447,0.5825242718446603,0.6407766990291263,0.2912621359223301,0.1747572815533981,0.5242718446601943,0.0,0.0,0.0,0.0,0.0,0.0,0.0,0.0,0.0,0.0,0.0,0.0,0.0,0.0,0.0,0.058252427184466,0.1747572815533979,0.5242718446601943,0.5242718446601943,0.3495145631067962,0.5825242718446603,0.5825242718446603,0.2330097087378637,0.4077669902912622,0.6407766990291264,0.2912621359223301,0.4660194174757282,0.3495145631067962,0.1747572815533981,0.116504854368932,0.0,0.0,0.0,0.0,0.0,0.0,0.0,0.0,0.0,0.0,0.0,12,53554993.00736585,4.144201359504834,3.6360419822211263,515,0.3495145631067961,0.058252427184466,0.466019417475728,0.5825242718446603,0.7572815533980585,0.8737864077669898,2.563106796116505,2.563106796116505,3.0873786407767,2.796116504854369,2.097087378640777,1.805825242718444,2.679611650485437,2.912621359223301,1.514563106796117,1.689320388349515,1.2233009708737863,0.8737864077669905,0.9902912621359226,0.116504854368932,0.0,0.0,0.0,0.0,0.0,0.0,0.0,0.0,0.0,0.0,6.098595179215358,36.2872705,-119.1476851,12,13,2635907,B
0.3039363110096831,3.219800883003598,3.253295001124528,47.13839058555392,1.0809482824300067,2.685217391304348,0.0,0.7156521739130435,0.1608579088471849,0.6434316353887399,0.5630026809651473,0.96514745308311,1.6085790884718505,2.091152815013404,2.493297587131368,1.7694369973190354,1.7694369973190351,1.8498659517426277,2.171581769436998,1.930294906166217,1.849865951742628,1.93029490616622,2.0911528150134053,2.0911528150134053,1.2064343163538878,1.2064343163538875,1.28686327077748,0.2412868632707775,0.0,0.0,0.0804289544235925,0.0,0.0,0.0,0.0,0.0,0.0,0.0,0.0,0.3217158176943699,0.4825737265415548,0.482573726541555,0.4021447721179625,0.723860589812332,1.5281501340482575,0.96514745308311,0.96514745308311,0.8847184986595175,0.96514745308311,0.6434316353887389,0.7238605898123326,0.4021447721179625,0.2412868632707775,0.7238605898123326,0.3217158176943701,0.7238605898123326,0.2412868632707775,0.0,0.0,0.0,0.0804289544235925,0.0,0.0,0.0,0.0,0.0,0.0,0.0,0.0804289544235924,0.1608579088471849,0.0804289544235924,0.2412868632707775,1.0455764075067029,0.6434316353887396,0.482573726541555,0.4021447721179625,0.2412868632707775,0.2412868632707775,0.6434316353887402,0.4021447721179619,0.7238605898123327,0.6434316353887402,0.4021447721179625,0.6434316353887402,0.4021447721179625,0.2412868632707775,0.482573726541555,0.0804289544235925,0.0,0.0,0.0,0.0,0.0,0.0,0.0,0.0,0.0,0.0,0.0,0.0,0.0,0.0,0.0804289544235925,0.1608579088471849,0.0804289544235925,0.160857908847185,0.2412868632707775,0.4021447721179625,0.2412868632707775,0.5630026809651466,0.0804289544235925,0.7238605898123326,0.804289544235925,0.4021447721179625,0.32171581769437,0.2412868632707775,0.32171581769437,0.0,0.0,0.0,0.0,0.0,0.0,0.0,0.0,0.0,0.0,0.0,12,9800526.484933317,3.5280440000453965,4.527135978817881,373,0.1608579088471849,0.6434316353887399,0.5630026809651474,0.96514745308311,1.6085790884718505,2.091152815013404,2.493297587131368,1.7694369973190351,1.7694369973190351,1.849865951742628,2.171581769436998,1.930294906166217,1.849865951742628,1.93029490616622,2.0911528150134053,2.0911528150134053,1.2064343163538878,1.2064343163538878,1.2868632707774803,0.2412868632707775,0.0,0.0,0.0804289544235925,0.0,0.0,0.0,0.0,0.0,0.0,0.0,6.679342563792518,49.43149715,2.8046221,12,12,269907,B
0.0508169300371434,3.527424069243837,3.495514949548074,81.49055891416427,1.0747005924635886,2.66804979253112,0.0,0.7012448132780082,0.986842105263158,1.3815789473684212,0.7894736842105261,0.5921052631578949,0.5921052631578948,1.3815789473684204,1.578947368421053,1.973684210526316,4.144736842105264,2.9605263157894743,2.763157894736843,1.7763157894736818,1.7763157894736843,1.7763157894736843,1.3815789473684212,1.3815789473684217,0.5921052631578949,0.5921052631578949,1.1842105263157898,0.0,0.1973684210526316,0.1973684210526316,0.0,0.0,0.0,0.0,0.0,0.0,0.0,0.0,0.0,0.0,0.0,0.3947368421052632,0.3947368421052632,0.9868421052631572,0.7894736842105264,0.7894736842105264,0.986842105263158,0.5921052631578948,0.5921052631578948,0.0,0.0,0.5921052631578948,0.1973684210526316,0.3947368421052632,0.1973684210526316,0.1973684210526316,0.0,0.0,0.0,0.0,0.0,0.0,0.0,0.0,0.0,0.0,0.0,0.0,0.7894736842105264,1.1842105263157896,0.1973684210526315,0.1973684210526316,0.0,0.0,0.1973684210526316,0.5921052631578949,0.3947368421052633,0.1973684210526316,0.5921052631578949,0.7894736842105253,0.1973684210526316,0.3947368421052633,0.3947368421052633,0.3947368421052633,0.3947368421052633,0.3947368421052633,0.7894736842105265,0.0,0.1973684210526316,0.0,0.0,0.0,0.0,0.0,0.0,0.0,0.0,0.0,0.0,0.0,0.0,0.0,0.1973684210526316,0.0,0.3947368421052632,0.3947368421052632,0.7894736842105264,0.986842105263158,0.7894736842105264,0.1973684210526312,0.986842105263158,0.3947368421052632,0.5921052631578948,0.3947368421052632,0.0,0.0,0.1973684210526316,0.0,0.0,0.0,0.0,0.0,0.0,0.0,0.0,0.0,0.0,0.0,12,20311373.13565805,2.89763546043355,3.2545038965046404,152,0.986842105263158,1.381578947368421,0.7894736842105261,0.5921052631578948,0.5921052631578948,1.38157894736842,1.578947368421053,1.973684210526316,4.144736842105264,2.9605263157894743,2.763157894736843,1.7763157894736816,1.7763157894736843,1.7763157894736843,1.3815789473684217,1.3815789473684217,0.5921052631578948,0.5921052631578948,1.1842105263157896,0.0,0.1973684210526316,0.1973684210526316,0.0,0.0,0.0,0.0,0.0,0.0,0.0,0.0,4.74547191858172,49.4410807,2.8437616500000003,12,12,269918,B
0.1897566262806573,3.3644971640329397,3.124405356613615,48.30947939067629,1.0769797777304957,2.89540675152186,0.0,0.4925290536801328,0.6649282920469362,1.3689700130378095,1.2516297262059972,0.7822685788787487,1.5254237288135597,1.7601043024771827,2.6205997392438074,2.4250325945241205,2.307692307692308,2.9335071707953078,1.3298565840938723,1.4863102998696198,1.290743155149935,1.4471968709256848,1.1342894393741856,1.4471968709256848,1.095176010430248,1.3689700130378095,1.5254237288135597,0.1173402868318123,0.1173402868318122,0.0,0.0,0.0,0.0,0.0,0.0,0.0,0.0,0.0,0.1564537157757496,0.5084745762711864,0.7040417209908734,0.3911342894393743,0.7040417209908736,0.5084745762711861,0.8604954367666233,0.5867014341590614,0.9387222946544982,0.7822685788787486,0.5084745762711865,0.2737940026075615,0.1564537157757497,0.3520208604954368,0.0391134289439374,0.2346805736636245,0.1955671447196871,0.273794002607562,0.3911342894393743,0.0391134289439374,0.0,0.0,0.0,0.0,0.0,0.0,0.0,0.0,0.0,0.0,0.1955671447196871,0.4302477183833116,0.195567144719687,0.0782268578878748,0.2346805736636245,0.3520208604954365,0.3520208604954368,0.3911342894393743,0.2346805736636245,0.5084745762711866,0.273794002607562,0.2346805736636241,0.3129074315514994,0.273794002607562,0.1955671447196871,0.1564537157757497,0.0782268578878748,0.0782268578878748,0.0782268578878748,0.0391134289439374,0.0,0.0,0.0,0.0,0.0,0.0,0.0,0.0,0.0,0.0,0.0,0.4302477183833116,0.2737940026075619,0.1564537157757497,0.3129074315514994,0.4302477183833114,0.1173402868318122,0.5084745762711866,0.3520208604954369,0.3520208604954369,0.1173402868318122,0.6258148631029978,0.5084745762711866,0.3129074315514994,0.1955671447196871,0.2346805736636245,0.1955671447196871,0.0782268578878748,0.1173402868318122,0.0,0.0,0.0,0.0,0.0,0.0,0.0,0.0,0.0,0.0,0.0,12,92404492.00806212,3.743077916020528,3.5774100546565606,767,0.6649282920469362,1.3689700130378095,1.251629726205997,0.7822685788787486,1.5254237288135597,1.7601043024771827,2.620599739243808,2.4250325945241205,2.3076923076923084,2.933507170795307,1.3298565840938723,1.4863102998696198,1.290743155149935,1.4471968709256848,1.1342894393741854,1.4471968709256848,1.095176010430248,1.36897001303781,1.5254237288135597,0.1173402868318122,0.1173402868318122,0.0,0.0,0.0,0.0,0.0,0.0,0.0,0.0,0.0,7.163108922649936,45.5422462,-73.9034878,12,12,2798489,B
0.6695559656688439,2.649504072188459,2.7445358272482703,111.05939836905362,1.0455751541257383,3.2169811320754715,0.0,0.5801886792452831,0.1181102362204724,0.4724409448818897,0.2362204724409448,0.2362204724409449,0.9448818897637796,1.889763779527558,1.771653543307087,3.070866141732284,4.606299212598427,5.314960629921261,1.7716535433070868,1.6535433070866117,1.6535433070866146,0.9448818897637796,2.1259842519685046,1.4173228346456697,0.4724409448818899,0.7086614173228348,0.5905511811023624,0.0,0.0,0.0,0.0,0.0,0.0,0.0,0.0,0.0,0.0,0.0,0.0,0.2362204724409448,0.0,0.1181102362204724,0.1181102362204724,0.0,0.0,0.0,0.0,0.2362204724409449,0.1181102362204724,0.0,0.1181102362204724,0.0,0.0,0.0,0.0,0.0,0.0,0.0,0.0,0.0,0.0,0.0,0.0,0.0,0.0,0.0,0.0,0.0,0.0,0.2362204724409448,0.1181102362204724,0.0,0.1181102362204724,0.4724409448818895,0.5905511811023623,0.4724409448818898,0.9448818897637796,1.062992125984252,0.5905511811023623,0.9448818897637782,0.9448818897637796,0.5905511811023623,1.771653543307087,0.8267716535433074,0.2362204724409449,0.2362204724409449,0.2362204724409449,0.0,0.0,0.0,0.0,0.0,0.0,0.0,0.0,0.0,0.0,0.0,0.0,0.0,0.0,0.0,0.1181102362204724,1.0629921259842512,0.4724409448818899,0.7086614173228348,1.88976377952756,3.070866141732284,0.7086614173228348,0.7086614173228336,0.5905511811023623,0.1181102362204724,0.2362204724409449,0.4724409448818899,0.2362204724409449,0.4724409448818899,0.3543307086614174,0.0,0.0,0.0,0.0,0.0,0.0,0.0,0.0,0.0,0.0,0.0,12,25768038.04649061,4.672504738639109,2.5631070427774683,254,0.1181102362204724,0.4724409448818897,0.2362204724409448,0.2362204724409449,0.9448818897637796,1.889763779527558,1.771653543307087,3.070866141732284,4.606299212598426,5.314960629921261,1.771653543307087,1.6535433070866117,1.6535433070866146,0.9448818897637796,2.1259842519685046,1.4173228346456694,0.4724409448818898,0.7086614173228347,0.5905511811023623,0.0,0.0,0.0,0.0,0.0,0.0,0.0,0.0,0.0,0.0,0.0,7.125823918924164,53.3571952,-104.0192207,12,13,3387928,B
0.4711424433108183,2.98444259931566,2.927175229650882,53.388128051905,1.0668834454420737,3.033945464663328,0.0,0.4958263772954925,0.8430913348946136,1.2997658079625294,2.1428571428571423,2.177985948477752,1.7564402810304456,1.7564402810304438,1.6510538641686183,1.1943793911007028,1.93208430913349,3.231850117096019,1.580796252927401,1.405152224824354,1.6510538641686183,1.0538641686182673,1.3700234192037473,0.772833723653396,1.0538641686182673,1.7213114754098362,1.159250585480094,0.1405152224824356,0.0351288056206089,0.0351288056206089,0.0351288056206089,0.0,0.0,0.0,0.0,0.0,0.0,0.0,0.0702576112412178,0.5620608899297423,0.94847775175644,1.0187353629976583,0.9484777517564406,0.9484777517564396,0.3864168618266979,0.4566744730679158,0.6674473067915693,0.5971896955503514,0.4918032786885247,0.3161592505854795,0.2107728337236534,0.1053864168618267,0.2107728337236534,0.1053864168618267,0.1756440281030445,0.1053864168618267,0.1405152224824356,0.0,0.0,0.0351288056206089,0.0351288056206089,0.0,0.0,0.0,0.0,0.0,0.0,0.0,0.4566744730679156,0.702576112412178,0.8079625292740045,0.8782201405152226,0.4215456674473068,0.2107728337236532,0.3161592505854801,0.1756440281030445,0.386416861826698,0.3161592505854801,0.1053864168618267,0.1053864168618265,0.2810304449648712,0.2810304449648712,0.2810304449648712,0.2107728337236534,0.2459016393442623,0.2459016393442623,0.1405152224824356,0.0351288056206089,0.0,0.0,0.0,0.0,0.0,0.0,0.0,0.0,0.0,0.0,0.0351288056206089,0.0351288056206089,0.2810304449648712,0.2459016393442623,0.3161592505854801,0.4215456674473065,0.5620608899297426,0.2810304449648713,0.4215456674473069,0.4918032786885247,0.5269320843091336,0.5620608899297417,0.737704918032787,0.2810304449648713,0.3512880562060891,0.2107728337236534,0.1405152224824356,0.2810304449648713,0.0351288056206089,0.0,0.0351288056206089,0.0,0.0,0.0,0.0,0.0,0.0,0.0,0.0,0.0,12,18612068.22354525,4.525445242526941,4.399427182863233,854,0.8430913348946136,1.2997658079625294,2.1428571428571423,2.1779859484777524,1.7564402810304451,1.7564402810304438,1.6510538641686183,1.1943793911007028,1.93208430913349,3.231850117096019,1.580796252927401,1.4051522248243538,1.6510538641686183,1.0538641686182673,1.3700234192037473,0.7728337236533959,1.0538641686182673,1.7213114754098364,1.159250585480094,0.1405152224824356,0.0351288056206089,0.0351288056206089,0.0351288056206089,0.0,0.0,0.0,0.0,0.0,0.0,0.0,6.865335187667637,45.4724988,-73.65882705,12,12,5361655,B
0.0911320562541571,3.4814537564204784,3.5303660197718263,49.14064860685316,1.0709438432643028,2.728439059158945,0.0,0.6756949394155382,0.4496788008565311,1.284796573875803,1.0278372591006422,0.7708779443254821,1.3490364025695936,1.156316916488222,1.9271948608137048,2.505353319057817,1.7344753747323345,1.7344753747323347,2.1841541755888656,2.8907922912205524,2.633832976445397,1.3490364025695936,1.092077087794433,2.1199143468950754,1.3490364025695931,1.0920770877944328,0.7066381156316918,0.2569593147751606,0.1927194860813705,0.0642398286937901,0.0642398286937901,0.0,0.0,0.0,0.0642398286937901,0.0,0.0,0.0,0.1284796573875803,0.7066381156316917,0.5139186295503211,0.5139186295503213,0.9635974304068524,0.7066381156316912,0.8351177730192721,0.9635974304068524,0.770877944325482,0.6423982869379017,0.9635974304068524,1.3490364025695911,0.770877944325482,0.5139186295503213,0.4496788008565312,0.8351177730192721,0.385438972162741,0.1284796573875803,0.1284796573875803,0.0,0.0642398286937901,0.0642398286937901,0.0642398286937901,0.0,0.0,0.0,0.0,0.0,0.0,0.0,0.1284796573875803,0.449678800856531,0.2569593147751605,0.0642398286937901,0.1284796573875803,0.1284796573875802,0.5781584582441114,0.7066381156316918,0.5139186295503213,0.7066381156316918,0.3211991434689508,0.4496788008565303,0.385438972162741,0.385438972162741,0.385438972162741,0.1284796573875803,0.4496788008565311,0.385438972162741,0.1284796573875803,0.2569593147751606,0.1284796573875803,0.0,0.0,0.0,0.0,0.0,0.0642398286937901,0.0,0.0,0.0,0.0,0.0,0.0,0.0642398286937901,0.1284796573875803,0.0642398286937901,0.1927194860813705,0.2569593147751606,0.0642398286937901,0.0642398286937901,0.6423982869379017,0.5781584582441105,0.8351177730192723,0.4496788008565312,0.1927194860813705,0.7066381156316918,0.385438972162741,0.3211991434689508,0.2569593147751606,0.0,0.0,0.0,0.0,0.0,0.0,0.0,0.0,0.0,0.0,0.0,12,17692688.24960178,4.022117025241256,3.145093391443137,467,0.449678800856531,1.284796573875803,1.0278372591006422,0.770877944325482,1.3490364025695931,1.156316916488222,1.927194860813705,2.505353319057817,1.7344753747323345,1.7344753747323345,2.1841541755888656,2.8907922912205524,2.6338329764453965,1.3490364025695931,1.0920770877944328,2.1199143468950754,1.3490364025695931,1.0920770877944328,0.7066381156316918,0.2569593147751606,0.1927194860813705,0.0642398286937901,0.0642398286937901,0.0,0.0,0.0,0.0642398286937901,0.0,0.0,0.0,5.380275787580746,50.60018385,2.9893432,12,12,58168,B
0.914033405212988,2.0304549298448973,1.9744806675461548,55.00126470531509,1.0288722956319376,3.159917638984214,0.0,0.5126973232669869,0.0,0.1454545454545454,0.2909090909090908,0.6909090909090911,0.7272727272727275,1.7818181818181809,2.036363636363637,2.400000000000001,2.254545454545455,1.7090909090909094,1.563636363636364,2.436363636363633,2.5818181818181825,2.9090909090909096,2.327272727272728,0.981818181818182,1.2727272727272732,1.054545454545455,2.363636363636364,0.4363636363636364,0.0363636363636363,0.0,0.0,0.0,0.0,0.0,0.0,0.0,0.0,0.0,0.0,0.109090909090909,0.0363636363636363,0.1454545454545454,0.1454545454545454,0.4363636363636361,0.6181818181818183,0.7636363636363638,0.8363636363636365,0.4363636363636364,0.3272727272727274,0.2181818181818178,0.3272727272727274,0.2181818181818182,0.3636363636363637,0.2181818181818182,0.5090909090909093,0.4000000000000001,0.7636363636363638,0.1454545454545454,0.0,0.0,0.0,0.0,0.0,0.0,0.0,0.0,0.0,0.0,0.0,0.0363636363636363,0.109090909090909,0.1818181818181818,0.1454545454545455,0.1454545454545454,0.290909090909091,0.2545454545454546,0.2545454545454546,0.2545454545454546,0.4000000000000001,0.6181818181818173,1.2000000000000004,2.145454545454546,1.454545454545455,0.3272727272727274,0.4363636363636364,0.4000000000000001,0.981818181818182,0.2181818181818182,0.0363636363636363,0.0,0.0,0.0,0.0,0.0,0.0,0.0,0.0,0.0,0.0,0.0,0.0,0.0,0.0,0.1818181818181817,0.3272727272727274,0.581818181818182,0.3272727272727274,0.5454545454545455,0.3636363636363637,1.3818181818181798,0.9090909090909092,0.3272727272727274,0.3636363636363637,0.4,0.290909090909091,0.1454545454545455,0.3636363636363637,0.0727272727272727,0.0,0.0,0.0,0.0,0.0,0.0,0.0,0.0,0.0,0.0,12,81679346.91447477,2.65514255172573,2.784241130232345,825,0.0,0.1454545454545454,0.2909090909090908,0.690909090909091,0.7272727272727274,1.7818181818181806,2.036363636363637,2.4000000000000004,2.2545454545454557,1.7090909090909094,1.563636363636364,2.436363636363633,2.5818181818181825,2.9090909090909096,2.327272727272728,0.981818181818182,1.272727272727273,1.054545454545455,2.363636363636364,0.4363636363636364,0.0363636363636363,0.0,0.0,0.0,0.0,0.0,0.0,0.0,0.0,0.0,5.241512191263794,33.98310205,-101.33576225,12,13,6595895,B
0.5189849158831144,2.910428416963497,2.9671921765156566,88.77356070390043,1.074626414976003,2.611353711790393,0.0,0.7117903930131004,0.2419354838709677,0.4838709677419355,0.2419354838709676,0.4838709677419356,0.2419354838709677,1.4516129032258056,1.4516129032258067,1.209677419354839,2.419354838709678,2.903225806451613,1.209677419354839,1.6935483870967718,2.17741935483871,1.9354838709677424,1.9354838709677424,1.9354838709677424,2.1774193548387104,2.903225806451613,2.1774193548387104,0.7258064516129035,0.0,0.0,0.0,0.0,0.0,0.0,0.0,0.0,0.0,0.0,0.0,0.2419354838709677,0.0,0.2419354838709677,0.2419354838709677,0.2419354838709675,0.2419354838709677,0.2419354838709677,0.2419354838709677,0.7258064516129034,0.2419354838709677,0.0,0.7258064516129034,0.2419354838709677,0.2419354838709677,0.4838709677419355,0.0,0.7258064516129034,0.0,0.0,0.0,0.0,0.0,0.0,0.0,0.0,0.0,0.0,0.0,0.0,0.0,0.0,0.2419354838709676,0.2419354838709678,0.0,0.7258064516129028,0.2419354838709678,0.0,0.9677419354838712,0.9677419354838712,0.7258064516129034,1.4516129032258045,0.2419354838709678,0.0,0.9677419354838712,0.9677419354838712,0.7258064516129034,0.7258064516129034,0.2419354838709678,0.2419354838709678,0.0,0.0,0.0,0.0,0.0,0.0,0.0,0.0,0.0,0.0,0.0,0.0,0.0,0.0,0.0,0.4838709677419352,0.2419354838709678,0.0,0.7258064516129034,0.0,0.0,0.0,0.7258064516129034,1.4516129032258067,0.4838709677419356,0.2419354838709678,1.209677419354839,0.9677419354838712,1.9354838709677424,0.4838709677419356,0.0,0.0,0.0,0.0,0.0,0.0,0.0,0.0,0.0,0.0,12,10468153.318161586,3.2384745903005823,2.4024349772587303,124,0.2419354838709677,0.4838709677419355,0.2419354838709677,0.4838709677419356,0.2419354838709678,1.4516129032258056,1.4516129032258067,1.209677419354839,2.419354838709678,2.903225806451613,1.209677419354839,1.6935483870967716,2.17741935483871,1.9354838709677424,1.9354838709677424,1.9354838709677424,2.17741935483871,2.903225806451613,2.17741935483871,0.7258064516129034,0.0,0.0,0.0,0.0,0.0,0.0,0.0,0.0,0.0,0.0,5.750586263277516,32.594151100000005,-95.2032106,12,13,6603609,B
0.0941899416568756,3.477925710226713,3.474156661392977,119.87050257348388,1.0607229676385834,2.493827160493827,0.0,0.7037037037037037,0.0,0.0,0.0,0.0,2.0000000000000004,0.0,2.0000000000000004,0.0,2.0000000000000004,2.0000000000000004,2.0000000000000004,1.999999999999997,2.0000000000000004,2.0000000000000004,4.000000000000001,8.000000000000002,0.0,2.0000000000000004,0.0,0.0,0.0,0.0,0.0,0.0,0.0,0.0,0.0,0.0,0.0,0.0,0.0,0.0,0.0,0.0,0.0,0.0,0.0,0.0,0.0,0.0,0.0,0.0,0.0,0.0,0.0,0.0,0.0,0.0,0.0,0.0,0.0,0.0,0.0,0.0,0.0,0.0,0.0,0.0,0.0,0.0,0.0,0.0,0.0,0.0,0.0,0.0,0.0,0.0,0.0,0.0,2.0000000000000004,0.0,0.0,0.0,2.0000000000000004,4.000000000000001,0.0,0.0,0.0,0.0,0.0,0.0,0.0,0.0,0.0,0.0,0.0,0.0,0.0,0.0,0.0,0.0,0.0,0.0,2.0000000000000004,0.0,2.0000000000000004,0.0,2.0000000000000004,2.0000000000000004,0.0,1.999999999999997,2.0000000000000004,2.0000000000000004,2.0000000000000004,4.000000000000001,0.0,2.0000000000000004,0.0,0.0,0.0,0.0,0.0,0.0,0.0,0.0,0.0,0.0,0.0,0.0,12,276021.5701177479,2.9888560089385137,1.9215792683369943,15,0.0,0.0,0.0,0.0,2.0000000000000004,0.0,2.0000000000000004,0.0,2.0000000000000004,2.0000000000000004,2.0000000000000004,1.999999999999997,2.0000000000000004,2.0000000000000004,4.000000000000001,8.000000000000002,0.0,2.0000000000000004,0.0,0.0,0.0,0.0,0.0,0.0,0.0,0.0,0.0,0.0,0.0,0.0,2.4380435011064128,40.30607175,-79.79540259999999,12,13,6885746,B
0.7004913788488737,2.5889078304424684,2.6291546744359646,81.69678633350681,1.0761351299955888,3.1191709844559585,0.0,0.5595854922279793,0.2958579881656805,0.1183431952662721,0.5325443786982248,0.2958579881656805,0.7100591715976333,1.5384615384615374,1.6568047337278111,1.6568047337278111,1.9526627218934915,2.958579881656805,2.4260355029585807,2.130177514792896,1.3609467455621305,1.06508875739645,6.272189349112427,1.1834319526627224,1.1834319526627222,0.7100591715976333,1.3609467455621305,0.532544378698225,0.0591715976331361,0.0,0.0,0.0,0.0,0.0,0.0,0.0,0.0,0.0,0.1183431952662722,0.0,0.1775147928994082,0.1775147928994083,0.1775147928994083,0.2366863905325442,0.2958579881656805,0.1775147928994083,0.4142011834319528,0.2366863905325444,0.3550295857988166,0.236686390532544,0.2958579881656805,0.1775147928994083,0.2366863905325444,0.2366863905325444,0.1775147928994083,0.1183431952662722,0.0591715976331361,0.0591715976331361,0.0,0.0,0.0,0.0,0.0,0.0,0.0,0.0,0.0,0.0,0.0,0.0591715976331361,0.3550295857988165,0.0,0.2366863905325444,0.3550295857988163,0.532544378698225,0.4733727810650889,0.4142011834319528,0.6508875739644971,0.2366863905325444,1.242603550295856,0.4142011834319528,0.532544378698225,5.147928994082841,0.532544378698225,0.532544378698225,0.0591715976331361,0.2366863905325444,0.0,0.0,0.0,0.0,0.0,0.0,0.0,0.0,0.0,0.0,0.0,0.0,0.0,0.0,0.0591715976331361,0.1183431952662722,0.4142011834319524,0.1775147928994083,0.3550295857988166,0.2366863905325444,0.7100591715976332,0.4142011834319528,0.236686390532544,0.4733727810650889,0.2366863905325444,0.7692307692307694,0.3550295857988166,0.4733727810650889,0.532544378698225,1.06508875739645,0.4733727810650889,0.0591715976331361,0.0,0.0,0.0,0.0,0.0,0.0,0.0,0.0,0.0,12,66372994.6091488,3.3133884718026967,4.179604827878415,507,0.2958579881656805,0.1183431952662721,0.5325443786982247,0.2958579881656805,0.7100591715976332,1.5384615384615377,1.6568047337278111,1.6568047337278111,1.9526627218934915,2.958579881656805,2.4260355029585803,2.130177514792896,1.3609467455621305,1.06508875739645,6.272189349112428,1.1834319526627222,1.1834319526627222,0.7100591715976332,1.3609467455621305,0.532544378698225,0.0591715976331361,0.0,0.0,0.0,0.0,0.0,0.0,0.0,0.0,0.0,8.377193160320992,38.5443025,-106.926824,12,12,6915551,B
0.6606411745525304,2.666434190006311,2.7737431990308057,119.31541587310944,1.0952635046052566,2.8511749347258486,0.0,0.618798955613577,0.0,0.4,0.1999999999999999,0.2,0.0,0.7999999999999996,0.6000000000000001,2.4000000000000004,3.6000000000000005,1.8000000000000005,2.8000000000000003,2.799999999999996,1.6000000000000003,2.8000000000000007,2.4000000000000004,2.6000000000000005,2.0000000000000004,1.0000000000000002,1.8000000000000005,0.0,0.0,0.2,0.0,0.0,0.0,0.0,0.0,0.0,0.0,0.0,0.0,0.2,0.0,0.2,0.0,0.0,0.0,0.2,0.2,0.4000000000000001,0.0,0.0,0.0,0.0,0.0,0.2,0.0,0.0,0.0,0.0,0.0,0.0,0.0,0.0,0.0,0.0,0.0,0.0,0.0,0.0,0.0,0.1999999999999999,0.1999999999999999,0.0,0.0,0.5999999999999996,0.6000000000000001,1.2000000000000002,1.4000000000000004,0.4000000000000001,1.2000000000000002,0.9999999999999986,0.2,0.0,1.4000000000000004,0.8000000000000002,0.8000000000000002,0.0,0.6000000000000001,0.0,0.0,0.0,0.0,0.0,0.0,0.0,0.0,0.0,0.0,0.0,0.0,0.0,0.0,0.0,0.0,0.1999999999999999,0.0,1.0000000000000002,1.8000000000000005,0.4000000000000001,1.0000000000000002,1.5999999999999976,0.8000000000000002,1.4000000000000004,0.6000000000000001,1.0000000000000002,0.8000000000000002,0.8000000000000002,1.0000000000000002,0.0,0.0,0.0,0.0,0.0,0.0,0.0,0.0,0.0,0.0,0.0,12,24381191.856539164,3.611102798241191,3.386782770085614,150,0.0,0.4,0.1999999999999999,0.2,0.0,0.7999999999999995,0.6000000000000001,2.4000000000000004,3.600000000000001,1.8000000000000005,2.8000000000000007,2.799999999999996,1.6000000000000003,2.8000000000000007,2.4000000000000004,2.600000000000001,2.0000000000000004,1.0000000000000002,1.8000000000000005,0.0,0.0,0.2,0.0,0.0,0.0,0.0,0.0,0.0,0.0,0.0,5.223485919426937,33.17853685,-90.48632915,12,13,7163957,B
0.5454304011549377,2.867930654321808,3.066178250249082,88.52707113828966,1.077873121987288,3.034188034188034,0.0,0.6025641025641025,0.5357142857142858,1.6071428571428572,2.1428571428571423,2.9464285714285725,1.0714285714285716,0.2678571428571427,1.8750000000000004,1.0714285714285716,1.3392857142857146,2.4107142857142865,3.214285714285715,1.8749999999999971,0.5357142857142858,1.6071428571428577,0.2678571428571429,0.2678571428571429,2.1428571428571432,1.6071428571428574,2.946428571428572,0.2678571428571429,0.0,0.0,0.0,0.0,0.0,0.0,0.0,0.0,0.0,0.0,0.2678571428571429,0.5357142857142858,1.0714285714285712,2.4107142857142865,0.5357142857142858,0.2678571428571427,1.0714285714285716,0.0,0.5357142857142858,1.3392857142857149,0.0,0.535714285714285,0.0,0.0,0.0,0.0,0.2678571428571429,0.2678571428571429,0.5357142857142858,0.0,0.0,0.0,0.0,0.0,0.0,0.0,0.0,0.0,0.0,0.0,0.2678571428571428,1.0714285714285714,1.0714285714285712,0.5357142857142859,0.5357142857142859,0.0,0.2678571428571429,0.5357142857142859,0.2678571428571429,0.8035714285714287,0.0,0.5357142857142849,0.2678571428571429,0.5357142857142859,0.2678571428571429,0.2678571428571429,1.3392857142857146,0.5357142857142859,1.3392857142857146,0.2678571428571429,0.0,0.0,0.0,0.0,0.0,0.0,0.0,0.0,0.0,0.0,0.0,0.0,0.0,0.0,0.0,0.0,0.5357142857142858,0.5357142857142858,0.5357142857142858,0.2678571428571429,0.2678571428571429,0.5357142857142849,0.2678571428571429,1.0714285714285716,0.0,0.0,0.5357142857142858,0.2678571428571429,1.0714285714285716,0.0,0.0,0.0,0.0,0.0,0.0,0.0,0.0,0.0,0.0,0.0,12,6024838.666125255,3.2772662942502646,3.2851443228838617,112,0.5357142857142857,1.6071428571428572,2.1428571428571423,2.946428571428572,1.0714285714285716,0.2678571428571427,1.8750000000000004,1.0714285714285716,1.3392857142857146,2.410714285714286,3.214285714285715,1.874999999999997,0.5357142857142858,1.6071428571428574,0.2678571428571429,0.2678571428571429,2.1428571428571432,1.6071428571428574,2.946428571428572,0.2678571428571429,0.0,0.0,0.0,0.0,0.0,0.0,0.0,0.0,0.0,0.0,5.387907452453444,33.2619359,-88.09508825,12,13,7460475,B
0.4839958813186766,2.9648987181544246,3.0406072395123305,80.89444082570458,1.1143897093990618,2.8575851393188856,0.0,0.6919504643962848,0.48,0.6,1.0799999999999996,1.2000000000000002,0.6000000000000001,1.439999999999999,1.6800000000000006,1.0800000000000003,2.1600000000000006,1.5600000000000005,1.5600000000000005,2.759999999999996,1.5600000000000005,2.1600000000000006,2.5200000000000005,2.7600000000000007,0.9600000000000002,1.8000000000000005,1.3200000000000005,0.4800000000000001,0.24,0.0,0.0,0.0,0.0,0.0,0.0,0.0,0.0,0.0,0.1199999999999999,0.2399999999999999,0.1199999999999999,0.6000000000000001,0.36,0.5999999999999996,1.0800000000000003,0.24,0.7200000000000001,0.48,0.24,0.719999999999999,0.24,0.36,0.36,0.12,0.24,0.24,0.0,0.0,0.0,0.0,0.0,0.0,0.0,0.0,0.0,0.0,0.0,0.0,0.0,0.36,0.4799999999999998,0.24,0.12,0.3599999999999997,0.4800000000000001,0.8400000000000002,0.9600000000000002,0.7200000000000001,0.6000000000000001,1.0799999999999983,0.4800000000000001,0.6000000000000001,0.36,0.36,0.36,0.6000000000000001,0.12,0.12,0.12,0.0,0.0,0.0,0.0,0.0,0.0,0.0,0.0,0.0,0.0,0.0,0.2399999999999999,0.24,0.0,0.4799999999999997,0.12,0.0,0.24,0.24,0.6000000000000001,0.9599999999999989,0.6000000000000001,0.4800000000000001,1.0800000000000003,1.3200000000000005,0.36,0.36,0.24,0.12,0.12,0.0,0.0,0.0,0.0,0.0,0.0,0.0,0.0,0.0,12,47712265.9113693,2.832204589412548,3.673509928936255,250,0.48,0.6,1.0799999999999998,1.2000000000000002,0.6000000000000001,1.439999999999999,1.6800000000000004,1.0800000000000003,2.1600000000000006,1.5600000000000005,1.5600000000000005,2.759999999999996,1.5600000000000005,2.1600000000000006,2.5200000000000005,2.7600000000000007,0.9600000000000002,1.8000000000000005,1.3200000000000005,0.4800000000000001,0.24,0.0,0.0,0.0,0.0,0.0,0.0,0.0,0.0,0.0,6.544875727428885,44.0806771,-80.2006068,12,12,7480369,B
0.3429983993958648,3.1676028628302944,3.130461198440692,101.19316760351587,1.086760543397786,2.7,0.0,0.7928571428571428,0.0,0.0,0.6818181818181817,1.363636363636364,0.0,0.6818181818181814,1.363636363636364,2.045454545454546,2.7272727272727275,4.772727272727273,1.363636363636364,4.772727272727266,2.727272727272728,2.045454545454546,1.363636363636364,2.7272727272727275,0.0,0.0,1.363636363636364,0.0,0.0,0.0,0.0,0.0,0.0,0.0,0.0,0.0,0.0,0.0,0.0,0.0,0.0,0.0,0.0,0.0,0.0,0.0,0.0,0.0,0.0,0.0,0.0,0.0,0.0,0.0,0.0,0.0,0.0,0.0,0.0,0.0,0.0,0.0,0.0,0.0,0.0,0.0,0.0,0.0,0.0,0.0,0.0,1.363636363636364,0.0,0.6818181818181814,1.363636363636364,0.681818181818182,0.681818181818182,2.045454545454546,0.681818181818182,2.0454545454545427,0.681818181818182,0.681818181818182,0.0,1.363636363636364,0.0,0.0,1.363636363636364,0.0,0.0,0.0,0.0,0.0,0.0,0.0,0.0,0.0,0.0,0.0,0.0,0.0,0.0,0.0,0.0,0.0,0.0,0.0,1.363636363636364,2.727272727272728,0.681818181818182,0.6818181818181809,2.045454545454546,1.363636363636364,1.363636363636364,0.681818181818182,0.0,0.0,0.0,0.0,0.0,0.0,0.0,0.0,0.0,0.0,0.0,0.0,0.0,0.0,12,2104370.2578173038,3.074667594770901,2.241814080021693,44,0.0,0.0,0.6818181818181817,1.363636363636364,0.0,0.6818181818181814,1.363636363636364,2.045454545454546,2.727272727272728,4.772727272727274,1.363636363636364,4.772727272727265,2.727272727272728,2.045454545454546,1.363636363636364,2.727272727272728,0.0,0.0,1.363636363636364,0.0,0.0,0.0,0.0,0.0,0.0,0.0,0.0,0.0,0.0,0.0,2.279455602999145,46.8685008,-71.35915635,12,13,7701011,B
0.3974252511131465,3.092212629516369,3.2114694559873658,31.367495057072976,1.0869724303239787,2.731707317073171,0.0,0.4699186991869918,0.1426872770511296,0.2853745541022592,0.7134363852556479,0.7134363852556481,1.4982164090368613,1.997621878715813,2.06896551724138,1.8549346016646853,2.3543400713436387,2.033293697978597,1.2841854934601669,2.175980975029723,2.1759809750297268,2.0332936979785976,1.7835909631391205,1.712247324613556,1.7835909631391205,1.3198573127229491,1.890606420927468,0.0713436385255648,0.1070154577883472,0.0,0.0,0.0,0.0,0.0,0.0,0.0,0.0,0.0,0.0,0.1426872770511296,0.4280618311533887,0.6420927467300833,0.963139120095125,1.0701545778834711,0.8204518430439953,0.8204518430439953,0.7847800237812128,0.6777645659928657,0.4280618311533889,0.6420927467300822,0.4637336504161714,0.4994054696789538,0.7491082045184305,0.4280618311533889,0.3210463733650416,0.178359096313912,0.356718192627824,0.0,0.0356718192627824,0.0,0.0,0.0,0.0,0.0,0.0,0.0,0.0,0.0,0.0713436385255648,0.1426872770511296,0.2497027348394767,0.0356718192627824,0.2497027348394769,0.285374554102259,0.1070154577883472,0.178359096313912,0.356718192627824,0.2140309155766944,0.178359096313912,0.2497027348394764,0.1070154577883472,0.2853745541022593,0.1070154577883472,0.0713436385255648,0.2140309155766944,0.2140309155766944,0.178359096313912,0.0356718192627824,0.0713436385255648,0.0,0.0,0.0,0.0,0.0,0.0,0.0,0.0,0.0,0.0,0.0,0.0,0.0,0.0713436385255648,0.3210463733650414,0.3210463733650417,0.4280618311533889,0.4637336504161713,0.5707491082045185,0.2853745541022592,0.3923900118906058,1.03448275862069,0.2497027348394769,0.0713436385255648,0.0713436385255648,0.1426872770511296,0.1070154577883472,0.1070154577883472,0.0356718192627824,0.0,0.0,0.0,0.0,0.0,0.0,0.0,0.0,0.0,0.0,12,21607294.123036727,3.8145113390879706,2.9818910423233174,841,0.1426872770511296,0.2853745541022592,0.7134363852556479,0.7134363852556481,1.498216409036861,1.997621878715813,2.06896551724138,1.8549346016646853,2.354340071343639,2.0332936979785976,1.2841854934601666,2.175980975029723,2.175980975029727,2.0332936979785976,1.7835909631391205,1.7122473246135557,1.7835909631391205,1.3198573127229491,1.890606420927468,0.0713436385255648,0.1070154577883472,0.0,0.0,0.0,0.0,0.0,0.0,0.0,0.0,0.0,4.913266447228316,45.6686515,-73.76443094999999,12,13,7703989,B
0.0895141771642722,3.4833179895350304,3.468218339090433,66.84226022791368,1.0933047945458616,3.017505470459519,0.0,0.6422319474835886,0.3061224489795918,1.683673469387755,1.9897959183673464,2.0663265306122454,1.6071428571428574,0.9948979591836729,1.0714285714285716,0.8418367346938778,1.6071428571428574,1.6071428571428572,1.4540816326530617,3.3673469387755057,2.0663265306122454,1.9132653061224487,1.6836734693877555,2.0663265306122454,1.4540816326530617,0.8418367346938778,0.6887755102040818,0.4591836734693879,0.1530612244897959,0.0,0.0765306122448979,0.0,0.0,0.0,0.0,0.0,0.0,0.0,0.0765306122448979,0.2295918367346938,1.224489795918367,1.7602040816326534,0.9948979591836736,0.3061224489795917,0.4591836734693879,0.2295918367346939,0.4591836734693879,0.3826530612244899,0.1530612244897959,0.5357142857142849,0.1530612244897959,0.3826530612244899,0.4591836734693879,0.2295918367346939,0.1530612244897959,0.2295918367346939,0.0765306122448979,0.0765306122448979,0.0,0.0,0.0765306122448979,0.0,0.0,0.0,0.0,0.0,0.0,0.0,0.0765306122448979,1.3010204081632657,0.6122448979591836,0.2295918367346939,0.3826530612244899,0.4591836734693874,0.2295918367346939,0.0765306122448979,0.2295918367346939,0.1530612244897959,0.3061224489795919,0.6122448979591828,0.3826530612244899,0.3826530612244899,0.2295918367346939,0.4591836734693879,0.1530612244897959,0.3061224489795919,0.0,0.1530612244897959,0.1530612244897959,0.0,0.0,0.0,0.0,0.0,0.0,0.0,0.0,0.0,0.0,0.0765306122448979,0.0,0.0,0.1530612244897959,0.1530612244897958,0.3826530612244898,0.3061224489795919,0.3061224489795919,0.7653061224489797,0.6122448979591838,1.454081632653059,0.4591836734693878,0.3826530612244898,0.3061224489795919,0.9948979591836736,0.6887755102040817,0.0,0.0765306122448979,0.0765306122448979,0.0,0.0,0.0,0.0,0.0,0.0,0.0,0.0,0.0,0.0,12,20988221.745530654,3.8513678459320215,3.5134583225519163,392,0.3061224489795918,1.683673469387755,1.9897959183673464,2.0663265306122454,1.6071428571428574,0.9948979591836729,1.0714285714285716,0.8418367346938777,1.6071428571428574,1.6071428571428574,1.4540816326530617,3.3673469387755057,2.0663265306122454,1.9132653061224487,1.6836734693877553,2.0663265306122454,1.4540816326530617,0.8418367346938777,0.6887755102040818,0.4591836734693878,0.1530612244897959,0.0,0.0765306122448979,0.0,0.0,0.0,0.0,0.0,0.0,0.0,6.011271459793725,45.6665153,-73.785297,12,12,7703990,B
0.2822129446401725,3.2481964700328,3.3172066662176625,91.45021756554716,1.1349409789696023,2.9079283887468037,0.0,0.7736572890025576,0.7046979865771812,0.4026845637583892,0.5033557046979865,0.7046979865771814,0.8053691275167787,1.2080536912751672,2.4161073825503365,2.013422818791947,3.02013422818792,1.812080536912752,2.416107382550336,1.711409395973152,2.718120805369128,2.718120805369128,1.6107382550335574,2.1140939597315445,1.208053691275168,1.1073825503355708,0.7046979865771814,0.1006711409395973,0.0,0.0,0.0,0.0,0.0,0.0,0.0,0.0,0.0,0.0,0.1006711409395973,0.0,0.3020134228187919,0.4026845637583894,0.604026845637584,0.6040268456375836,1.1073825503355708,0.5033557046979867,0.604026845637584,0.4026845637583894,0.4026845637583894,0.2013422818791943,0.2013422818791947,0.8053691275167788,0.2013422818791947,0.4026845637583894,0.4026845637583894,0.302013422818792,0.1006711409395973,0.0,0.0,0.0,0.0,0.0,0.0,0.0,0.0,0.0,0.0,0.0,0.1006711409395973,0.3020134228187919,0.1006711409395973,0.3020134228187919,0.1006711409395973,0.3020134228187917,0.906040268456376,0.906040268456376,1.0067114093959733,0.5033557046979866,0.5033557046979866,0.3020134228187915,0.6040268456375839,0.5033557046979866,0.2013422818791946,0.3020134228187919,0.4026845637583893,0.2013422818791946,0.4026845637583893,0.0,0.0,0.0,0.0,0.0,0.0,0.0,0.0,0.0,0.0,0.0,0.0,0.0,0.1006711409395973,0.0,0.1006711409395973,0.2013422818791945,0.4026845637583893,0.5033557046979867,0.8053691275167787,0.5033557046979867,0.906040268456376,0.9060402684563744,1.3087248322147655,0.8053691275167787,0.8053691275167787,1.0067114093959737,0.2013422818791946,0.604026845637584,0.0,0.1006711409395973,0.0,0.0,0.0,0.0,0.0,0.0,0.0,0.0,0.0,0.0,12,20744853.791642334,4.162604074591771,3.579993165992957,298,0.7046979865771812,0.4026845637583892,0.5033557046979865,0.7046979865771814,0.8053691275167787,1.208053691275167,2.416107382550336,2.0134228187919465,3.02013422818792,1.812080536912752,2.416107382550336,1.7114093959731518,2.718120805369128,2.718120805369128,1.6107382550335574,2.114093959731544,1.208053691275168,1.1073825503355708,0.7046979865771814,0.1006711409395973,0.0,0.0,0.0,0.0,0.0,0.0,0.0,0.0,0.0,0.0,7.698983979507812,46.8038873,-71.35785195,12,12,7716093,B
0.5174835878681471,2.9128055607565284,2.843750665247716,116.8285398031796,1.098921117344281,2.7444444444444445,0.0,0.7111111111111111,1.0714285714285714,0.0,1.0714285714285712,0.0,0.0,1.3392857142857135,1.0714285714285718,2.1428571428571432,2.946428571428572,3.214285714285715,2.946428571428572,3.4821428571428523,2.946428571428572,3.214285714285715,2.1428571428571432,1.3392857142857144,0.5357142857142859,0.2678571428571429,0.0,0.2678571428571429,0.0,0.0,0.0,0.0,0.0,0.0,0.0,0.0,0.0,0.0,0.2678571428571428,0.0,0.5357142857142856,0.0,0.0,0.0,0.0,0.0,0.0,0.0,0.0,0.0,0.0,0.5357142857142859,0.0,0.0,0.0,0.0,0.0,0.0,0.0,0.0,0.0,0.0,0.0,0.0,0.0,0.0,0.0,0.0,0.0,0.0,0.0,0.0,0.0,0.5357142857142855,0.5357142857142859,0.8035714285714287,0.8035714285714287,0.5357142857142859,0.2678571428571429,0.535714285714285,0.2678571428571429,0.2678571428571429,0.2678571428571429,0.0,0.2678571428571429,0.0,0.0,0.0,0.0,0.0,0.0,0.0,0.0,0.0,0.0,0.0,0.0,0.0,0.0,0.0,0.2678571428571428,0.0,0.0,0.803571428571428,0.5357142857142859,1.0714285714285718,1.8750000000000004,2.410714285714286,2.142857142857144,1.3392857142857122,0.8035714285714287,0.5357142857142859,1.3392857142857146,0.8035714285714287,0.2678571428571429,0.2678571428571429,0.0,0.2678571428571429,0.0,0.0,0.0,0.0,0.0,0.0,0.0,0.0,0.0,0.0,12,13285397.943807622,3.468949919765816,3.588973643272533,112,1.0714285714285714,0.0,1.0714285714285712,0.0,0.0,1.3392857142857135,1.0714285714285716,2.1428571428571432,2.946428571428572,3.214285714285715,2.946428571428572,3.482142857142852,2.946428571428572,3.214285714285715,2.1428571428571432,1.3392857142857146,0.5357142857142858,0.2678571428571429,0.0,0.2678571428571429,0.0,0.0,0.0,0.0,0.0,0.0,0.0,0.0,0.0,0.0,5.710728236630043,45.53776195,-73.20867625,12,12,7903225,B
0.5035453547759212,2.9347006385435344,2.909690034658257,48.58670477468743,1.0834850594463992,2.9032992036405005,0.0,0.5551763367463026,0.8042895442359249,1.93029490616622,2.0911528150134044,2.0911528150134053,1.849865951742628,1.2868632707774788,1.126005361930295,2.2520107238605904,2.010723860589813,2.2520107238605904,2.010723860589813,1.1260053619302932,1.849865951742628,1.93029490616622,0.5630026809651476,0.8042895442359252,1.0455764075067029,1.3672922252010729,1.3672922252010729,0.0804289544235925,0.0,0.0804289544235925,0.0,0.0,0.0,0.0804289544235925,0.0,0.0,0.0,0.0,0.4021447721179624,1.2868632707774796,1.689008042895442,1.5281501340482575,1.1260053619302952,0.8847184986595167,0.4825737265415549,0.7238605898123326,0.4021447721179625,0.32171581769437,0.4021447721179625,0.4021447721179618,0.2412868632707774,0.7238605898123326,0.0,0.160857908847185,0.160857908847185,0.0804289544235925,0.160857908847185,0.0,0.0,0.0,0.0,0.0,0.0,0.0804289544235925,0.0,0.0,0.0,0.0,0.2412868632707775,0.482573726541555,0.4021447721179624,0.2412868632707775,0.2412868632707775,0.0,0.2412868632707775,0.4021447721179625,0.160857908847185,0.0,0.6434316353887402,0.0804289544235924,0.160857908847185,0.4021447721179625,0.0804289544235925,0.0804289544235925,0.2412868632707775,0.0804289544235925,0.0804289544235925,0.0,0.0,0.0804289544235925,0.0,0.0,0.0,0.0,0.0,0.0,0.0,0.0,0.0,0.0804289544235925,0.0,0.160857908847185,0.3217158176943701,0.0804289544235924,0.0804289544235925,0.8847184986595177,1.2064343163538878,1.1260053619302954,0.5630026809651477,0.4021447721179618,0.8042895442359251,0.6434316353887402,0.2412868632707775,0.0804289544235925,0.3217158176943701,0.7238605898123327,0.0804289544235925,0.0,0.0,0.0,0.0,0.0,0.0,0.0,0.0,0.0,0.0,0.0,12,10562473.23919814,2.553723503626883,2.6658597827042687,373,0.8042895442359249,1.93029490616622,2.0911528150134044,2.0911528150134053,1.849865951742628,1.2868632707774792,1.1260053619302952,2.2520107238605904,2.010723860589813,2.2520107238605904,2.010723860589813,1.1260053619302932,1.849865951742628,1.93029490616622,0.5630026809651476,0.8042895442359251,1.0455764075067029,1.3672922252010726,1.3672922252010726,0.0804289544235925,0.0,0.0804289544235925,0.0,0.0,0.0,0.0804289544235925,0.0,0.0,0.0,0.0,3.380129267653865,45.5464302,-73.23211025,12,13,7903226,B
0.2348559442606743,3.308645839114436,3.181963325798037,97.8798118915224,1.1636778195507689,2.7301587301587302,0.0,0.746031746031746,0.967741935483871,0.967741935483871,0.0,0.9677419354838712,1.4516129032258067,0.9677419354838704,3.387096774193549,2.419354838709678,1.4516129032258067,2.903225806451614,1.9354838709677424,2.9032258064516085,0.0,2.903225806451613,2.903225806451613,1.4516129032258067,0.9677419354838712,0.0,0.9677419354838712,0.0,0.0,0.4838709677419356,0.0,0.0,0.0,0.0,0.0,0.0,0.0,0.0,0.0,0.0,0.0,0.4838709677419356,1.4516129032258067,0.4838709677419351,0.0,0.4838709677419356,0.0,0.0,0.0,0.4838709677419348,0.0,0.9677419354838712,0.4838709677419356,0.0,0.0,0.0,0.0,0.0,0.0,0.0,0.0,0.0,0.0,0.0,0.0,0.0,0.0,0.0,0.0,0.4838709677419355,0.0,0.0,0.0,0.0,0.4838709677419356,1.4516129032258067,0.4838709677419356,0.9677419354838712,1.4516129032258067,1.9354838709677396,0.0,0.4838709677419356,0.9677419354838712,0.9677419354838712,0.4838709677419356,0.0,0.0,0.0,0.0,0.4838709677419356,0.0,0.0,0.0,0.0,0.0,0.0,0.0,0.0,0.0,0.0,0.0,0.4838709677419355,0.0,0.4838709677419351,2.419354838709678,0.4838709677419355,0.9677419354838712,1.4516129032258067,0.4838709677419355,0.4838709677419348,0.0,0.9677419354838712,0.9677419354838712,0.4838709677419355,0.4838709677419355,0.0,0.9677419354838712,0.0,0.0,0.0,0.0,0.0,0.0,0.0,0.0,0.0,0.0,0.0,12,920398.888023064,3.864124226258136,2.1667758388686926,62,0.967741935483871,0.967741935483871,0.0,0.9677419354838712,1.4516129032258067,0.9677419354838704,3.3870967741935494,2.419354838709678,1.4516129032258067,2.903225806451613,1.9354838709677424,2.903225806451609,0.0,2.903225806451613,2.903225806451613,1.4516129032258067,0.9677419354838712,0.0,0.9677419354838712,0.0,0.0,0.4838709677419356,0.0,0.0,0.0,0.0,0.0,0.0,0.0,0.0,5.333446868215414,45.5942582,-73.09690135,12,13,7927131,B
0.2925244932846657,3.234772159554862,3.308762758302265,94.1778561295466,1.0820365524790796,2.6876310272536688,0.0,0.6960167714884696,0.4,0.8,0.3999999999999999,0.6000000000000001,0.8000000000000003,1.799999999999999,1.0000000000000002,1.4000000000000004,3.000000000000001,3.000000000000001,2.6000000000000005,0.9999999999999984,1.6000000000000003,2.0000000000000004,3.400000000000001,1.0000000000000002,1.6000000000000003,1.2000000000000002,1.6000000000000003,0.6000000000000002,0.0,0.2,0.0,0.0,0.0,0.0,0.0,0.0,0.0,0.0,0.2,0.4,0.1999999999999999,0.4000000000000001,0.2,0.9999999999999994,0.6000000000000001,0.2,0.8000000000000002,0.4000000000000001,0.4000000000000001,0.0,0.0,0.6000000000000001,1.0000000000000002,0.4000000000000001,0.0,0.2,0.2,0.0,0.0,0.0,0.0,0.0,0.0,0.0,0.0,0.0,0.0,0.0,0.0,0.3999999999999999,0.1999999999999999,0.2,0.2,0.5999999999999995,0.2,0.6000000000000001,1.4000000000000004,1.0000000000000002,0.4000000000000001,0.1999999999999997,0.4000000000000001,0.0,0.8000000000000002,0.0,0.4000000000000001,1.0000000000000002,0.6000000000000001,0.2,0.0,0.2,0.0,0.0,0.0,0.0,0.0,0.0,0.0,0.0,0.0,0.0,0.0,0.0,0.2,0.1999999999999999,0.2,0.6000000000000001,0.8000000000000003,1.4000000000000006,1.4000000000000006,0.1999999999999997,0.8000000000000003,0.6000000000000001,1.4000000000000006,0.6000000000000001,1.0000000000000002,0.0,0.6000000000000001,0.2,0.0,0.0,0.0,0.0,0.0,0.0,0.0,0.0,0.0,0.0,12,6450537.678368887,2.9793956536836923,2.92005221252545,150,0.4,0.8,0.3999999999999999,0.6000000000000001,0.8000000000000002,1.799999999999999,1.0000000000000002,1.4000000000000004,3.000000000000001,3.000000000000001,2.600000000000001,0.9999999999999984,1.6000000000000003,2.0000000000000004,3.400000000000001,1.0000000000000002,1.6000000000000003,1.2000000000000002,1.6000000000000003,0.6000000000000001,0.0,0.2,0.0,0.0,0.0,0.0,0.0,0.0,0.0,0.0,8.320656205874661,45.48156245,-71.6603517,12,13,7953234,B
0.6148797353527344,2.7500361296699323,2.941398566139723,25.460284613256267,1.062675575701426,2.8936479128856623,0.0,0.5477313974591651,0.0961098398169336,0.3020594965675057,0.8100686498855834,1.016018306636156,2.018306636155607,1.496567505720823,1.6887871853546914,2.2379862700228834,2.8146453089244856,2.306636155606408,1.9084668192219685,1.702517162471393,1.7574370709382154,1.6887871853546912,1.5102974828375288,1.633867276887872,1.4553775743707096,1.3318077803203665,1.7574370709382152,0.3157894736842105,0.0137299771167048,0.0411899313501144,0.068649885583524,0.0274599542334095,0.0,0.0,0.0,0.0,0.0,0.0,0.0137299771167048,0.1784897025171624,0.3295194508009152,0.5629290617848971,1.016018306636156,0.7826086956521734,0.7002288329519452,1.0434782608695654,1.4004576659038903,0.919908466819222,0.9336384439359268,0.63157894736842,0.7002288329519452,0.4393592677345538,0.5354691075514875,0.4118993135011443,0.4393592677345538,0.4530892448512587,0.3844393592677346,0.068649885583524,0.0,0.0137299771167048,0.0274599542334096,0.0274599542334095,0.0,0.0,0.0,0.0,0.0,0.0,0.0,0.0411899313501144,0.3295194508009152,0.2334096109839817,0.2059496567505721,0.2334096109839815,0.3432494279176202,0.3981693363844394,0.5217391304347827,0.425629290617849,0.425629290617849,0.4805491990846675,0.3432494279176202,0.425629290617849,0.5080091533180779,0.4805491990846682,0.5491990846681923,0.3157894736842105,0.2745995423340961,0.0961098398169336,0.0137299771167048,0.0137299771167048,0.0274599542334096,0.0,0.0,0.0,0.0,0.0,0.0,0.0,0.0,0.0,0.0549199084668192,0.0274599542334096,0.0961098398169336,0.2334096109839815,0.2334096109839817,0.3844393592677346,0.288329519450801,0.356979405034325,0.3157894736842106,0.2471395881006861,0.356979405034325,0.4668192219679635,0.2334096109839817,0.2608695652173913,0.2059496567505721,0.0549199084668192,0.0823798627002288,0.068649885583524,0.0,0.0,0.0,0.0,0.0,0.0,0.0,0.0,0.0,0.0,12,50096352.40054783,2.2269941734578462,4.093960911107628,2185,0.0961098398169336,0.3020594965675057,0.8100686498855834,1.016018306636156,2.018306636155607,1.496567505720823,1.6887871853546914,2.237986270022884,2.814645308924486,2.306636155606408,1.9084668192219685,1.7025171624713933,1.7574370709382154,1.6887871853546914,1.510297482837529,1.6338672768878724,1.4553775743707098,1.3318077803203665,1.7574370709382154,0.3157894736842105,0.0137299771167048,0.0411899313501144,0.068649885583524,0.0274599542334095,0.0,0.0,0.0,0.0,0.0,0.0,4.693823799079213,34.4145216,-119.8592956,13,12,8280709,B
0.7459156299577439,2.49394107464505,2.422263318402765,59.42192440241084,1.009273617050128,2.278372591006424,0.0,0.4839400428265524,0.0,0.4545454545454546,0.909090909090909,1.363636363636364,1.8181818181818183,0.0,0.0,0.9090909090909092,0.9090909090909092,0.4545454545454546,4.090909090909092,0.4545454545454538,4.090909090909092,2.2727272727272734,2.2727272727272734,2.7272727272727275,0.9090909090909092,2.7272727272727275,1.8181818181818183,0.4545454545454546,0.0,0.4545454545454546,0.4545454545454546,0.0,0.4545454545454546,0.0,0.0,0.0,0.0,0.0,0.0,0.0,0.4545454545454545,0.0,0.0,0.0,0.0,0.0,0.0,0.0,0.4545454545454546,0.0,0.0,0.4545454545454546,0.0,0.0,0.0,0.0,0.4545454545454546,0.0,0.0,0.4545454545454546,0.4545454545454546,0.0,0.4545454545454546,0.0,0.0,0.0,0.0,0.0,0.0,0.4545454545454546,0.4545454545454545,1.363636363636364,1.8181818181818183,0.0,0.0,0.4545454545454546,0.0,0.0,0.4545454545454546,0.0,0.9090909090909092,0.0,0.9090909090909092,0.0,0.0,0.4545454545454546,0.0,0.0,0.0,0.0,0.0,0.0,0.0,0.0,0.0,0.0,0.0,0.0,0.0,0.0,0.0,0.0,0.0,0.0,0.0,0.4545454545454546,0.4545454545454546,0.4545454545454546,1.3636363636363638,0.4545454545454538,1.8181818181818183,0.0,0.9090909090909092,2.272727272727273,0.4545454545454546,1.3636363636363638,1.3636363636363638,0.4545454545454546,0.0,0.0,0.0,0.0,0.0,0.0,0.0,0.0,0.0,0.0,12,6583504.361243064,2.619822036838159,2.0775521353731747,66,0.0,0.4545454545454545,0.9090909090909088,1.3636363636363638,1.8181818181818183,0.0,0.0,0.9090909090909092,0.9090909090909092,0.4545454545454546,4.090909090909092,0.4545454545454539,4.090909090909092,2.2727272727272734,2.2727272727272734,2.7272727272727275,0.9090909090909092,2.7272727272727275,1.8181818181818183,0.4545454545454546,0.0,0.4545454545454546,0.4545454545454546,0.0,0.4545454545454546,0.0,0.0,0.0,0.0,0.0,3.344674490293936,35.66619045,50.99636665,12,13,8678209,B
0.0704245883765368,3.5051905169042548,3.525806338343419,31.75937897479045,1.0837911522394406,2.1525773195876288,0.0,0.5228865979381443,1.1042944785276074,1.8404907975460123,1.104294478527607,2.0245398773006142,2.2085889570552157,1.2883435582822076,1.4723926380368102,1.4723926380368102,2.3926380368098163,2.3926380368098163,2.2085889570552157,1.8404907975460096,1.2883435582822087,1.8404907975460127,0.7361963190184051,1.4723926380368102,1.1042944785276076,0.5521472392638038,1.1042944785276076,0.3680981595092025,0.0,0.1840490797546012,0.0,0.0,0.0,0.0,0.0,0.0,0.0,0.0,0.1840490797546012,0.9202453987730064,0.3680981595092024,1.288343558282209,1.1042944785276076,0.5521472392638033,1.1042944785276076,1.1042944785276076,1.1042944785276076,1.4723926380368102,1.4723926380368102,0.1840490797546009,0.0,0.5521472392638038,0.5521472392638038,0.1840490797546012,0.3680981595092025,0.0,0.3680981595092025,0.1840490797546012,0.0,0.1840490797546012,0.0,0.0,0.0,0.0,0.0,0.0,0.0,0.0,0.0,0.736196319018405,0.3680981595092024,0.0,0.7361963190184051,0.1840490797546011,0.1840490797546012,0.1840490797546012,0.3680981595092025,0.3680981595092025,0.3680981595092025,1.104294478527606,0.0,0.7361963190184051,0.0,0.3680981595092025,0.3680981595092025,0.0,0.3680981595092025,0.1840490797546012,0.0,0.0,0.0,0.0,0.0,0.0,0.0,0.0,0.0,0.0,0.0,0.0,0.0,0.7361963190184051,0.1840490797546012,0.0,0.0,0.1840490797546012,0.3680981595092025,0.0,0.1840490797546012,0.5521472392638029,0.5521472392638037,0.3680981595092025,0.0,0.1840490797546012,0.0,0.0,0.1840490797546012,0.0,0.0,0.0,0.0,0.0,0.0,0.0,0.0,0.0,0.0,0.0,12,4985071.125027103,4.636583737358451,2.410766115097329,163,1.1042944785276074,1.8404907975460123,1.1042944785276072,2.024539877300614,2.208588957055215,1.2883435582822078,1.4723926380368102,1.4723926380368102,2.392638036809817,2.392638036809817,2.208588957055215,1.8404907975460092,1.288343558282209,1.8404907975460123,0.7361963190184051,1.4723926380368102,1.1042944785276074,0.5521472392638037,1.1042944785276074,0.3680981595092025,0.0,0.1840490797546012,0.0,0.0,0.0,0.0,0.0,0.0,0.0,0.0,6.96899498920904,46.11538815,5.97060225,12,13,90998,B
0.1577438821734823,3.4032037887798903,3.383332548490091,97.39190339320912,1.1386578449877147,2.5316455696202533,0.0,0.6487341772151899,1.7647058823529411,1.3235294117647058,0.0,1.323529411764706,0.8823529411764708,3.088235294117645,2.205882352941177,1.323529411764706,1.7647058823529416,3.529411764705883,1.7647058823529416,1.764705882352939,0.4411764705882354,0.8823529411764708,2.647058823529413,1.3235294117647065,1.7647058823529416,1.7647058823529416,0.4411764705882354,0.0,0.0,0.0,0.0,0.0,0.0,0.0,0.0,0.0,0.0,0.0,0.4411764705882353,0.8823529411764706,0.0,1.323529411764706,0.4411764705882354,1.76470588235294,0.0,0.0,1.323529411764706,1.7647058823529416,1.323529411764706,0.0,0.0,0.8823529411764708,0.4411764705882354,0.4411764705882354,0.4411764705882354,0.0,0.4411764705882354,0.0,0.0,0.0,0.0,0.0,0.0,0.0,0.0,0.0,0.0,0.0,0.0,0.0,0.0,0.0,0.4411764705882354,0.8823529411764699,1.7647058823529416,1.323529411764706,0.4411764705882354,1.323529411764706,0.4411764705882354,0.8823529411764692,0.4411764705882354,0.0,1.7647058823529416,0.0,0.4411764705882354,1.323529411764706,0.0,0.0,0.0,0.0,0.0,0.0,0.0,0.0,0.0,0.0,0.0,0.0,0.0,0.4411764705882353,0.0,0.0,0.0,0.441176470588235,0.4411764705882354,0.0,0.0,0.4411764705882354,0.0,0.8823529411764695,0.0,0.0,0.4411764705882354,0.8823529411764709,0.4411764705882354,0.4411764705882354,0.0,0.0,0.0,0.0,0.0,0.0,0.0,0.0,0.0,0.0,0.0,0.0,12,562602.7421711741,3.789796298133209,4.201997544727171,68,1.7647058823529411,1.3235294117647058,0.0,1.323529411764706,0.8823529411764708,3.088235294117645,2.205882352941177,1.323529411764706,1.7647058823529416,3.529411764705883,1.7647058823529416,1.764705882352939,0.4411764705882354,0.8823529411764708,2.647058823529412,1.323529411764706,1.7647058823529416,1.7647058823529416,0.4411764705882354,0.0,0.0,0.0,0.0,0.0,0.0,0.0,0.0,0.0,0.0,0.0,7.89227572330467,44.9716022,-63.5083748,12,12,9166506,B
0.3709490667137739,3.129293832116706,3.254558642909777,68.5070444039388,1.0971725687193226,2.824207492795389,0.0,0.6570605187319885,0.4580152671755725,0.2290076335877862,0.6870229007633586,0.801526717557252,0.6870229007633588,1.4885496183206095,0.9160305343511452,1.603053435114504,1.9465648854961837,2.8625954198473287,4.236641221374047,2.6335877862595383,2.290076335877863,2.17557251908397,1.7175572519083977,1.3740458015267176,1.374045801526718,1.2595419847328246,0.4580152671755726,0.4580152671755725,0.3435114503816795,0.0,0.0,0.0,0.0,0.0,0.0,0.0,0.0,0.0,0.2290076335877862,0.0,0.4580152671755724,0.3435114503816794,0.3435114503816794,0.4580152671755723,0.3435114503816794,0.4580152671755726,0.6870229007633588,0.6870229007633588,1.6030534351145045,0.8015267175572507,0.4580152671755726,0.8015267175572521,0.3435114503816794,0.1145038167938931,0.4580152671755726,0.1145038167938931,0.0,0.1145038167938931,0.0,0.0,0.0,0.0,0.0,0.0,0.0,0.0,0.0,0.0,0.0,0.0,0.1145038167938931,0.1145038167938931,0.0,0.114503816793893,0.2290076335877863,0.1145038167938931,0.2290076335877863,0.5725190839694657,1.0305343511450382,0.5725190839694647,0.6870229007633588,0.5725190839694657,0.1145038167938931,0.3435114503816794,0.1145038167938931,0.4580152671755726,0.2290076335877863,0.1145038167938931,0.1145038167938931,0.0,0.0,0.0,0.0,0.0,0.0,0.0,0.0,0.0,0.0,0.0,0.1145038167938931,0.0,0.0,0.2290076335877861,0.1145038167938931,0.1145038167938931,0.2290076335877863,0.4580152671755726,0.1145038167938931,0.5725190839694648,0.6870229007633589,0.4580152671755726,0.6870229007633589,0.5725190839694657,0.8015267175572521,0.5725190839694657,0.2290076335877863,0.0,0.2290076335877863,0.0,0.0,0.0,0.0,0.0,0.0,0.0,0.0,0.0,12,29546072.999874413,2.736521003589034,3.9904592850499903,262,0.4580152671755725,0.2290076335877862,0.6870229007633587,0.8015267175572521,0.6870229007633589,1.4885496183206095,0.9160305343511452,1.6030534351145045,1.946564885496184,2.8625954198473287,4.236641221374047,2.6335877862595383,2.290076335877863,2.17557251908397,1.7175572519083977,1.3740458015267178,1.3740458015267178,1.2595419847328246,0.4580152671755726,0.4580152671755726,0.3435114503816794,0.0,0.0,0.0,0.0,0.0,0.0,0.0,0.0,0.0,7.49680311371675,45.0899639,-64.35916639999999,12,12,9173971,B
0.4158623046156764,3.0659072505622227,3.0663401454340424,88.18414664441053,1.0539671482638222,2.8731563421828907,0.0,0.6312684365781711,0.8955223880597014,0.4477611940298507,0.0,1.3432835820895526,1.3432835820895526,1.3432835820895512,0.8955223880597017,2.0149253731343286,3.358208955223881,4.477611940298509,2.014925373134329,2.9104477611940256,1.3432835820895523,2.0149253731343286,1.567164179104478,0.8955223880597016,1.1194029850746272,1.3432835820895526,0.6716417910447763,0.0,0.0,0.0,0.0,0.0,0.0,0.0,0.0,0.0,0.0,0.0,0.0,0.0,0.0,1.119402985074627,0.8955223880597016,0.6716417910447756,0.0,0.4477611940298508,0.4477611940298508,0.6716417910447762,0.0,0.223880597014925,0.2238805970149254,0.2238805970149254,0.2238805970149254,0.0,0.0,0.0,0.0,0.0,0.0,0.0,0.0,0.0,0.0,0.0,0.0,0.0,0.0,0.0,0.8955223880597014,0.4477611940298507,0.0,0.2238805970149254,0.2238805970149254,0.4477611940298505,0.4477611940298509,0.6716417910447763,0.6716417910447763,2.014925373134329,0.4477611940298509,2.014925373134325,0.6716417910447763,0.8955223880597019,0.4477611940298509,0.6716417910447763,0.8955223880597019,0.2238805970149254,0.0,0.0,0.0,0.0,0.0,0.0,0.0,0.0,0.0,0.0,0.0,0.0,0.0,0.0,0.0,0.0,0.0,0.0,0.4477611940298508,0.4477611940298508,1.7910447761194033,1.567164179104478,1.1194029850746272,0.4477611940298501,0.2238805970149254,0.8955223880597016,0.2238805970149254,0.0,0.0,0.6716417910447763,0.2238805970149254,0.0,0.0,0.0,0.0,0.0,0.0,0.0,0.0,0.0,0.0,0.0,12,8797723.159105904,1.909994312996976,3.1109127165824755,134,0.8955223880597015,0.4477611940298507,0.0,1.3432835820895523,1.3432835820895523,1.3432835820895517,0.8955223880597017,2.0149253731343286,3.3582089552238816,4.477611940298508,2.0149253731343286,2.9104477611940256,1.3432835820895523,2.0149253731343286,1.567164179104478,0.8955223880597017,1.119402985074627,1.3432835820895523,0.6716417910447762,0.0,0.0,0.0,0.0,0.0,0.0,0.0,0.0,0.0,0.0,0.0,4.04769616249395,54.7710926,-111.9684696,13,12,9451101,B
0.1381475479554165,3.4265354723031898,3.406755744733035,65.56673256609298,1.1083657604529042,2.9507133592736707,0.0,0.6381322957198443,0.4347826086956521,1.352657004830918,1.3043478260869563,1.1594202898550727,0.9661835748792272,2.1256038647342983,2.077294685990339,2.1739130434782616,2.2705314009661843,2.657004830917875,2.0289855072463774,1.5458937198067613,2.1256038647343,1.545893719806764,1.9323671497584545,0.8695652173913044,1.0628019323671498,0.8695652173913044,1.1111111111111114,0.1932367149758454,0.0966183574879227,0.0483091787439613,0.0483091787439613,0.0,0.0,0.0,0.0,0.0,0.0,0.0,0.2415458937198067,0.4347826086956522,0.5797101449275361,0.3864734299516909,0.3864734299516909,0.7729468599033813,0.6763285024154593,0.6763285024154593,0.3864734299516909,0.531400966183575,0.3381642512077296,0.4830917874396128,0.5797101449275364,0.3381642512077296,0.3864734299516909,0.2415458937198068,0.3864734299516909,0.1932367149758454,0.3381642512077296,0.0,0.0,0.0,0.0483091787439613,0.0,0.0,0.0,0.0,0.0,0.0,0.0,0.0966183574879227,0.8695652173913043,0.5314009661835748,0.4347826086956523,0.4830917874396135,0.6763285024154585,0.531400966183575,0.4830917874396135,0.8695652173913045,1.3043478260869568,0.7246376811594204,0.3381642512077289,0.4830917874396135,0.4347826086956523,0.4830917874396135,0.2898550724637681,0.1932367149758454,0.1932367149758454,0.144927536231884,0.0483091787439613,0.0,0.0483091787439613,0.0,0.0,0.0,0.0,0.0,0.0,0.0,0.0,0.0,0.0,0.0966183574879226,0.1932367149758454,0.0966183574879227,0.4347826086956519,0.2898550724637682,0.531400966183575,0.3381642512077296,0.531400966183575,0.6280193236714978,0.4347826086956515,0.6763285024154592,0.3864734299516909,0.6280193236714978,0.1449275362318841,0.0483091787439613,0.1449275362318841,0.3381642512077296,0.1449275362318841,0.0966183574879227,0.0,0.0,0.0,0.0,0.0,0.0,0.0,0.0,0.0,12,26641209.95648517,3.9266478704921903,1.879312398199574,621,0.4347826086956521,1.352657004830918,1.3043478260869563,1.1594202898550727,0.9661835748792272,2.125603864734298,2.0772946859903385,2.173913043478261,2.270531400966184,2.657004830917875,2.0289855072463774,1.545893719806761,2.1256038647343,1.5458937198067637,1.9323671497584545,0.8695652173913045,1.06280193236715,0.8695652173913045,1.1111111111111114,0.1932367149758454,0.0966183574879227,0.0483091787439613,0.0483091787439613,0.0,0.0,0.0,0.0,0.0,0.0,0.0,6.098809127544707,53.4947322,-113.67551375,12,13,9604029,B
0.7443037035284077,2.497449940527572,2.6398187343453703,98.59608959067656,1.0438635758738728,2.908011869436202,0.0,0.5311572700296736,0.2027027027027027,0.0,0.2027027027027026,0.0,0.0,0.6081081081081077,0.4054054054054055,1.2162162162162165,1.0135135135135138,2.8378378378378377,3.648648648648649,4.4594594594594525,4.256756756756758,3.243243243243244,2.837837837837838,2.027027027027027,1.621621621621622,0.6081081081081082,0.810810810810811,0.0,0.0,0.0,0.0,0.0,0.0,0.0,0.0,0.0,0.0,0.0,0.0,0.0,0.0,0.0,0.0,0.0,0.0,0.0,0.0,0.2027027027027027,0.0,0.0,0.0,0.0,0.0,0.0,0.0,0.0,0.0,0.0,0.0,0.0,0.0,0.0,0.0,0.0,0.0,0.0,0.0,0.0,0.0,0.0,0.2027027027027026,0.0,0.0,0.4054054054054051,0.4054054054054055,0.810810810810811,0.0,2.22972972972973,1.8243243243243248,1.4189189189189166,1.4189189189189193,0.6081081081081082,1.0135135135135136,1.0135135135135136,0.4054054054054055,0.6081081081081082,0.4054054054054055,0.0,0.0,0.0,0.0,0.0,0.0,0.0,0.0,0.0,0.0,0.0,0.0,0.0,0.0,0.0,0.0,0.2027027027027025,0.0,0.0,0.6081081081081082,0.4054054054054054,0.8108108108108109,2.432432432432429,2.027027027027027,0.6081081081081082,0.8108108108108109,0.8108108108108109,1.0135135135135136,0.0,0.4054054054054054,0.0,0.0,0.0,0.0,0.0,0.0,0.0,0.0,0.0,0.0,0.0,12,10375637.3372414,2.6881136810379105,2.9272177068775056,148,0.2027027027027027,0.0,0.2027027027027026,0.0,0.0,0.6081081081081077,0.4054054054054055,1.2162162162162165,1.0135135135135136,2.8378378378378386,3.6486486486486496,4.459459459459453,4.256756756756758,3.243243243243244,2.8378378378378386,2.027027027027027,1.621621621621622,0.6081081081081082,0.810810810810811,0.0,0.0,0.0,0.0,0.0,0.0,0.0,0.0,0.0,0.0,0.0,5.017200824023198,50.7656948,-103.7877416,12,13,9628676,B
0.5409503397430138,2.8752154158590333,3.042758526910039,64.72480320340414,1.0963089012074343,2.9168573607932875,0.0,0.6651411136536994,0.6533575317604357,0.7622504537205081,0.4900181488203265,0.8166969147005447,1.197822141560799,1.851179673321233,1.7422867513611622,2.1234119782214163,2.6678765880217794,2.5045372050816703,3.049001814882033,2.1778584392014486,2.1234119782214163,1.578947368421053,1.3611615245009077,1.6878402903811256,0.9800362976406536,1.0889292196007263,0.9255898366606174,0.2177858439201452,0.0,0.0,0.0,0.0,0.0,0.0,0.0,0.0,0.0,0.0,0.0,0.1633393829401088,0.2177858439201451,0.2177858439201452,0.5444646098003632,0.9800362976406528,0.7078039927404721,0.6533575317604357,0.7622504537205084,0.2722323049001816,0.2177858439201452,0.3266787658802173,0.4355716878402905,0.4355716878402905,0.4900181488203267,0.4355716878402905,0.2177858439201452,0.4355716878402905,0.3811252268602542,0.0,0.0,0.0,0.0,0.0,0.0,0.0,0.0,0.0,0.0,0.0,0.2722323049001814,0.5989110707803993,0.2722323049001814,0.4900181488203268,0.5989110707803994,0.3266787658802176,0.4900181488203268,1.0889292196007263,0.6533575317604358,0.7078039927404721,2.06896551724138,1.143375680580761,0.5989110707803994,0.2177858439201452,0.2722323049001816,0.3266787658802179,0.2177858439201452,0.0544464609800363,0.1633393829401089,0.1088929219600726,0.0,0.0,0.0,0.0,0.0,0.0,0.0,0.0,0.0,0.0,0.0,0.0,0.0,0.0544464609800363,0.0,0.1088929219600725,0.3266787658802179,0.1633393829401089,0.5989110707803994,0.5444646098003632,0.4355716878402905,0.3811252268602535,0.4900181488203268,0.3811252268602542,0.5444646098003632,0.7078039927404721,0.2177858439201452,0.2177858439201452,0.1088929219600726,0.0544464609800363,0.0,0.0,0.0,0.0,0.0,0.0,0.0,0.0,0.0,0.0,12,97391563.81509238,4.086822933821008,1.7253652281207033,551,0.6533575317604355,0.7622504537205081,0.4900181488203265,0.8166969147005446,1.1978221415607988,1.851179673321233,1.742286751361162,2.123411978221416,2.667876588021779,2.5045372050816703,3.049001814882033,2.1778584392014486,2.123411978221416,1.578947368421053,1.3611615245009077,1.6878402903811256,0.9800362976406536,1.088929219600726,0.9255898366606172,0.2177858439201452,0.0,0.0,0.0,0.0,0.0,0.0,0.0,0.0,0.0,0.0,5.980730688754323,53.6177424,-113.55320365,12,13,9699145,B
0.6125222582914779,2.754204668773345,2.750567902543916,80.38310247559589,1.0389375570209405,3.0850869167429096,0.0,0.6010978956999085,0.1573426573426573,0.1573426573426573,0.2622377622377622,0.576923076923077,0.8391608391608393,0.6293706293706289,0.9440559440559444,1.363636363636364,3.2517482517482525,4.405594405594407,3.0944055944055955,2.6748251748251715,1.9930069930069936,2.569930069930071,2.255244755244756,1.7832167832167838,0.9440559440559442,1.0489510489510492,0.9440559440559442,0.1048951048951049,0.0,0.0,0.0,0.0,0.0,0.0,0.0,0.0,0.0,0.0,0.0524475524475524,0.0524475524475524,0.0,0.0524475524475524,0.4720279720279721,0.1573426573426572,0.2622377622377623,0.2622377622377623,0.3146853146853147,0.2622377622377623,0.1573426573426573,0.1573426573426571,0.2097902097902098,0.2097902097902098,0.3146853146853147,0.0524475524475524,0.1048951048951049,0.0524475524475524,0.1573426573426573,0.0,0.0,0.0,0.0,0.0,0.0,0.0,0.0,0.0,0.0,0.0,0.0524475524475524,0.1048951048951049,0.1048951048951048,0.2622377622377623,0.1573426573426573,0.3671328671328669,0.3671328671328672,0.5244755244755246,1.153846153846154,2.7272727272727284,1.6258741258741265,1.2062937062937047,0.3146853146853147,0.8391608391608394,0.6293706293706295,0.6293706293706295,0.3146853146853147,0.2622377622377623,0.2097902097902098,0.0524475524475524,0.0,0.0,0.0,0.0,0.0,0.0,0.0,0.0,0.0,0.0,0.0,0.0,0.0524475524475524,0.1573426573426573,0.1048951048951049,0.1048951048951048,0.2097902097902098,0.4195804195804197,1.5209790209790213,0.9440559440559442,0.6293706293706295,0.4720279720279713,0.3671328671328672,0.3671328671328672,0.5244755244755246,0.4195804195804197,0.2097902097902098,0.1573426573426573,0.2622377622377623,0.0524475524475524,0.0,0.0,0.0,0.0,0.0,0.0,0.0,0.0,0.0,0.0,12,170158557.9170851,3.612584699242376,3.0531334700619337,572,0.1573426573426573,0.1573426573426573,0.2622377622377622,0.576923076923077,0.8391608391608394,0.6293706293706289,0.9440559440559444,1.363636363636364,3.2517482517482525,4.405594405594407,3.094405594405595,2.674825174825171,1.9930069930069931,2.5699300699300704,2.2552447552447554,1.7832167832167836,0.9440559440559444,1.0489510489510492,0.9440559440559444,0.1048951048951049,0.0,0.0,0.0,0.0,0.0,0.0,0.0,0.0,0.0,0.0,6.882873806804276,53.5664552,-113.39551635,12,12,9701900,B
0.1107789320117957,3.458681446954376,3.434436010529832,69.35713047477599,1.096491373985207,3.0544959128065394,0.0,0.5899182561307902,1.5835777126099706,3.0791788856304985,2.287390029325513,1.3196480938416426,2.111436950146628,0.703812316715542,1.9354838709677424,1.9354838709677424,1.4076246334310856,1.9354838709677424,1.8475073313782997,1.407624633431083,1.5835777126099708,1.4076246334310851,1.495601173020528,1.4076246334310851,0.8797653958944284,0.5278592375366571,0.8797653958944284,0.0879765395894428,0.0879765395894428,0.0,0.0,0.0879765395894425,0.0,0.0,0.0,0.0,0.0,0.0,0.7917888563049852,1.4956011730205276,1.0557184750733135,0.527859237536657,0.7038123167155427,0.6158357771260993,1.3196480938416424,0.527859237536657,0.7038123167155427,0.527859237536657,0.3519061583577713,0.0879765395894426,0.2639296187683285,0.1759530791788856,0.1759530791788856,0.2639296187683285,0.0879765395894428,0.0,0.6158357771260998,0.0,0.0,0.0,0.0,0.0,0.0,0.0,0.0,0.0,0.0,0.0,0.3519061583577712,0.6158357771260997,1.1436950146627565,0.2639296187683285,0.2639296187683285,0.0,0.3519061583577713,0.8797653958944283,0.3519061583577713,0.6158357771260998,0.4398826979472141,0.6158357771260987,0.6158357771260998,0.4398826979472141,0.3519061583577713,0.1759530791788856,0.2639296187683285,0.0879765395894428,0.0,0.0,0.0,0.0,0.0,0.0,0.0,0.0,0.0,0.0,0.0,0.0,0.1759530791788856,0.8797653958944281,0.0879765395894427,0.0879765395894428,0.1759530791788857,0.0879765395894427,0.1759530791788857,0.3519061583577714,0.0879765395894428,0.1759530791788857,0.527859237536657,0.3519061583577707,0.2639296187683285,0.4398826979472142,0.527859237536657,0.4398826979472142,0.1759530791788857,0.1759530791788857,0.0879765395894428,0.0879765395894428,0.0879765395894428,0.0,0.0,0.0879765395894425,0.0,0.0,0.0,0.0,0.0,0.0,12,9731976.725316096,2.3128552560545503,3.4158975632711663,341,1.5835777126099706,3.0791788856304985,2.287390029325513,1.3196480938416426,2.111436950146628,0.7038123167155421,1.9354838709677424,1.9354838709677424,1.4076246334310851,1.9354838709677424,1.8475073313782997,1.4076246334310831,1.583577712609971,1.4076246334310851,1.495601173020528,1.4076246334310851,0.8797653958944284,0.527859237536657,0.8797653958944284,0.0879765395894428,0.0879765395894428,0.0,0.0,0.0879765395894425,0.0,0.0,0.0,0.0,0.0,0.0,3.961370152906918,53.5816019,-113.39249515,13,12,9703698,B
0.2238342808289105,3.322443886902547,3.293284235270001,68.04509656473844,1.0678983147080952,2.965819456617002,0.0,0.6336546888694128,0.6395348837209303,0.6976744186046511,0.9883720930232556,1.4534883720930236,2.093023255813954,1.9767441860465105,2.5000000000000004,2.848837209302326,2.0348837209302326,2.325581395348838,1.6279069767441865,1.5697674418604626,1.7441860465116283,1.6860465116279073,1.2790697674418607,1.4534883720930236,1.162790697674419,1.2209302325581397,0.6976744186046513,0.0,0.0,0.0,0.0,0.0,0.0,0.0,0.0,0.0,0.0,0.0,0.0581395348837209,0.1744186046511628,0.2906976744186046,0.1744186046511628,0.5232558139534885,0.6395348837209298,1.2209302325581397,0.4651162790697675,0.5232558139534885,0.6976744186046513,0.4069767441860466,0.2325581395348833,0.4069767441860466,0.1744186046511628,0.1744186046511628,0.3488372093023256,0.4069767441860466,0.2906976744186047,0.2325581395348837,0.0,0.0,0.0,0.0,0.0,0.0,0.0,0.0,0.0,0.0,0.0,0.2906976744186046,0.5232558139534883,0.4651162790697673,0.8139534883720931,0.7558139534883723,0.523255813953488,0.3488372093023256,0.6395348837209303,0.4069767441860465,0.6395348837209303,0.7558139534883723,0.5232558139534875,0.6976744186046512,0.5232558139534885,0.1162790697674418,0.4069767441860465,0.2906976744186046,0.1744186046511628,0.1162790697674418,0.0,0.0,0.0,0.0,0.0,0.0,0.0,0.0,0.0,0.0,0.0,0.0,0.0,0.1744186046511627,0.1162790697674419,0.0581395348837209,0.1744186046511626,0.3488372093023256,0.6395348837209304,0.3488372093023256,0.3488372093023256,0.1744186046511628,0.3488372093023251,0.3488372093023256,0.5813953488372094,0.4651162790697676,0.4651162790697676,0.2906976744186047,0.3488372093023256,0.0581395348837209,0.0,0.0,0.0,0.0,0.0,0.0,0.0,0.0,0.0,0.0,0.0,12,74186255.87643151,2.071737732728012,3.6732219680203126,516,0.6395348837209303,0.6976744186046512,0.9883720930232556,1.4534883720930234,2.093023255813954,1.9767441860465105,2.5000000000000004,2.848837209302326,2.034883720930233,2.325581395348838,1.6279069767441865,1.569767441860463,1.7441860465116283,1.6860465116279073,1.2790697674418607,1.4534883720930234,1.162790697674419,1.2209302325581397,0.6976744186046513,0.0,0.0,0.0,0.0,0.0,0.0,0.0,0.0,0.0,0.0,0.0,4.884080054891517,53.606878550000005,-113.41564375,13,12,9715298,B
0.0766365270869664,3.4980978442750565,3.459356609698814,67.0763128470784,1.0643182234657498,2.5449101796407185,0.0,0.6482035928143712,0.3508771929824561,0.175438596491228,0.175438596491228,0.1754385964912281,0.8771929824561406,1.2280701754385956,1.403508771929825,1.9298245614035088,2.6315789473684217,2.6315789473684217,3.6842105263157903,4.210526315789467,1.9298245614035088,2.6315789473684217,1.5789473684210529,1.5789473684210529,1.4035087719298247,0.5263157894736843,0.5263157894736843,0.1754385964912281,0.1754385964912281,0.0,0.0,0.0,0.0,0.0,0.0,0.0,0.0,0.0,0.0,0.175438596491228,0.0,0.0,0.1754385964912281,0.3508771929824559,0.0,0.1754385964912281,0.1754385964912281,0.1754385964912281,0.1754385964912281,0.1754385964912278,0.1754385964912281,0.1754385964912281,0.0,0.0,0.0,0.0,0.0,0.0,0.0,0.0,0.0,0.0,0.0,0.0,0.0,0.0,0.0,0.0,0.0,0.0,0.175438596491228,0.1754385964912281,0.7017543859649125,0.5263157894736838,1.403508771929825,1.403508771929825,2.2807017543859653,1.578947368421053,2.80701754385965,3.1578947368421004,1.403508771929825,1.2280701754385968,1.2280701754385968,1.2280701754385968,1.0526315789473686,0.5263157894736843,0.1754385964912281,0.0,0.1754385964912281,0.0,0.0,0.0,0.0,0.0,0.0,0.0,0.0,0.0,0.0,0.0,0.0,0.0,0.0,0.3508771929824559,0.0,0.3508771929824562,0.1754385964912281,0.7017543859649124,0.1754385964912281,0.877192982456139,0.3508771929824562,1.2280701754385968,0.3508771929824562,0.3508771929824562,0.3508771929824562,0.0,0.3508771929824562,0.1754385964912281,0.0,0.0,0.0,0.0,0.0,0.0,0.0,0.0,0.0,0.0,12,2258312.518611867,3.654926726896316,5.327962156217429,171,0.3508771929824561,0.175438596491228,0.175438596491228,0.1754385964912281,0.8771929824561405,1.2280701754385956,1.403508771929825,1.929824561403509,2.6315789473684217,2.6315789473684217,3.6842105263157903,4.210526315789468,1.929824561403509,2.6315789473684217,1.5789473684210529,1.5789473684210529,1.403508771929825,0.5263157894736843,0.5263157894736843,0.1754385964912281,0.1754385964912281,0.0,0.0,0.0,0.0,0.0,0.0,0.0,0.0,0.0,9.537329622927023,14.5703042,-90.60112765,12,12,10414481,B
0.5138823738126307,2.918492551403407,2.9262844325025896,75.90390612994874,1.0246189872148748,2.778004073319756,0.0,0.8268839103869654,0.0,0.0,0.3191489361702127,0.4787234042553193,0.9574468085106386,0.6382978723404251,0.4787234042553192,1.2765957446808511,1.914893617021277,1.7553191489361706,2.3936170212765964,2.234042553191486,2.2340425531914896,2.393617021276596,2.3936170212765964,1.5957446808510642,2.5531914893617023,2.712765957446809,3.0319148936170217,0.4787234042553192,0.1595744680851064,0.0,0.0,0.0,0.0,0.0,0.0,0.0,0.0,0.0,0.0,0.0,0.1595744680851063,0.1595744680851064,0.7978723404255321,0.0,0.0,0.1595744680851064,0.0,0.3191489361702129,0.1595744680851064,0.1595744680851061,0.9574468085106386,0.4787234042553193,0.3191489361702129,0.4787234042553193,0.0,0.0,0.0,0.0,0.1595744680851064,0.0,0.0,0.0,0.0,0.0,0.0,0.0,0.0,0.0,0.0,0.0,0.1595744680851063,0.3191489361702128,0.1595744680851064,0.3191489361702126,0.0,0.3191489361702128,0.6382978723404257,0.3191489361702128,0.4787234042553192,0.1595744680851061,0.3191489361702128,0.1595744680851064,0.4787234042553192,0.6382978723404257,0.6382978723404257,0.9574468085106383,1.7553191489361706,0.0,0.0,0.0,0.0,0.0,0.0,0.0,0.0,0.0,0.0,0.0,0.0,0.0,0.0,0.0,0.0,0.0,0.0,0.0,0.0,0.0,0.9574468085106383,0.7978723404255307,0.4787234042553192,1.4361702127659577,1.2765957446808514,0.1595744680851064,1.2765957446808514,1.5957446808510642,1.2765957446808514,0.4787234042553192,0.0,0.0,0.0,0.0,0.0,0.0,0.0,0.0,0.0,0.0,12,22471492.737533998,2.5581354520842434,2.0592234228607267,188,0.0,0.0,0.3191489361702126,0.4787234042553192,0.9574468085106383,0.6382978723404251,0.4787234042553192,1.2765957446808514,1.914893617021277,1.7553191489361706,2.3936170212765964,2.234042553191486,2.23404255319149,2.3936170212765964,2.3936170212765964,1.595744680851064,2.5531914893617027,2.712765957446809,3.0319148936170217,0.4787234042553192,0.1595744680851064,0.0,0.0,0.0,0.0,0.0,0.0,0.0,0.0,0.0,3.176119773016746,25.5417675,55.5481903,12,14,12905752,B
0.3144333184192133,3.205921013209041,3.1942072776865937,128.23456885814915,1.0559765024162229,2.5303030303030303,0.0,0.8333333333333334,0.0,0.0,1.0344827586206895,0.0,1.03448275862069,4.137931034482756,1.03448275862069,1.03448275862069,2.06896551724138,3.10344827586207,1.03448275862069,0.0,0.0,4.13793103448276,3.10344827586207,3.1034482758620694,2.06896551724138,0.0,2.06896551724138,0.0,0.0,1.03448275862069,0.0,0.0,0.0,0.0,0.0,0.0,0.0,0.0,0.0,0.0,0.0,0.0,1.03448275862069,2.068965517241378,0.0,0.0,0.0,1.03448275862069,1.03448275862069,0.0,0.0,1.03448275862069,0.0,0.0,0.0,0.0,0.0,0.0,0.0,1.03448275862069,0.0,0.0,0.0,0.0,0.0,0.0,0.0,0.0,0.0,0.0,1.0344827586206895,0.0,0.0,1.034482758620689,0.0,0.0,0.0,0.0,0.0,0.0,0.0,1.0344827586206895,1.0344827586206895,2.0689655172413794,0.0,0.0,0.0,0.0,0.0,0.0,0.0,0.0,0.0,0.0,0.0,0.0,0.0,0.0,0.0,0.0,0.0,0.0,0.0,1.034482758620689,1.03448275862069,0.0,1.03448275862069,0.0,0.0,0.0,0.0,2.06896551724138,1.03448275862069,1.03448275862069,2.06896551724138,0.0,2.06896551724138,0.0,0.0,0.0,0.0,0.0,0.0,0.0,0.0,0.0,0.0,0.0,12,972779.6617690373,2.5150142043856905,2.7564912830468966,29,0.0,0.0,1.0344827586206895,0.0,1.03448275862069,4.137931034482756,1.03448275862069,1.03448275862069,2.06896551724138,3.1034482758620694,1.03448275862069,0.0,0.0,4.13793103448276,3.1034482758620694,3.1034482758620694,2.06896551724138,0.0,2.06896551724138,0.0,0.0,1.03448275862069,0.0,0.0,0.0,0.0,0.0,0.0,0.0,0.0,3.621247038058642,25.4879204,55.56049539999999,12,13,12905770,B
0.7581582429372798,2.466919453099278,2.201266247116969,80.57811830151515,1.054158394745318,2.769585253456221,0.0,0.7638248847926268,0.5102040816326531,1.1224489795918369,0.8163265306122447,0.3061224489795919,0.6122448979591838,0.5102040816326527,0.9183673469387756,1.6326530612244905,2.5510204081632657,2.857142857142858,1.8367346938775515,2.3469387755102007,1.6326530612244905,1.5306122448979596,2.6530612244897966,1.8367346938775515,1.4285714285714288,1.5306122448979596,2.755102040816327,0.5102040816326532,0.0,0.0,0.0,0.0,0.0,0.1020408163265306,0.0,0.0,0.0,0.0,0.0,0.4081632653061224,0.3061224489795918,0.1020408163265306,0.1020408163265306,0.1020408163265305,0.0,0.1020408163265306,0.8163265306122451,1.4285714285714288,0.8163265306122451,1.0204081632653046,0.8163265306122451,0.5102040816326532,1.3265306122448983,0.5102040816326532,0.2040816326530612,0.1020408163265306,0.3061224489795919,0.0,0.0,0.0,0.0,0.0,0.0,0.1020408163265306,0.0,0.0,0.0,0.0,0.3061224489795918,0.3061224489795918,0.4081632653061223,0.1020408163265306,0.2040816326530612,0.0,0.4081632653061225,0.6122448979591838,0.6122448979591838,0.7142857142857145,0.2040816326530612,0.1020408163265304,0.0,0.4081632653061225,0.2040816326530612,0.5102040816326531,0.1020408163265306,0.2040816326530612,1.7346938775510208,0.1020408163265306,0.0,0.0,0.0,0.0,0.0,0.0,0.0,0.0,0.0,0.0,0.0,0.4081632653061224,0.1020408163265305,0.1020408163265306,0.3061224489795919,0.3061224489795917,0.2040816326530612,0.4081632653061225,0.4081632653061225,0.3061224489795919,0.2040816326530612,0.7142857142857133,0.3061224489795919,0.3061224489795919,0.9183673469387758,0.3061224489795919,0.7142857142857145,0.8163265306122451,0.6122448979591838,0.3061224489795919,0.0,0.0,0.0,0.0,0.0,0.0,0.0,0.0,0.0,0.0,12,14608581.70132476,3.808277245330624,3.053975971927459,294,0.5102040816326531,1.1224489795918366,0.8163265306122447,0.3061224489795919,0.6122448979591838,0.5102040816326527,0.9183673469387758,1.6326530612244905,2.5510204081632657,2.857142857142858,1.8367346938775515,2.3469387755102007,1.6326530612244905,1.5306122448979596,2.6530612244897966,1.8367346938775515,1.428571428571429,1.5306122448979596,2.755102040816327,0.5102040816326532,0.0,0.0,0.0,0.0,0.0,0.1020408163265306,0.0,0.0,0.0,0.0,5.612317384571701,24.4622783,54.36718785,12,13,13251314,B
0.3759826614003432,3.1223050026743624,2.8825776311498714,80.64683134693438,1.0303988937157695,3.0,0.0,0.82,0.2469135802469135,0.4938271604938272,0.6172839506172839,0.9876543209876544,0.3703703703703704,0.864197530864197,0.8641975308641976,0.8641975308641977,2.7160493827160503,3.703703703703704,2.2222222222222228,2.0987654320987628,2.71604938271605,2.592592592592593,1.6049382716049387,2.469135802469136,0.9876543209876544,1.1111111111111114,1.7283950617283956,0.617283950617284,0.0,0.1234567901234568,0.0,0.0,0.0,0.0,0.0,0.0,0.0,0.0,0.1234567901234568,0.1234567901234568,0.1234567901234567,0.1234567901234568,0.1234567901234568,0.0,0.0,0.1234567901234568,1.1111111111111114,1.7283950617283954,0.3703703703703704,1.4814814814814796,1.7283950617283954,1.3580246913580252,0.3703703703703704,0.8641975308641977,0.2469135802469136,0.0,0.1234567901234568,0.0,0.0,0.0,0.0,0.0,0.0,0.0,0.0,0.0,0.0,0.0,0.0,0.3703703703703704,0.3703703703703703,0.3703703703703704,0.1234567901234568,0.1234567901234567,0.3703703703703704,0.2469135802469136,0.3703703703703704,0.3703703703703704,0.1234567901234568,0.1234567901234566,0.1234567901234568,0.3703703703703704,0.2469135802469136,0.2469135802469136,0.0,0.3703703703703704,0.4938271604938273,0.2469135802469136,0.0,0.0,0.0,0.0,0.0,0.0,0.0,0.0,0.0,0.0,0.0,0.0,0.1234567901234567,0.4938271604938272,0.0,0.0,0.2469135802469136,0.1234567901234568,0.4938271604938272,0.4938271604938272,0.3703703703703704,0.0,0.3703703703703704,0.3703703703703704,0.3703703703703704,0.617283950617284,0.3703703703703704,0.617283950617284,0.8641975308641978,0.2469135802469136,0.0,0.1234567901234568,0.0,0.0,0.0,0.0,0.0,0.0,0.0,0.0,12,24285152.42210366,2.556997934375424,2.723468923095439,243,0.2469135802469135,0.4938271604938271,0.6172839506172838,0.9876543209876546,0.3703703703703704,0.8641975308641969,0.8641975308641978,0.8641975308641978,2.71604938271605,3.7037037037037046,2.2222222222222228,2.0987654320987623,2.71604938271605,2.592592592592593,1.6049382716049387,2.469135802469136,0.9876543209876546,1.1111111111111114,1.7283950617283956,0.617283950617284,0.0,0.1234567901234568,0.0,0.0,0.0,0.0,0.0,0.0,0.0,0.0,3.3781683320329976,24.44405035,54.4059406,12,13,13251316,B
0.3190596583953988,3.199770024595598,3.088695581732355,105.01217559254236,1.0597566867481756,2.838427947598253,0.0,0.8471615720524017,0.8152173913043479,0.4891304347826087,1.6304347826086951,1.7934782608695656,1.7934782608695656,1.1413043478260865,2.608695652173914,1.630434782608696,3.4239130434782616,2.9347826086956528,1.4673913043478262,2.4456521739130395,1.3043478260869568,1.4673913043478264,0.9782608695652176,2.1195652173913047,0.3260869565217392,0.3260869565217392,0.3260869565217392,0.4891304347826087,0.1630434782608696,0.1630434782608696,0.0,0.163043478260869,0.0,0.0,0.0,0.0,0.0,0.0,0.1630434782608695,0.0,0.1630434782608695,0.3260869565217392,0.1630434782608696,0.3260869565217389,0.3260869565217392,0.3260869565217392,0.9782608695652176,1.1413043478260871,0.4891304347826087,0.8152173913043466,0.3260869565217392,0.4891304347826087,0.6521739130434784,0.8152173913043479,0.1630434782608696,0.0,0.0,0.1630434782608696,0.0,0.0,0.0,0.0,0.0,0.0,0.0,0.0,0.0,0.0,0.4891304347826087,0.3260869565217391,0.6521739130434782,0.4891304347826088,0.3260869565217392,0.4891304347826083,0.6521739130434785,0.4891304347826088,0.6521739130434785,0.3260869565217392,0.4891304347826088,0.0,0.1630434782608696,0.3260869565217392,0.1630434782608696,0.3260869565217392,0.1630434782608696,0.1630434782608696,0.0,0.0,0.1630434782608696,0.1630434782608696,0.0,0.163043478260869,0.0,0.0,0.0,0.0,0.0,0.0,0.0,0.1630434782608695,0.4891304347826085,0.6521739130434784,0.4891304347826087,0.1630434782608694,0.3260869565217392,0.3260869565217392,0.1630434782608696,0.4891304347826087,0.4891304347826087,0.8152173913043465,0.1630434782608696,0.4891304347826087,0.1630434782608696,0.8152173913043479,0.0,0.1630434782608696,0.1630434782608696,0.3260869565217392,0.0,0.0,0.0,0.0,0.0,0.0,0.0,0.0,0.0,0.0,12,56116813.09600423,3.1299905766742304,3.9362002026565897,184,0.8152173913043478,0.4891304347826087,1.6304347826086951,1.7934782608695656,1.7934782608695656,1.1413043478260865,2.608695652173913,1.630434782608696,3.4239130434782616,2.9347826086956528,1.4673913043478264,2.44565217391304,1.3043478260869568,1.4673913043478264,0.9782608695652176,2.119565217391305,0.3260869565217392,0.3260869565217392,0.3260869565217392,0.4891304347826087,0.1630434782608696,0.1630434782608696,0.0,0.163043478260869,0.0,0.0,0.0,0.0,0.0,0.0,6.079392508464057,24.4302499,54.4580032,12,13,13251318,B
0.2993281941375657,3.2258609814792574,3.162284847278348,119.1328462169825,1.0494269255734092,2.744927536231884,0.0,0.7811594202898551,0.1255230125523012,0.3765690376569038,0.2510460251046025,0.3765690376569038,0.2510460251046026,1.6317991631799154,0.6276150627615065,1.2552301255230127,2.761506276150628,2.887029288702929,2.1338912133891217,3.51464435146443,3.2635983263598334,2.0083682008368204,1.7573221757322182,0.7531380753138077,2.635983263598327,1.3807531380753142,1.1297071129707117,0.2510460251046025,0.0,0.1255230125523012,0.1255230125523012,0.1255230125523008,0.1255230125523012,0.1255230125523013,0.0,0.0,0.0,0.0,0.0,0.0,0.0,0.0,0.1255230125523013,0.2510460251046023,0.2510460251046026,0.3765690376569038,0.7531380753138076,0.7531380753138076,0.3765690376569038,0.7531380753138065,0.2510460251046026,0.6276150627615064,0.1255230125523013,0.0,0.2510460251046026,0.0,0.0,0.0,0.0,0.0,0.0,0.1255230125523008,0.0,0.1255230125523013,0.0,0.0,0.0,0.0,0.0,0.2510460251046025,0.1255230125523012,0.2510460251046025,0.1255230125523012,0.5020920502092048,0.1255230125523012,0.0,0.6276150627615064,0.5020920502092051,0.2510460251046025,0.3765690376569032,0.3765690376569038,0.0,0.2510460251046025,0.0,0.5020920502092051,0.1255230125523012,0.1255230125523012,0.0,0.0,0.1255230125523012,0.1255230125523012,0.0,0.1255230125523012,0.0,0.0,0.0,0.0,0.0,0.0,0.1255230125523012,0.1255230125523012,0.1255230125523012,0.0,0.6276150627615059,0.2510460251046025,0.6276150627615065,0.3765690376569038,0.878661087866109,0.6276150627615065,1.380753138075312,1.5062761506276154,1.1297071129707117,0.6276150627615065,0.5020920502092051,1.5062761506276154,1.255230125523013,0.5020920502092051,0.1255230125523012,0.0,0.0,0.0,0.0,0.0,0.0,0.0,0.0,0.0,0.0,12,43040681.67134277,3.3575107479584405,5.513386574700591,239,0.1255230125523012,0.3765690376569037,0.2510460251046024,0.3765690376569038,0.2510460251046025,1.6317991631799154,0.6276150627615064,1.2552301255230127,2.761506276150628,2.887029288702929,2.1338912133891217,3.51464435146443,3.2635983263598334,2.0083682008368204,1.757322175732218,0.7531380753138076,2.6359832635983267,1.380753138075314,1.1297071129707117,0.2510460251046025,0.0,0.1255230125523012,0.1255230125523012,0.1255230125523008,0.1255230125523012,0.1255230125523012,0.0,0.0,0.0,0.0,9.713274266855784,24.1983292,55.79359435,12,12,13251392,B
0.2690431691931735,3.2652023746316585,3.2545420160394727,79.69114015808506,1.0140332384912154,2.788259958071279,0.0,0.490566037735849,0.1595744680851063,0.4787234042553191,0.7978723404255318,0.7978723404255321,0.9574468085106383,0.7978723404255315,0.9574468085106383,0.7978723404255321,1.75531914893617,2.5531914893617023,2.2340425531914896,1.5957446808510616,1.914893617021277,1.2765957446808511,2.872340425531915,4.946808510638299,0.9574468085106383,1.914893617021277,2.0744680851063837,0.1595744680851064,0.0,0.0,0.0,0.0,0.0,0.0,0.0,0.0,0.0,0.0,0.0,0.1595744680851064,0.6382978723404255,0.4787234042553192,0.6382978723404257,0.4787234042553189,0.3191489361702128,0.3191489361702128,0.4787234042553192,0.4787234042553192,0.1595744680851064,0.3191489361702123,0.0,0.0,0.0,0.0,0.0,0.0,0.0,0.1595744680851064,0.0,0.0,0.0,0.0,0.0,0.0,0.0,0.0,0.0,0.0,0.1595744680851063,0.3191489361702127,0.1595744680851063,0.3191489361702128,0.3191489361702128,0.1595744680851062,0.0,0.4787234042553192,0.7978723404255319,0.7978723404255319,0.4787234042553192,0.1595744680851061,0.4787234042553192,0.4787234042553192,1.5957446808510638,3.670212765957447,0.0,0.4787234042553192,0.7978723404255319,0.0,0.0,0.0,0.0,0.0,0.0,0.0,0.0,0.0,0.0,0.0,0.0,0.0,0.0,0.0,0.0,0.0,0.0,0.0,0.3191489361702128,0.4787234042553192,0.797872340425532,0.1595744680851061,0.6382978723404256,0.6382978723404256,0.6382978723404256,0.4787234042553192,0.797872340425532,0.797872340425532,0.9574468085106383,0.0,0.0,0.0,0.0,0.0,0.0,0.0,0.0,0.0,0.0,0.0,12,12672858.661384264,3.040410553575493,2.934738072640379,188,0.1595744680851064,0.4787234042553192,0.7978723404255318,0.797872340425532,0.9574468085106383,0.7978723404255315,0.9574468085106383,0.797872340425532,1.7553191489361706,2.5531914893617027,2.23404255319149,1.5957446808510614,1.914893617021277,1.2765957446808514,2.872340425531916,4.9468085106383,0.9574468085106383,1.914893617021277,2.074468085106384,0.1595744680851064,0.0,0.0,0.0,0.0,0.0,0.0,0.0,0.0,0.0,0.0,3.3455445218517683,19.3165431,-98.2373098,12,13,1391414,B
0.6331577345294636,2.717273758589989,2.6075793615618963,128.00890099920716,1.0489717076833172,2.779220779220779,0.0,0.7905844155844156,0.5217391304347826,0.1304347826086956,0.7826086956521736,1.82608695652174,1.565217391304348,0.9130434782608692,1.695652173913044,4.826086956521739,2.217391304347826,2.2173913043478266,1.4347826086956523,1.1739130434782592,1.304347826086957,1.304347826086957,1.4347826086956526,2.608695652173913,1.82608695652174,0.7826086956521741,0.9130434782608696,0.391304347826087,0.1304347826086956,0.0,0.0,0.0,0.0,0.0,0.0,0.0,0.0,0.0,0.0,0.1304347826086956,0.1304347826086956,0.1304347826086956,0.391304347826087,0.0,0.1304347826086956,0.1304347826086956,0.2608695652173913,0.391304347826087,0.5217391304347827,0.5217391304347818,0.2608695652173913,0.2608695652173913,0.0,0.391304347826087,0.1304347826086956,0.0,0.0,0.0,0.0,0.0,0.0,0.0,0.0,0.0,0.0,0.0,0.0,0.0,0.5217391304347826,0.0,0.2608695652173912,1.0434782608695654,0.782608695652174,0.3913043478260867,0.391304347826087,0.391304347826087,0.782608695652174,0.1304347826086956,0.0,0.0,0.1304347826086956,0.1304347826086956,0.0,0.391304347826087,0.1304347826086956,0.0,0.0,0.0,0.1304347826086956,0.0,0.0,0.0,0.0,0.0,0.0,0.0,0.0,0.0,0.0,0.0,0.2608695652173912,0.2608695652173913,0.0,0.2608695652173912,0.6521739130434785,2.8695652173913047,0.6521739130434785,0.5217391304347827,0.2608695652173913,0.1304347826086954,0.0,0.2608695652173913,0.6521739130434785,0.391304347826087,0.6521739130434785,0.5217391304347827,0.5217391304347827,0.0,0.0,0.0,0.0,0.0,0.0,0.0,0.0,0.0,0.0,0.0,12,59510335.03803112,2.8425021089566878,4.080305172591878,230,0.5217391304347826,0.1304347826086956,0.7826086956521738,1.82608695652174,1.565217391304348,0.913043478260869,1.695652173913044,4.82608695652174,2.2173913043478266,2.2173913043478266,1.4347826086956523,1.1739130434782592,1.3043478260869568,1.3043478260869568,1.4347826086956523,2.608695652173913,1.82608695652174,0.7826086956521741,0.9130434782608698,0.391304347826087,0.1304347826086956,0.0,0.0,0.0,0.0,0.0,0.0,0.0,0.0,0.0,7.332017138108031,24.22992085,55.69944905,12,13,14506844,B
0.0747179132986677,3.5002910202712925,3.46847366799859,85.34226961708158,1.062275886251787,2.6755852842809364,0.0,0.7642140468227425,0.1587301587301587,0.3174603174603174,0.3174603174603174,0.7936507936507937,0.9523809523809526,0.9523809523809518,1.4285714285714288,1.7460317460317465,1.7460317460317465,3.80952380952381,2.698412698412699,3.4920634920634868,2.5396825396825404,1.4285714285714288,2.3809523809523814,1.4285714285714288,0.4761904761904763,0.9523809523809526,1.1111111111111112,0.0,0.4761904761904763,0.3174603174603175,0.0,0.0,0.1587301587301587,0.3174603174603175,0.0,0.0,0.0,0.0,0.0,0.1587301587301587,0.0,0.1587301587301587,0.3174603174603175,0.6349206349206346,0.7936507936507938,1.26984126984127,0.7936507936507938,1.1111111111111114,0.9523809523809526,0.952380952380951,0.4761904761904763,0.1587301587301587,0.4761904761904763,0.3174603174603175,0.0,0.1587301587301587,0.3174603174603175,0.0,0.3174603174603175,0.1587301587301587,0.0,0.0,0.1587301587301587,0.1587301587301587,0.0,0.0,0.0,0.0,0.1587301587301587,0.1587301587301587,0.1587301587301587,0.4761904761904762,0.4761904761904762,0.1587301587301586,0.3174603174603175,0.0,0.3174603174603175,0.7936507936507937,0.1587301587301587,0.1587301587301585,0.3174603174603175,0.3174603174603175,0.4761904761904762,0.4761904761904762,0.3174603174603175,0.3174603174603175,0.3174603174603175,0.0,0.1587301587301587,0.0,0.0,0.0,0.0,0.1587301587301587,0.0,0.0,0.0,0.0,0.0,0.0,0.1587301587301587,0.1587301587301587,0.0,0.0,0.1587301587301587,0.3174603174603175,0.1587301587301587,0.634920634920635,0.9523809523809524,1.7460317460317434,0.7936507936507938,0.4761904761904762,1.26984126984127,0.634920634920635,0.1587301587301587,0.4761904761904762,0.3174603174603175,0.0,0.0,0.0,0.0,0.0,0.0,0.0,0.0,0.0,0.0,0.0,12,7689447.684998717,4.087656785257161,3.2134672548319214,189,0.1587301587301587,0.3174603174603174,0.3174603174603174,0.7936507936507938,0.9523809523809526,0.9523809523809518,1.4285714285714288,1.7460317460317465,1.7460317460317465,3.80952380952381,2.698412698412699,3.492063492063487,2.5396825396825404,1.4285714285714288,2.3809523809523814,1.4285714285714288,0.4761904761904763,0.9523809523809526,1.1111111111111114,0.0,0.4761904761904763,0.3174603174603175,0.0,0.0,0.1587301587301587,0.3174603174603175,0.0,0.0,0.0,0.0,6.7275402952861,45.0161444,7.59176905,12,13,43989,B
0.3423211493485789,3.1685208817802244,3.0817968504621325,87.77897789836204,1.06303316538445,2.5462555066079293,0.0,0.7709251101321586,0.0,0.5084745762711864,0.0,0.0,0.5084745762711865,0.0,1.016949152542373,1.016949152542373,0.5084745762711865,3.050847457627119,3.0508474576271194,6.610169491525414,3.050847457627119,4.067796610169492,1.016949152542373,0.0,2.033898305084746,0.5084745762711865,1.5254237288135597,0.0,0.0,0.0,0.5084745762711865,0.0,0.0,1.016949152542373,0.0,0.0,0.0,0.0,0.0,0.0,0.0,0.0,0.5084745762711865,0.0,0.5084745762711865,0.0,0.5084745762711865,2.033898305084746,2.033898305084746,3.5593220338983,0.5084745762711865,1.016949152542373,0.5084745762711865,0.0,0.0,0.0,0.0,0.0,0.0,0.0,0.5084745762711865,0.0,0.0,0.5084745762711865,0.0,0.0,0.0,0.0,0.0,0.5084745762711864,0.0,0.0,0.0,0.0,0.5084745762711865,1.016949152542373,0.0,0.5084745762711865,1.016949152542373,0.0,1.016949152542373,0.5084745762711865,0.0,0.0,0.5084745762711865,0.5084745762711865,0.0,0.0,0.0,0.0,0.0,0.0,0.0,0.5084745762711865,0.0,0.0,0.0,0.0,0.0,0.0,0.0,0.0,0.0,0.0,0.0,0.0,0.0,0.5084745762711865,0.0,1.525423728813557,1.016949152542373,2.033898305084746,0.5084745762711865,0.0,0.5084745762711865,0.0,1.5254237288135597,0.0,0.0,0.0,0.0,0.0,0.0,0.0,0.0,0.0,0.0,0.0,12,2507897.202884749,3.5744746100138878,3.2381788475188658,59,0.0,0.5084745762711864,0.0,0.0,0.5084745762711865,0.0,1.016949152542373,1.016949152542373,0.5084745762711865,3.050847457627119,3.050847457627119,6.610169491525414,3.050847457627119,4.067796610169492,1.016949152542373,0.0,2.033898305084746,0.5084745762711865,1.5254237288135597,0.0,0.0,0.0,0.5084745762711865,0.0,0.0,1.016949152542373,0.0,0.0,0.0,0.0,6.260431217368735,45.3724369,9.5927093,12,13,44814,B
0.1996782543814618,3.352346261145088,3.076776225699124,114.5605047186108,1.0765850843643223,2.72280701754386,0.0,0.8,0.9473684210526316,0.0,0.3157894736842104,0.3157894736842106,1.578947368421053,1.8947368421052624,1.8947368421052635,2.842105263157896,1.894736842105264,1.2631578947368425,4.736842105263159,1.5789473684210504,0.6315789473684212,2.526315789473685,1.2631578947368425,0.6315789473684211,0.6315789473684212,1.2631578947368425,0.6315789473684211,0.3157894736842106,0.0,0.9473684210526316,0.6315789473684212,0.3157894736842095,0.6315789473684212,0.3157894736842106,0.0,0.0,0.0,0.0,0.0,0.0,0.0,0.0,0.6315789473684212,1.578947368421052,0.9473684210526316,0.9473684210526316,0.6315789473684212,0.3157894736842106,1.2631578947368425,0.9473684210526304,0.6315789473684212,0.3157894736842106,0.0,0.0,0.0,0.0,0.0,0.0,0.0,0.3157894736842106,0.3157894736842106,0.3157894736842095,0.3157894736842106,0.3157894736842106,0.0,0.0,0.0,0.0,0.0,0.0,0.3157894736842104,0.0,0.6315789473684211,0.3157894736842103,0.9473684210526316,0.3157894736842105,0.6315789473684211,0.3157894736842105,0.6315789473684211,0.6315789473684201,0.0,1.2631578947368425,0.3157894736842105,0.6315789473684211,0.3157894736842105,0.3157894736842105,0.6315789473684211,0.0,0.0,0.6315789473684211,0.3157894736842105,0.0,0.3157894736842105,0.0,0.0,0.0,0.0,0.0,0.9473684210526316,0.0,0.0,0.3157894736842106,0.3157894736842106,0.0,0.0,0.0,0.0,0.0,0.9473684210526316,0.0,0.0,0.6315789473684212,0.9473684210526316,0.0,0.3157894736842106,0.9473684210526316,0.0,0.3157894736842106,0.0,0.0,0.0,0.0,0.0,0.0,0.0,0.0,0.0,0.0,12,6111746.236493769,4.125477687457576,4.664442099352833,95,0.9473684210526316,0.0,0.3157894736842104,0.3157894736842106,1.5789473684210529,1.894736842105262,1.8947368421052635,2.842105263157895,1.8947368421052635,1.2631578947368425,4.736842105263159,1.5789473684210502,0.6315789473684212,2.526315789473685,1.2631578947368425,0.6315789473684212,0.6315789473684212,1.2631578947368425,0.6315789473684212,0.3157894736842106,0.0,0.9473684210526316,0.6315789473684212,0.3157894736842095,0.6315789473684212,0.3157894736842106,0.0,0.0,0.0,0.0,8.677677251402391,45.4951167,9.37746965,12,12,45131,B
0.3751658040955128,3.123441068523057,2.979007105642587,82.84576823819017,1.049089172751586,2.7036328871892925,0.0,0.745697896749522,0.6666666666666667,0.5,1.3333333333333333,0.8333333333333336,1.0000000000000002,0.8333333333333328,0.8333333333333334,1.3333333333333337,2.333333333333334,3.5000000000000004,2.333333333333334,2.4999999999999964,2.0000000000000004,1.166666666666667,1.666666666666667,1.833333333333334,0.5000000000000001,1.666666666666667,1.6666666666666667,0.5000000000000001,0.0,0.1666666666666667,0.5000000000000001,0.0,0.1666666666666667,0.0,0.1666666666666667,0.0,0.0,0.0,0.1666666666666666,0.3333333333333333,0.8333333333333333,0.0,0.5000000000000001,0.3333333333333331,0.1666666666666667,0.6666666666666669,0.5000000000000001,0.1666666666666667,0.5000000000000001,0.0,0.8333333333333336,0.1666666666666667,0.5000000000000001,0.1666666666666667,0.0,0.0,0.3333333333333334,0.1666666666666667,0.0,0.1666666666666667,0.5000000000000001,0.0,0.1666666666666667,0.0,0.0,0.0,0.0,0.0,0.0,0.1666666666666666,0.4999999999999999,0.6666666666666669,0.3333333333333334,0.3333333333333331,0.5,0.1666666666666667,0.3333333333333334,0.8333333333333335,0.3333333333333334,0.3333333333333328,0.0,0.1666666666666667,0.1666666666666667,0.3333333333333334,0.1666666666666667,0.3333333333333334,0.5,0.0,0.0,0.0,0.0,0.0,0.0,0.0,0.1666666666666667,0.0,0.0,0.0,0.0,0.0,0.0,0.1666666666666667,0.0,0.0,0.0,0.3333333333333334,0.6666666666666669,0.3333333333333334,0.5000000000000001,0.833333333333332,0.8333333333333335,0.0,0.3333333333333334,1.3333333333333337,0.3333333333333334,1.0000000000000002,0.5000000000000001,0.3333333333333334,0.0,0.0,0.0,0.0,0.0,0.0,0.0,0.0,0.0,0.0,12,27742749.591348063,2.953735841277056,3.117102517325897,180,0.6666666666666666,0.5,1.333333333333333,0.8333333333333335,1.0000000000000002,0.8333333333333328,0.8333333333333335,1.3333333333333337,2.333333333333334,3.5000000000000004,2.333333333333334,2.4999999999999964,2.0000000000000004,1.166666666666667,1.666666666666667,1.8333333333333337,0.5000000000000001,1.666666666666667,1.666666666666667,0.5000000000000001,0.0,0.1666666666666667,0.5000000000000001,0.0,0.1666666666666667,0.0,0.1666666666666667,0.0,0.0,0.0,5.828887626746699,45.58935485,9.1938545,12,13,45382,B
0.1931516160990721,3.3603477757719635,3.268673348766178,82.92814160506123,1.0672048238557212,2.691489361702128,0.0,0.7473404255319149,0.0,0.0,0.2399999999999999,0.0,1.4400000000000004,0.7199999999999996,1.2000000000000002,2.880000000000001,1.6800000000000006,2.880000000000001,2.4000000000000004,3.359999999999995,1.6800000000000004,1.6800000000000004,2.400000000000001,1.6800000000000004,2.16,0.4800000000000001,1.2000000000000002,0.0,0.24,0.0,0.24,0.2399999999999992,0.24,0.4800000000000001,0.4800000000000001,0.0,0.0,0.0,0.0,0.0,0.0,0.0,0.4800000000000001,0.2399999999999998,0.4800000000000001,1.2000000000000002,0.4800000000000001,1.6800000000000004,0.9600000000000002,0.719999999999999,0.0,0.4800000000000001,1.4400000000000002,0.4800000000000001,0.0,0.0,0.0,0.0,0.24,0.0,0.0,0.2399999999999992,0.0,0.24,0.0,0.0,0.0,0.0,0.0,0.0,0.2399999999999999,0.0,0.7200000000000001,0.0,0.7200000000000001,1.4400000000000002,0.24,0.4800000000000001,0.0,0.0,0.4800000000000001,0.0,0.24,0.4800000000000001,0.9600000000000002,0.0,0.24,0.0,0.0,0.0,0.24,0.0,0.24,0.24,0.4800000000000001,0.0,0.0,0.0,0.0,0.0,0.0,0.0,0.0,0.0,0.0,0.24,0.4800000000000001,0.24,0.4800000000000001,0.2399999999999996,0.24,0.0,0.24,0.0,1.2000000000000002,0.4800000000000001,0.7200000000000001,0.0,0.0,0.0,0.0,0.0,0.0,0.0,0.0,0.0,0.0,0.0,12,12502506.760995513,4.269430811532773,2.8798581742738607,125,0.0,0.0,0.2399999999999999,0.0,1.4400000000000002,0.7199999999999995,1.2000000000000002,2.8800000000000003,1.6800000000000004,2.8800000000000003,2.4000000000000004,3.359999999999995,1.6800000000000004,1.6800000000000004,2.4000000000000004,1.6800000000000004,2.1600000000000006,0.4800000000000001,1.2000000000000002,0.0,0.24,0.0,0.24,0.2399999999999992,0.24,0.4800000000000001,0.4800000000000001,0.0,0.0,0.0,7.395799109023158,45.60067815,9.6377609,12,13,45416,B
0.0453323575597407,3.53360194934442,3.487380970308651,97.41506000197968,1.0433345610059532,2.9130434782608696,0.0,0.75,1.2244897959183672,1.530612244897959,0.6122448979591836,1.5306122448979596,0.7653061224489799,1.0714285714285707,1.3775510204081634,2.602040816326531,2.6020408163265314,2.908163265306123,1.3775510204081636,2.2959183673469354,2.755102040816327,1.0714285714285716,1.2244897959183676,1.5306122448979596,0.9183673469387758,1.3775510204081636,0.7653061224489798,0.1530612244897959,0.1530612244897959,0.0,0.0,0.0,0.1530612244897959,0.0,0.0,0.0,0.0,0.0,0.6122448979591836,0.6122448979591836,0.1530612244897958,1.0714285714285716,0.1530612244897959,0.1530612244897958,0.3061224489795919,0.1530612244897959,0.1530612244897959,0.1530612244897959,0.1530612244897959,0.3061224489795914,0.0,0.3061224489795919,0.0,0.1530612244897959,0.0,0.1530612244897959,0.1530612244897959,0.0,0.1530612244897959,0.0,0.0,0.0,0.1530612244897959,0.0,0.0,0.0,0.0,0.0,0.1530612244897959,0.9183673469387756,0.4591836734693877,0.3061224489795919,0.6122448979591839,0.3061224489795917,0.1530612244897959,0.1530612244897959,0.4591836734693879,0.4591836734693879,0.0,0.3061224489795914,0.6122448979591839,0.1530612244897959,0.3061224489795919,0.4591836734693879,0.3061224489795919,0.6122448979591839,0.0,0.1530612244897959,0.0,0.0,0.0,0.0,0.0,0.0,0.0,0.0,0.0,0.0,0.0,0.0,0.0,0.0,0.0,0.6122448979591834,0.4591836734693878,0.6122448979591838,0.6122448979591838,0.9183673469387756,0.9183673469387756,1.2244897959183656,1.3775510204081636,0.4591836734693878,0.9183673469387756,0.4591836734693878,0.6122448979591838,0.6122448979591838,0.6122448979591838,0.0,0.0,0.0,0.0,0.0,0.0,0.0,0.0,0.0,0.0,0.0,12,29788288.694491625,3.715428786795586,3.570538151104003,196,1.2244897959183674,1.530612244897959,0.6122448979591836,1.5306122448979596,0.7653061224489798,1.0714285714285707,1.3775510204081636,2.6020408163265314,2.6020408163265314,2.908163265306123,1.3775510204081636,2.2959183673469354,2.755102040816327,1.0714285714285716,1.2244897959183676,1.5306122448979596,0.9183673469387756,1.3775510204081636,0.7653061224489798,0.1530612244897959,0.1530612244897959,0.0,0.0,0.0,0.1530612244897959,0.0,0.0,0.0,0.0,0.0,6.340478160412959,50.81422935,4.3275954500000005,12,12,58249,B
0.1262565476372256,3.440563910426942,3.3492213621096467,75.3405207804048,1.0553819846484578,2.8045977011494254,0.0,0.729064039408867,0.3982300884955753,2.1238938053097343,1.5929203539823007,2.256637168141593,1.5929203539823011,1.061946902654867,1.858407079646018,1.0619469026548674,1.3274336283185844,1.194690265486726,2.389380530973452,1.327433628318582,2.389380530973452,1.0619469026548676,1.3274336283185844,1.0619469026548676,1.9911504424778763,1.0619469026548676,0.9292035398230092,0.3982300884955753,0.2654867256637169,0.2654867256637169,0.2654867256637169,0.132743362831858,0.2654867256637169,0.2654867256637169,0.1327433628318584,0.0,0.0,0.0,0.2654867256637168,0.5309734513274337,0.5309734513274336,1.4601769911504427,0.7964601769911506,0.6637168141592917,0.2654867256637169,0.6637168141592922,0.2654867256637169,0.2654867256637169,0.5309734513274338,0.2654867256637164,0.2654867256637169,0.5309734513274338,0.2654867256637169,0.0,0.1327433628318584,0.5309734513274338,0.2654867256637169,0.1327433628318584,0.1327433628318584,0.1327433628318584,0.2654867256637169,0.132743362831858,0.2654867256637169,0.2654867256637169,0.1327433628318584,0.0,0.0,0.0,0.1327433628318584,1.327433628318584,0.7964601769911502,0.2654867256637168,0.2654867256637168,0.2654867256637166,0.5309734513274337,0.2654867256637168,0.2654867256637168,0.2654867256637168,0.3982300884955753,0.3982300884955747,0.7964601769911506,0.0,0.0,0.3982300884955753,0.3982300884955753,0.0,0.1327433628318584,0.1327433628318584,0.0,0.0,0.0,0.0,0.0,0.0,0.0,0.0,0.0,0.0,0.0,0.2654867256637168,0.2654867256637167,0.1327433628318584,0.2654867256637169,0.0,0.1327433628318584,0.0,0.2654867256637169,0.1327433628318584,0.3982300884955753,0.1327433628318582,1.0619469026548676,0.2654867256637169,0.3982300884955753,0.2654867256637169,0.6637168141592922,0.2654867256637169,0.2654867256637169,0.0,0.1327433628318584,0.0,0.0,0.0,0.0,0.0,0.0,0.0,0.0,0.0,12,17939440.662301168,3.7294479869967327,2.778805951320683,226,0.3982300884955752,2.1238938053097347,1.5929203539823007,2.256637168141593,1.5929203539823011,1.061946902654867,1.858407079646018,1.0619469026548676,1.3274336283185844,1.194690265486726,2.389380530973452,1.327433628318582,2.389380530973452,1.0619469026548676,1.3274336283185844,1.0619469026548676,1.9911504424778763,1.0619469026548676,0.9292035398230092,0.3982300884955753,0.2654867256637169,0.2654867256637169,0.2654867256637169,0.132743362831858,0.2654867256637169,0.2654867256637169,0.1327433628318584,0.0,0.0,0.0,5.104967635527857,50.8691072,4.4071824,12,13,60144,B
0.0917565699334355,3.480733704390921,3.460258049845653,89.73669172667475,1.107255026522118,2.6103286384976525,0.0,0.6854460093896714,0.4958677685950413,0.743801652892562,0.7438016528925618,2.4793388429752072,0.4958677685950414,1.983471074380164,1.4876033057851243,1.4876033057851243,2.7272727272727275,3.7190082644628095,1.735537190082645,2.2314049586776825,2.2314049586776865,0.9917355371900828,1.487603305785124,1.4876033057851243,1.2396694214876036,0.4958677685950414,1.2396694214876036,0.2479338842975207,0.0,0.0,0.2479338842975207,0.0,0.0,0.0,0.0,0.0,0.0,0.0,0.4958677685950413,0.0,0.2479338842975205,1.2396694214876036,0.2479338842975207,0.991735537190082,0.4958677685950414,0.4958677685950414,0.7438016528925621,0.9917355371900828,0.2479338842975207,0.2479338842975203,0.2479338842975207,0.0,0.7438016528925621,0.0,0.7438016528925621,0.0,0.0,0.2479338842975207,0.0,0.0,0.0,0.0,0.0,0.0,0.0,0.0,0.0,0.0,0.0,0.4958677685950413,0.2479338842975206,1.2396694214876036,0.2479338842975207,0.495867768595041,0.4958677685950414,0.4958677685950414,1.487603305785124,1.487603305785124,0.9917355371900828,0.9917355371900812,0.4958677685950414,0.4958677685950414,0.7438016528925621,1.2396694214876036,0.2479338842975207,0.2479338842975207,0.2479338842975207,0.0,0.0,0.0,0.2479338842975207,0.0,0.0,0.0,0.0,0.0,0.0,0.0,0.0,0.2479338842975206,0.2479338842975206,0.0,0.0,0.2479338842975205,0.2479338842975207,0.2479338842975207,0.4958677685950414,0.7438016528925621,0.2479338842975207,0.743801652892561,1.2396694214876036,0.2479338842975207,0.0,0.2479338842975207,0.2479338842975207,0.0,0.2479338842975207,0.0,0.0,0.0,0.0,0.0,0.0,0.0,0.0,0.0,0.0,0.0,12,2051216.4268953872,3.4290604916000738,7.212283162250416,121,0.4958677685950413,0.743801652892562,0.7438016528925618,2.4793388429752072,0.4958677685950414,1.983471074380164,1.487603305785124,1.487603305785124,2.727272727272728,3.719008264462811,1.735537190082645,2.2314049586776825,2.2314049586776865,0.9917355371900828,1.487603305785124,1.487603305785124,1.2396694214876036,0.4958677685950414,1.2396694214876036,0.2479338842975207,0.0,0.0,0.2479338842975207,0.0,0.0,0.0,0.0,0.0,0.0,0.0,10.024467399404422,14.64078235,-90.45539025,12,12,9266318,B
0.410611275702155,3.073441010045284,3.077347071090852,61.35828875056864,1.0381597149302069,2.4262295081967213,0.0,0.5938069216757741,0.0,0.3896103896103896,0.6493506493506492,0.3896103896103897,0.3896103896103897,1.0389610389610382,1.4285714285714288,1.9480519480519485,2.2077922077922083,3.766233766233767,1.8181818181818183,1.818181818181816,2.467532467532468,1.8181818181818183,1.5584415584415587,2.2077922077922083,1.6883116883116889,1.6883116883116889,1.8181818181818183,0.6493506493506495,0.1298701298701298,0.0,0.0,0.1298701298701295,0.0,0.0,0.0,0.0,0.0,0.0,0.0,0.1298701298701298,0.1298701298701298,0.0,0.0,0.1298701298701298,0.5194805194805195,0.5194805194805195,0.0,0.3896103896103897,0.1298701298701298,0.2597402597402594,0.0,0.0,0.1298701298701298,0.0,0.2597402597402597,0.5194805194805195,0.3896103896103897,0.0,0.0,0.0,0.0,0.0,0.0,0.0,0.0,0.0,0.0,0.0,0.0,0.2597402597402597,0.3896103896103895,0.3896103896103897,0.3896103896103897,0.3896103896103893,0.5194805194805195,0.5194805194805195,1.4285714285714288,1.8181818181818183,0.6493506493506495,0.9090909090909076,1.168831168831169,0.7792207792207794,0.5194805194805195,0.7792207792207794,0.9090909090909092,0.9090909090909092,0.7792207792207794,0.3896103896103897,0.1298701298701298,0.0,0.0,0.0,0.0,0.0,0.0,0.0,0.0,0.0,0.0,0.0,0.1298701298701298,0.0,0.0,0.3896103896103893,0.3896103896103897,0.7792207792207794,0.5194805194805195,1.2987012987012987,0.9090909090909092,0.1298701298701296,1.038961038961039,0.6493506493506493,0.9090909090909092,0.9090909090909092,0.5194805194805195,0.2597402597402597,0.5194805194805195,0.2597402597402597,0.0,0.0,0.0,0.0,0.0,0.0,0.0,0.0,0.0,0.0,12,9342661.962377489,2.7074875531210565,2.981952305619256,231,0.0,0.3896103896103896,0.6493506493506492,0.3896103896103897,0.3896103896103897,1.0389610389610384,1.4285714285714288,1.9480519480519485,2.2077922077922083,3.7662337662337673,1.8181818181818183,1.8181818181818157,2.467532467532468,1.8181818181818183,1.5584415584415587,2.2077922077922083,1.6883116883116889,1.6883116883116889,1.8181818181818183,0.6493506493506495,0.1298701298701299,0.0,0.0,0.1298701298701294,0.0,0.0,0.0,0.0,0.0,0.0,5.503626987662131,14.5486955,-90.54378165,12,13,9721162,B
