phi_orientation_order,entropy_simplified,entropy_weighted,median_street_segment_length,avg_circuity,avg_node_degree,p_dead_ends,p_four_way,phi_shape_factor0,phi_shape_factor1,phi_shape_factor2,phi_shape_factor3,phi_shape_factor4,phi_shape_factor5,phi_shape_factor6,phi_shape_factor7,phi_shape_factor8,phi_shape_factor9,phi_shape_factor10,phi_shape_factor11,phi_shape_factor12,phi_shape_factor13,phi_shape_factor14,phi_shape_factor15,phi_shape_factor16,phi_shape_factor17,phi_shape_factor18,phi_shape_factor19,phi_shape_factor20,phi_shape_factor21,phi_shape_factor22,phi_shape_factor23,phi_shape_factor24,phi_shape_factor25,phi_shape_factor26,phi_shape_factor27,phi_shape_factor28,phi_shape_factor29,phi_log_area_2_3_0,phi_log_area_2_3_1,phi_log_area_2_3_2,phi_log_area_2_3_3,phi_log_area_2_3_4,phi_log_area_2_3_5,phi_log_area_2_3_6,phi_log_area_2_3_7,phi_log_area_2_3_8,phi_log_area_2_3_9,phi_log_area_2_3_10,phi_log_area_2_3_11,phi_log_area_2_3_12,phi_log_area_2_3_13,phi_log_area_2_3_14,phi_log_area_2_3_15,phi_log_area_2_3_16,phi_log_area_2_3_17,phi_log_area_2_3_18,phi_log_area_2_3_19,phi_log_area_2_3_20,phi_log_area_2_3_21,phi_log_area_2_3_22,phi_log_area_2_3_23,phi_log_area_2_3_24,phi_log_area_2_3_25,phi_log_area_2_3_26,phi_log_area_2_3_27,phi_log_area_2_3_28,phi_log_area_2_3_29,phi_log_area_3_4_0,phi_log_area_3_4_1,phi_log_area_3_4_2,phi_log_area_3_4_3,phi_log_area_3_4_4,phi_log_area_3_4_5,phi_log_area_3_4_6,phi_log_area_3_4_7,phi_log_area_3_4_8,phi_log_area_3_4_9,phi_log_area_3_4_10,phi_log_area_3_4_11,phi_log_area_3_4_12,phi_log_area_3_4_13,phi_log_area_3_4_14,phi_log_area_3_4_15,phi_log_area_3_4_16,phi_log_area_3_4_17,phi_log_area_3_4_18,phi_log_area_3_4_19,phi_log_area_3_4_20,phi_log_area_3_4_21,phi_log_area_3_4_22,phi_log_area_3_4_23,phi_log_area_3_4_24,phi_log_area_3_4_25,phi_log_area_3_4_26,phi_log_area_3_4_27,phi_log_area_3_4_28,phi_log_area_3_4_29,phi_log_area_4_5_0,phi_log_area_4_5_1,phi_log_area_4_5_2,phi_log_area_4_5_3,phi_log_area_4_5_4,phi_log_area_4_5_5,phi_log_area_4_5_6,phi_log_area_4_5_7,phi_log_area_4_5_8,phi_log_area_4_5_9,phi_log_area_4_5_10,phi_log_area_4_5_11,phi_log_area_4_5_12,phi_log_area_4_5_13,phi_log_area_4_5_14,phi_log_area_4_5_15,phi_log_area_4_5_16,phi_log_area_4_5_17,phi_log_area_4_5_18,phi_log_area_4_5_19,phi_log_area_4_5_20,phi_log_area_4_5_21,phi_log_area_4_5_22,phi_log_area_4_5_23,phi_log_area_4_5_24,phi_log_area_4_5_25,phi_log_area_4_5_26,phi_log_area_4_5_27,phi_log_area_4_5_28,phi_log_area_4_5_29,zoom,blocks_area,span_lat,span_lon,number_of_blocks,n_blocks_by_shape_factor0,n_blocks_by_shape_factor1,n_blocks_by_shape_factor2,n_blocks_by_shape_factor3,n_blocks_by_shape_factor4,n_blocks_by_shape_factor5,n_blocks_by_shape_factor6,n_blocks_by_shape_factor7,n_blocks_by_shape_factor8,n_blocks_by_shape_factor9,n_blocks_by_shape_factor10,n_blocks_by_shape_factor11,n_blocks_by_shape_factor12,n_blocks_by_shape_factor13,n_blocks_by_shape_factor14,n_blocks_by_shape_factor15,n_blocks_by_shape_factor16,n_blocks_by_shape_factor17,n_blocks_by_shape_factor18,n_blocks_by_shape_factor19,n_blocks_by_shape_factor20,n_blocks_by_shape_factor21,n_blocks_by_shape_factor22,n_blocks_by_shape_factor23,n_blocks_by_shape_factor24,n_blocks_by_shape_factor25,n_blocks_by_shape_factor26,n_blocks_by_shape_factor27,n_blocks_by_shape_factor28,n_blocks_by_shape_factor29,area_by_boundary,latitude,longitude,zoom_lat,zoom_lon,city_name,label
0.0724716728880121,3.502855820328051,3.476427028694302,48.39452830921218,1.0941249176061325,2.3379655364091163,0.0,0.5786548082267927,1.1278195488721805,2.142857142857143,1.3533834586466162,1.0150375939849623,2.593984962406015,2.706766917293231,1.353383458646617,2.030075187969925,2.142857142857143,1.6917293233082706,2.1428571428571432,1.3533834586466147,1.466165413533835,1.1278195488721805,1.353383458646617,0.9022556390977444,0.5639097744360904,1.691729323308271,0.5639097744360904,0.2255639097744361,0.112781954887218,0.0,0.0,0.2255639097744353,0.112781954887218,0.0,0.0,0.0,0.0,0.0,0.3383458646616541,0.6766917293233082,0.6766917293233081,0.6766917293233083,1.1278195488721805,1.1278195488721798,0.6766917293233083,1.2406015037593987,1.1278195488721805,0.5639097744360902,0.6766917293233083,0.902255639097743,0.5639097744360902,0.4511278195488722,0.6766917293233083,0.112781954887218,0.112781954887218,0.9022556390977444,0.2255639097744361,0.2255639097744361,0.112781954887218,0.0,0.0,0.2255639097744353,0.112781954887218,0.0,0.0,0.0,0.0,0.0,0.3383458646616541,1.0150375939849623,0.225563909774436,0.0,0.3383458646616541,0.5639097744360898,0.112781954887218,0.3383458646616541,0.0,0.112781954887218,0.4511278195488722,0.1127819548872178,0.3383458646616541,0.3383458646616541,0.3383458646616541,0.2255639097744361,0.112781954887218,0.2255639097744361,0.0,0.0,0.0,0.0,0.0,0.0,0.0,0.0,0.0,0.0,0.0,0.0,0.0,0.112781954887218,0.338345864661654,0.112781954887218,0.6766917293233083,0.7894736842105258,0.2255639097744361,0.112781954887218,0.112781954887218,0.2255639097744361,0.3383458646616541,0.1127819548872178,0.3383458646616541,0.112781954887218,0.3383458646616541,0.2255639097744361,0.112781954887218,0.2255639097744361,0.0,0.0,0.0,0.0,0.0,0.0,0.0,0.0,0.0,0.0,0.0,0.0,12,3972361.1467417656,3.29858785747923,5.52662871961412,266,1.1278195488721805,2.142857142857143,1.3533834586466162,1.0150375939849623,2.593984962406016,2.706766917293231,1.353383458646617,2.030075187969925,2.1428571428571432,1.691729323308271,2.1428571428571432,1.3533834586466147,1.4661654135338351,1.1278195488721807,1.353383458646617,0.9022556390977444,0.5639097744360904,1.691729323308271,0.5639097744360904,0.2255639097744361,0.112781954887218,0.0,0.0,0.2255639097744353,0.112781954887218,0.0,0.0,0.0,0.0,0.0,5.414135546783849,46.169574,6.21083095,12,12,102851,C
0.0424573063120734,3.536833348243394,3.495062753708185,85.85117163732592,1.1045812212077677,2.2875536480686693,0.0,0.6008583690987125,0.0,0.5357142857142857,1.0714285714285712,1.6071428571428574,0.0,1.0714285714285707,3.75,1.6071428571428574,1.6071428571428574,2.1428571428571432,4.821428571428573,2.14285714285714,0.5357142857142858,2.1428571428571432,3.214285714285715,1.6071428571428574,0.5357142857142858,0.5357142857142858,0.5357142857142858,0.0,0.0,0.0,0.0,0.535714285714284,0.0,0.0,0.0,0.0,0.0,0.0,0.0,0.5357142857142857,1.0714285714285712,1.0714285714285716,0.0,0.0,2.1428571428571432,0.5357142857142858,0.5357142857142858,0.5357142857142858,1.6071428571428574,1.6071428571428548,0.0,0.0,1.0714285714285716,0.0,0.0,0.0,0.0,0.0,0.0,0.0,0.0,0.535714285714284,0.0,0.0,0.0,0.0,0.0,0.0,0.0,0.0,0.0,0.0,0.0,0.0,1.6071428571428572,0.5357142857142858,0.0,1.0714285714285716,0.0,0.0,0.0,0.5357142857142858,0.0,0.0,0.0,0.0,0.5357142857142858,0.0,0.0,0.0,0.0,0.0,0.0,0.0,0.0,0.0,0.0,0.0,0.0,0.0,0.0,0.0,0.0,0.5357142857142854,0.0,0.5357142857142858,0.5357142857142858,0.5357142857142858,0.0,0.0,0.0,0.5357142857142858,0.0,1.0714285714285716,0.0,0.5357142857142858,0.0,0.0,0.0,0.0,0.0,0.0,0.0,0.0,0.0,0.0,0.0,0.0,12,6554588.545050076,4.428387642892077,4.065211713820463,56,0.0,0.5357142857142857,1.0714285714285712,1.6071428571428574,0.0,1.0714285714285707,3.750000000000001,1.6071428571428574,1.6071428571428574,2.1428571428571432,4.821428571428572,2.14285714285714,0.5357142857142858,2.1428571428571432,3.214285714285715,1.6071428571428574,0.5357142857142858,0.5357142857142858,0.5357142857142858,0.0,0.0,0.0,0.0,0.535714285714284,0.0,0.0,0.0,0.0,0.0,0.0,8.346962878873175,45.5760431,4.23078995,12,12,106831,C
0.1671513462537346,3.3919067145242754,3.338782794390664,185.34601435838653,1.1394106391885397,2.4705882352941178,0.0,0.6588235294117647,0.8823529411764706,1.7647058823529411,2.6470588235294112,0.8823529411764708,0.8823529411764708,0.88235294117647,1.7647058823529416,1.7647058823529418,4.411764705882354,3.529411764705884,2.647058823529413,2.647058823529408,2.647058823529413,1.7647058823529418,0.0,0.0,0.0,0.0,0.0,0.0,0.0,0.0,0.0,0.0,0.0,0.8823529411764709,0.0,0.0,0.0,0.0,0.8823529411764706,0.0,1.764705882352941,0.0,0.0,0.0,0.0,0.0,1.7647058823529418,1.7647058823529418,0.0,0.8823529411764693,0.0,0.8823529411764709,0.0,0.0,0.0,0.0,0.0,0.0,0.0,0.0,0.0,0.0,0.0,0.8823529411764709,0.0,0.0,0.0,0.0,0.0,0.0,0.0,0.0,0.0,0.88235294117647,0.0,0.0,0.8823529411764708,0.0,0.0,0.0,0.0,0.0,0.0,0.0,0.0,0.0,0.0,0.0,0.0,0.0,0.0,0.0,0.0,0.0,0.0,0.0,0.0,0.0,0.0,1.7647058823529411,0.8823529411764705,0.8823529411764708,0.0,0.0,0.8823529411764708,0.0,0.8823529411764708,0.0,0.8823529411764708,0.8823529411764693,0.8823529411764708,0.0,0.0,0.0,0.0,0.0,0.0,0.0,0.0,0.0,0.0,0.0,0.0,0.0,0.0,0.0,0.0,0.0,12,6878595.3562866105,3.0719611655147747,3.5783819007138957,34,0.8823529411764706,1.7647058823529411,2.6470588235294112,0.8823529411764708,0.8823529411764708,0.8823529411764701,1.7647058823529416,1.7647058823529416,4.411764705882354,3.529411764705883,2.647058823529412,2.647058823529408,2.647058823529412,1.7647058823529416,0.0,0.0,0.0,0.0,0.0,0.0,0.0,0.0,0.0,0.0,0.0,0.8823529411764708,0.0,0.0,0.0,0.0,7.607356121931597,45.56334215,4.2536433,12,12,108591,C
0.133748254090945,3.431736762108657,3.447660768934937,53.81080595233978,1.1245984695262063,2.5828779599271403,0.0,0.6775956284153005,0.6521739130434783,0.217391304347826,0.0,1.0869565217391306,1.0869565217391306,1.08695652173913,1.3043478260869568,2.608695652173913,2.173913043478261,1.0869565217391306,0.8695652173913045,2.391304347826084,3.695652173913044,2.391304347826088,1.739130434782609,1.521739130434783,2.173913043478261,1.3043478260869568,1.521739130434783,0.2173913043478261,0.4347826086956522,0.2173913043478261,0.0,0.0,0.2173913043478261,0.0,0.0,0.0,0.0,0.0,0.0,0.217391304347826,0.0,1.0869565217391306,0.4347826086956523,0.2173913043478259,0.2173913043478261,0.2173913043478261,1.0869565217391306,0.4347826086956523,0.0,0.6521739130434774,1.0869565217391306,0.8695652173913045,0.2173913043478261,0.2173913043478261,0.4347826086956523,0.6521739130434783,0.6521739130434783,0.0,0.0,0.0,0.0,0.0,0.2173913043478261,0.0,0.0,0.0,0.0,0.0,0.217391304347826,0.0,0.0,0.0,0.4347826086956522,0.0,0.8695652173913044,1.3043478260869563,0.2173913043478261,0.2173913043478261,0.2173913043478261,0.8695652173913031,0.8695652173913044,0.2173913043478261,0.4347826086956522,0.6521739130434783,1.0869565217391306,0.2173913043478261,0.2173913043478261,0.0,0.2173913043478261,0.2173913043478261,0.0,0.0,0.0,0.0,0.0,0.0,0.0,0.0,0.0,0.0,0.0,0.0,0.0,0.0,0.0,0.6521739130434784,0.4347826086956523,0.4347826086956523,0.2173913043478261,0.8695652173913031,1.0869565217391306,0.6521739130434784,0.4347826086956523,0.2173913043478261,0.6521739130434784,0.2173913043478261,0.2173913043478261,0.2173913043478261,0.2173913043478261,0.0,0.0,0.0,0.0,0.0,0.0,0.0,0.0,0.0,12,4086863.977297144,2.5281412511961534,1.7646795947906797,138,0.6521739130434783,0.217391304347826,0.0,1.0869565217391306,1.0869565217391306,1.0869565217391297,1.3043478260869568,2.608695652173913,2.173913043478261,1.0869565217391306,0.8695652173913045,2.391304347826084,3.695652173913044,2.391304347826088,1.739130434782609,1.521739130434783,2.173913043478261,1.3043478260869568,1.521739130434783,0.2173913043478261,0.4347826086956523,0.2173913043478261,0.0,0.0,0.2173913043478261,0.0,0.0,0.0,0.0,0.0,2.487021292657528,45.57053405,5.98151855,12,13,109271,C
0.5485081365244395,2.86290531070566,2.8629844952551204,121.8023780842434,1.1046175429139544,2.632,0.0,0.616,0.0,0.46875,1.4062499999999998,0.0,0.0,0.4687499999999997,1.4062500000000004,1.8750000000000004,2.343750000000001,2.343750000000001,1.8750000000000004,3.281249999999996,0.9375000000000002,1.4062500000000004,0.4687500000000001,0.9375000000000002,3.750000000000001,4.687500000000002,1.8750000000000004,0.0,0.0,0.4687500000000001,0.0,0.0,0.0,0.0,0.0,0.0,0.0,0.0,0.0,0.0,0.4687499999999999,0.0,0.0,0.0,0.4687500000000001,0.4687500000000001,0.9375000000000002,0.9375000000000002,0.0,0.4687499999999993,0.0,0.0,0.0,0.0,0.0,0.4687500000000001,0.0,0.0,0.0,0.0,0.0,0.0,0.0,0.0,0.0,0.0,0.0,0.0,0.0,0.46875,0.4687499999999999,0.0,0.0,0.0,0.9375000000000002,0.9375000000000002,0.4687500000000001,0.4687500000000001,0.4687500000000001,0.9374999999999988,0.4687500000000001,0.0,0.0,0.0,0.9375000000000002,0.4687500000000001,0.9375000000000002,0.0,0.0,0.0,0.0,0.0,0.0,0.0,0.0,0.0,0.0,0.0,0.0,0.0,0.4687499999999999,0.0,0.0,0.4687499999999997,0.0,0.4687500000000001,0.9375000000000002,0.9375000000000002,0.9375000000000002,0.9374999999999988,0.0,0.9375000000000002,0.4687500000000001,0.9375000000000002,1.8750000000000004,1.8750000000000004,0.9375000000000002,0.0,0.0,0.4687500000000001,0.0,0.0,0.0,0.0,0.0,0.0,0.0,0.0,12,5750981.038887673,3.907152253336273,4.243600780539273,64,0.0,0.46875,1.4062499999999998,0.0,0.0,0.4687499999999997,1.4062500000000002,1.8750000000000004,2.3437500000000004,2.3437500000000004,1.8750000000000004,3.281249999999995,0.9375000000000002,1.4062500000000002,0.4687500000000001,0.9375000000000002,3.750000000000001,4.687500000000001,1.8750000000000004,0.0,0.0,0.4687500000000001,0.0,0.0,0.0,0.0,0.0,0.0,0.0,0.0,6.170724327871582,34.6884595,-89.964896,12,12,109854,C
0.4948201337722492,2.9482506170390765,2.919562027474821,124.1181850624128,1.136101361400864,2.743961352657005,0.0,0.6618357487922706,0.4285714285714285,0.0,0.4285714285714284,1.285714285714286,0.8571428571428573,2.9999999999999982,2.571428571428572,3.000000000000001,2.571428571428572,1.285714285714286,1.7142857142857149,1.2857142857142838,1.7142857142857144,1.285714285714286,1.7142857142857149,1.7142857142857149,1.285714285714286,1.7142857142857144,2.1428571428571432,0.0,0.0,0.0,0.0,0.0,0.0,0.0,0.0,0.0,0.0,0.0,0.0,0.0,0.0,0.0,0.8571428571428573,0.0,0.8571428571428573,0.4285714285714286,0.4285714285714286,0.4285714285714286,0.0,0.0,0.0,0.0,0.0,0.4285714285714286,0.0,0.0,0.0,0.0,0.0,0.0,0.0,0.0,0.0,0.0,0.0,0.0,0.0,0.0,0.0,0.0,0.4285714285714284,0.4285714285714286,0.0,1.285714285714285,0.0,0.4285714285714286,1.2857142857142858,0.8571428571428573,0.4285714285714286,0.0,0.0,0.4285714285714286,0.0,0.0,0.8571428571428573,0.0,0.4285714285714286,0.0,0.0,0.0,0.0,0.0,0.0,0.0,0.0,0.0,0.0,0.0,0.0,0.0,0.0,0.8571428571428573,0.0,1.7142857142857133,0.8571428571428573,1.7142857142857146,0.4285714285714286,0.0,0.8571428571428573,0.8571428571428559,1.2857142857142858,0.8571428571428573,0.8571428571428573,0.4285714285714286,0.4285714285714286,1.2857142857142858,1.2857142857142858,0.0,0.0,0.0,0.0,0.0,0.0,0.0,0.0,0.0,0.0,0.0,12,4256853.814156898,3.403883823118638,3.0301508314110106,70,0.4285714285714285,0.0,0.4285714285714285,1.2857142857142858,0.8571428571428573,2.999999999999998,2.571428571428572,3.000000000000001,2.571428571428572,1.2857142857142858,1.7142857142857146,1.2857142857142838,1.7142857142857146,1.2857142857142858,1.7142857142857146,1.7142857142857146,1.2857142857142858,1.7142857142857146,2.1428571428571432,0.0,0.0,0.0,0.0,0.0,0.0,0.0,0.0,0.0,0.0,0.0,3.743609839667477,34.9595245,-120.574518,12,13,11065697,C
0.8658978238746783,2.190906808087345,2.3591068133063104,154.85831132276596,1.065575062097054,2.7355371900826446,0.0,0.6239669421487604,0.0,0.0,0.0,0.0,0.0,1.0843373493975896,0.7228915662650605,1.0843373493975903,0.7228915662650603,3.253012048192772,1.4457831325301207,1.4457831325301185,3.6144578313253017,2.8915662650602414,1.8072289156626509,2.168674698795181,1.4457831325301207,3.6144578313253017,4.698795180722892,0.0,0.0,0.0,0.0,0.0,0.0,0.0,0.0,0.0,0.0,0.0,0.0,0.0,0.0,0.0,0.0,0.3614457831325299,0.0,0.0,0.0,0.3614457831325302,0.0,1.084337349397589,0.0,0.0,0.0,0.0,0.0,0.0,0.0,0.0,0.0,0.0,0.0,0.0,0.0,0.0,0.0,0.0,0.0,0.0,0.0,0.0,0.0,0.0,0.0,0.3614457831325298,0.0,0.0,0.0,0.3614457831325302,0.0,0.0,0.3614457831325302,0.0,0.0,0.0,0.0,1.4457831325301207,2.530120481927711,0.0,0.0,0.0,0.0,0.0,0.0,0.0,0.0,0.0,0.0,0.0,0.0,0.0,0.0,0.0,0.0,0.0,0.7228915662650605,0.7228915662650605,0.0,0.7228915662650605,0.7228915662650605,0.0,1.445783132530121,2.168674698795181,1.0843373493975903,1.445783132530121,1.0843373493975903,2.168674698795181,1.8072289156626509,0.0,0.0,0.0,0.0,0.0,0.0,0.0,0.0,0.0,0.0,0.0,12,9451501.88631371,4.30668305559596,2.867805655312259,83,0.0,0.0,0.0,0.0,0.0,1.0843373493975896,0.7228915662650605,1.0843373493975903,0.7228915662650605,3.253012048192772,1.445783132530121,1.4457831325301185,3.6144578313253017,2.891566265060242,1.8072289156626509,2.168674698795181,1.445783132530121,3.6144578313253017,4.698795180722893,0.0,0.0,0.0,0.0,0.0,0.0,0.0,0.0,0.0,0.0,0.0,8.814426254442763,33.2247944,-91.7971096,12,13,111205,C
0.0345517085353279,3.545693878196003,3.539803445770183,84.9017285856309,1.1189009524682256,2.514880952380953,0.0,0.6294642857142857,1.6326530612244898,0.8163265306122449,1.2244897959183672,0.6122448979591838,1.0204081632653064,2.040816326530611,1.020408163265306,2.6530612244897966,1.8367346938775515,2.448979591836735,1.6326530612244905,3.265306122448975,1.836734693877551,1.63265306122449,2.0408163265306127,1.0204081632653064,0.8163265306122449,1.2244897959183676,1.2244897959183676,0.0,0.0,0.0,0.0,0.0,0.0,0.0,0.0,0.0,0.0,0.0,0.0,0.2040816326530612,0.8163265306122447,0.2040816326530612,0.6122448979591837,0.6122448979591832,0.6122448979591837,0.6122448979591837,0.4081632653061225,0.4081632653061225,0.0,0.6122448979591827,0.6122448979591837,0.0,0.6122448979591837,0.2040816326530612,0.6122448979591837,0.0,0.0,0.0,0.0,0.0,0.0,0.0,0.0,0.0,0.0,0.0,0.0,0.0,0.0,0.2040816326530612,0.0,0.4081632653061225,0.0,1.0204081632653057,0.2040816326530612,0.6122448979591838,0.2040816326530612,0.4081632653061225,0.6122448979591838,1.0204081632653046,0.6122448979591838,0.6122448979591838,0.4081632653061225,0.2040816326530612,0.2040816326530612,1.0204081632653064,0.2040816326530612,0.0,0.0,0.0,0.0,0.0,0.0,0.0,0.0,0.0,0.0,0.0,0.0,0.4081632653061225,0.2040816326530612,0.0,0.2040816326530612,0.4081632653061222,0.2040816326530612,0.6122448979591838,1.2244897959183676,0.6122448979591838,0.2040816326530612,1.2244897959183656,0.4081632653061225,0.6122448979591838,0.6122448979591838,0.2040816326530612,0.0,0.2040816326530612,0.6122448979591838,0.0,0.0,0.0,0.0,0.0,0.0,0.0,0.0,0.0,0.0,0.0,12,15824875.20558729,3.813596364567056,2.906871333043324,147,1.6326530612244898,0.8163265306122449,1.2244897959183672,0.6122448979591838,1.0204081632653064,2.040816326530611,1.0204081632653064,2.6530612244897966,1.8367346938775515,2.448979591836735,1.6326530612244905,3.265306122448975,1.8367346938775515,1.6326530612244905,2.0408163265306127,1.0204081632653064,0.8163265306122451,1.2244897959183676,1.2244897959183676,0.0,0.0,0.0,0.0,0.0,0.0,0.0,0.0,0.0,0.0,0.0,5.461804473556973,39.26090325,-121.0237025,12,13,111720,C
0.645064801075184,2.695490111755857,2.672340371677586,87.99302654115202,1.050716373794061,2.893827160493827,0.0,0.4024691358024691,0.1704545454545454,0.1704545454545454,0.0,0.1704545454545455,0.1704545454545455,0.3409090909090907,1.5340909090909094,2.215909090909092,0.8522727272727275,2.7272727272727275,0.6818181818181819,1.704545454545452,1.3636363636363638,4.261363636363638,3.920454545454546,5.284090909090911,0.5113636363636365,0.6818181818181819,2.3863636363636367,0.3409090909090909,0.1704545454545454,0.1704545454545455,0.1704545454545455,0.0,0.0,0.0,0.0,0.0,0.0,0.0,0.0,0.1704545454545454,0.0,0.0,0.0,0.0,0.0,0.340909090909091,0.0,0.681818181818182,0.0,0.1704545454545452,0.0,0.0,0.340909090909091,0.0,0.340909090909091,0.1704545454545455,0.1704545454545455,0.1704545454545455,0.0,0.1704545454545455,0.1704545454545455,0.0,0.0,0.0,0.0,0.0,0.0,0.0,0.0,0.0,0.0,0.1704545454545455,0.1704545454545455,0.0,0.1704545454545455,1.1931818181818186,0.1704545454545455,0.1704545454545455,0.1704545454545455,0.1704545454545452,0.340909090909091,3.238636363636364,2.556818181818182,4.772727272727274,0.0,0.1704545454545455,0.0,0.0,0.0,0.0,0.0,0.0,0.0,0.0,0.0,0.0,0.0,0.0,0.0,0.0,0.0,0.0,0.0,0.0,0.1704545454545455,0.0,0.5113636363636365,0.8522727272727274,0.340909090909091,0.6818181818181809,0.681818181818182,0.8522727272727274,0.681818181818182,0.5113636363636365,0.1704545454545455,0.1704545454545455,2.045454545454546,0.0,0.0,0.0,0.0,0.0,0.0,0.0,0.0,0.0,0.0,0.0,12,10133850.911048446,4.380236299983226,6.338400358425512,176,0.1704545454545454,0.1704545454545454,0.0,0.1704545454545455,0.1704545454545455,0.3409090909090907,1.5340909090909094,2.215909090909092,0.8522727272727274,2.727272727272728,0.681818181818182,1.704545454545452,1.363636363636364,4.261363636363637,3.9204545454545454,5.28409090909091,0.5113636363636365,0.681818181818182,2.386363636363637,0.340909090909091,0.1704545454545455,0.1704545454545455,0.1704545454545455,0.0,0.0,0.0,0.0,0.0,0.0,0.0,8.892914637510337,40.05055,-107.898765,12,12,112187,C
0.797041264725532,2.37621969970959,2.5616194906319327,97.85865719683764,1.1316329750456762,2.88412017167382,0.0,0.6566523605150214,1.5957446808510638,0.3191489361702127,0.957446808510638,0.6382978723404257,0.9574468085106383,1.595744680851063,0.6382978723404257,1.2765957446808514,1.914893617021277,0.9574468085106383,2.2340425531914896,1.9148936170212736,3.510638297872341,5.425531914893617,1.595744680851064,0.6382978723404257,0.3191489361702128,1.914893617021277,1.2765957446808511,0.3191489361702128,0.0,0.0,0.0,0.0,0.0,0.0,0.0,0.0,0.0,0.0,0.0,0.0,0.3191489361702126,0.0,0.6382978723404256,0.6382978723404251,0.0,0.0,0.0,0.3191489361702128,0.0,0.0,0.0,0.0,0.0,0.0,0.0,0.0,0.0,0.0,0.0,0.0,0.0,0.0,0.0,0.0,0.0,0.0,0.0,0.0,0.0,0.3191489361702127,0.6382978723404253,0.6382978723404257,0.3191489361702128,0.3191489361702125,0.6382978723404257,0.3191489361702128,0.9574468085106383,0.3191489361702128,0.0,0.6382978723404246,1.595744680851064,3.5106382978723407,0.6382978723404257,0.0,0.0,0.9574468085106383,0.3191489361702128,0.0,0.0,0.0,0.0,0.0,0.0,0.0,0.0,0.0,0.0,0.0,0.0,0.0,0.0,0.0,0.0,0.6382978723404251,0.0,0.6382978723404257,0.6382978723404257,0.3191489361702128,0.3191489361702128,1.2765957446808494,1.5957446808510642,1.2765957446808514,0.9574468085106383,0.6382978723404257,0.3191489361702128,0.6382978723404257,0.9574468085106383,0.3191489361702128,0.0,0.0,0.0,0.0,0.0,0.0,0.0,0.0,0.0,0.0,12,3849215.811679603,2.442853645602241,5.655163642365136,94,1.5957446808510638,0.3191489361702128,0.957446808510638,0.6382978723404257,0.9574468085106383,1.595744680851063,0.6382978723404257,1.2765957446808514,1.914893617021277,0.9574468085106383,2.23404255319149,1.9148936170212736,3.510638297872341,5.425531914893618,1.595744680851064,0.6382978723404257,0.3191489361702128,1.914893617021277,1.2765957446808514,0.3191489361702128,0.0,0.0,0.0,0.0,0.0,0.0,0.0,0.0,0.0,0.0,5.860945911272745,40.1057615,-104.504027,13,12,112424,C
0.9106954435761412,2.0428474177563403,2.0447500000439778,88.33354491557596,1.0498103938959535,3.0669216061185467,0.0,0.6520076481835564,0.225563909774436,0.112781954887218,0.338345864661654,0.7894736842105263,0.6766917293233085,0.1127819548872179,0.7894736842105264,1.1278195488721807,1.2406015037593987,2.1428571428571432,1.1278195488721807,3.0451127819548827,5.977443609022558,2.819548872180452,1.917293233082707,1.917293233082707,2.819548872180452,1.2406015037593987,1.353383458646617,0.2255639097744361,0.0,0.0,0.0,0.0,0.0,0.0,0.0,0.0,0.0,0.0,0.0,0.112781954887218,0.225563909774436,0.2255639097744361,0.3383458646616541,0.1127819548872179,0.112781954887218,0.112781954887218,0.2255639097744361,0.4511278195488722,0.112781954887218,0.1127819548872178,0.0,0.3383458646616541,0.112781954887218,0.112781954887218,0.0,0.0,0.0,0.0,0.0,0.0,0.0,0.0,0.0,0.0,0.0,0.0,0.0,0.0,0.0,0.0,0.112781954887218,0.5639097744360902,0.2255639097744361,0.0,0.112781954887218,0.5639097744360902,0.4511278195488722,0.4511278195488722,0.2255639097744361,1.3533834586466145,3.609022556390978,1.1278195488721805,0.4511278195488722,0.7894736842105264,2.1428571428571432,0.2255639097744361,0.5639097744360902,0.112781954887218,0.0,0.0,0.0,0.0,0.0,0.0,0.0,0.0,0.0,0.0,0.0,0.0,0.0,0.0,0.112781954887218,0.0,0.2255639097744361,0.112781954887218,0.2255639097744361,0.7894736842105265,0.2255639097744361,0.4511278195488715,1.466165413533835,0.7894736842105265,0.6766917293233083,0.3383458646616541,0.4511278195488722,0.5639097744360902,0.7894736842105265,0.112781954887218,0.0,0.0,0.0,0.0,0.0,0.0,0.0,0.0,0.0,0.0,12,23969895.811792687,3.506043627308681,3.103362743681355,266,0.225563909774436,0.112781954887218,0.338345864661654,0.7894736842105265,0.6766917293233083,0.1127819548872179,0.7894736842105265,1.1278195488721807,1.2406015037593987,2.1428571428571432,1.1278195488721807,3.045112781954883,5.977443609022558,2.819548872180452,1.9172932330827075,1.9172932330827075,2.819548872180452,1.2406015037593987,1.353383458646617,0.2255639097744361,0.0,0.0,0.0,0.0,0.0,0.0,0.0,0.0,0.0,0.0,4.657476600568388,36.618989,-119.32177305,12,13,112452,C
0.6381647633757772,2.7081572684517874,3.0138093609575187,87.63121512095489,1.1083834782714457,2.946745562130177,0.0,0.5769230769230769,0.0,0.0,0.3999999999999999,1.0000000000000002,0.4000000000000001,0.9999999999999996,0.2,2.200000000000001,1.2000000000000002,1.2000000000000004,1.6000000000000003,2.199999999999997,0.8000000000000002,2.0000000000000004,2.2000000000000006,3.8000000000000016,1.4000000000000006,1.6000000000000003,4.800000000000001,1.8000000000000005,0.2,0.0,0.0,0.0,0.0,0.0,0.0,0.0,0.0,0.0,0.0,0.0,0.3999999999999999,0.2,0.2,0.3999999999999998,0.0,0.6000000000000001,0.6000000000000001,0.2,0.4000000000000001,0.1999999999999997,0.0,0.4000000000000001,0.0,0.0,0.0,0.2,0.0,0.0,0.0,0.0,0.0,0.0,0.0,0.0,0.0,0.0,0.0,0.0,0.0,0.0,0.0,0.6000000000000001,0.2,0.3999999999999998,0.2,1.4000000000000006,0.6000000000000001,0.2,0.4000000000000001,0.3999999999999994,0.2,0.6000000000000001,1.2000000000000002,2.800000000000001,0.8000000000000003,0.4000000000000001,3.800000000000001,1.0000000000000002,0.0,0.0,0.0,0.0,0.0,0.0,0.0,0.0,0.0,0.0,0.0,0.0,0.0,0.2,0.0,0.1999999999999999,0.0,0.2,0.0,0.8000000000000003,0.4000000000000001,0.7999999999999989,0.6000000000000001,0.8000000000000003,0.8000000000000003,0.2,0.2,0.4000000000000001,0.2,0.4000000000000001,0.2,0.0,0.0,0.0,0.0,0.0,0.0,0.0,0.0,0.0,12,9765149.848610334,3.6674099118513994,3.020462103423488,150,0.0,0.0,0.3999999999999999,1.0000000000000002,0.4000000000000001,0.9999999999999994,0.2,2.2,1.2000000000000002,1.2000000000000002,1.6000000000000003,2.199999999999997,0.8000000000000002,2.0000000000000004,2.2,3.8000000000000007,1.4000000000000004,1.6000000000000003,4.800000000000001,1.8000000000000005,0.2,0.0,0.0,0.0,0.0,0.0,0.0,0.0,0.0,0.0,6.082519522065887,38.1615715,-107.7524565,12,13,112747,C
0.6770245062794166,2.635143905706968,2.840291956547873,120.63097449873014,1.074064613148654,3.125748502994012,0.0,0.5688622754491018,0.0,0.3448275862068966,0.6896551724137929,0.3448275862068967,0.0,0.3448275862068963,0.3448275862068967,1.3793103448275867,3.1034482758620703,5.862068965517244,3.793103448275863,2.758620689655169,0.6896551724137933,0.6896551724137934,3.1034482758620694,3.448275862068966,1.3793103448275867,0.6896551724137933,1.03448275862069,0.0,0.0,0.0,0.0,0.0,0.0,0.0,0.0,0.0,0.0,0.0,0.0,0.0,0.0,0.0,0.0,0.0,0.0,0.0,0.0,0.3448275862068966,0.0,0.0,0.0,0.0,0.0,0.0,0.0,0.0,0.0,0.0,0.0,0.0,0.0,0.0,0.0,0.0,0.0,0.0,0.0,0.0,0.0,0.3448275862068966,0.3448275862068964,0.3448275862068967,0.0,0.3448275862068963,0.3448275862068967,0.6896551724137934,0.6896551724137934,3.793103448275863,2.0689655172413794,0.6896551724137922,0.0,0.3448275862068967,1.724137931034483,0.6896551724137934,0.3448275862068967,0.0,0.3448275862068967,0.0,0.0,0.0,0.0,0.0,0.0,0.0,0.0,0.0,0.0,0.0,0.0,0.0,0.3448275862068965,0.0,0.0,0.0,0.0,0.6896551724137933,2.06896551724138,0.6896551724137933,1.724137931034483,1.0344827586206884,0.6896551724137933,0.0,1.3793103448275863,0.3448275862068966,0.3448275862068966,0.6896551724137933,0.6896551724137933,0.0,0.0,0.0,0.0,0.0,0.0,0.0,0.0,0.0,0.0,0.0,12,6267508.616960855,3.1889951601158826,2.8254114519129505,87,0.0,0.3448275862068966,0.6896551724137929,0.3448275862068966,0.0,0.3448275862068963,0.3448275862068966,1.3793103448275863,3.10344827586207,5.862068965517243,3.793103448275863,2.7586206896551686,0.6896551724137933,0.6896551724137933,3.10344827586207,3.448275862068966,1.3793103448275863,0.6896551724137933,1.0344827586206895,0.0,0.0,0.0,0.0,0.0,0.0,0.0,0.0,0.0,0.0,0.0,3.0706086493714504,49.6317773,-102.27399375,12,13,11295516,C
0.7984645557582444,2.372741528650004,2.6893264134335686,117.53426626986769,1.0283826481152485,3.1868852459016392,0.0,0.521311475409836,0.0,0.3409090909090909,0.1704545454545454,0.5113636363636365,0.340909090909091,0.6818181818181814,1.363636363636364,1.1931818181818186,1.5340909090909096,3.238636363636364,2.7272727272727275,2.897727272727269,1.8750000000000004,2.045454545454546,5.454545454545455,2.897727272727274,1.022727272727273,1.022727272727273,0.6818181818181821,0.0,0.0,0.0,0.0,0.0,0.0,0.0,0.0,0.0,0.0,0.0,0.0,0.0,0.0,0.1704545454545455,0.0,0.1704545454545453,0.0,0.0,0.1704545454545455,0.0,0.0,0.1704545454545452,0.0,0.0,0.0,0.0,0.0,0.0,0.0,0.0,0.0,0.0,0.0,0.0,0.0,0.0,0.0,0.0,0.0,0.0,0.0,0.0,0.0,0.1704545454545455,0.0,0.1704545454545453,0.1704545454545455,0.1704545454545455,0.0,0.5113636363636365,0.1704545454545455,1.8749999999999971,0.1704545454545455,1.022727272727273,4.090909090909092,2.386363636363637,0.1704545454545455,0.1704545454545455,0.340909090909091,0.0,0.0,0.0,0.0,0.0,0.0,0.0,0.0,0.0,0.0,0.0,0.0,0.3409090909090909,0.0,0.0,0.0,0.3409090909090907,0.1704545454545455,0.5113636363636365,0.1704545454545455,0.8522727272727274,1.5340909090909094,0.1704545454545452,1.022727272727273,0.6818181818181821,0.6818181818181821,0.340909090909091,0.8522727272727274,0.8522727272727274,0.340909090909091,0.0,0.0,0.0,0.0,0.0,0.0,0.0,0.0,0.0,0.0,0.0,12,20977374.574688274,3.313871781681664,3.509481541879999,176,0.0,0.3409090909090909,0.1704545454545454,0.5113636363636365,0.340909090909091,0.6818181818181814,1.363636363636364,1.1931818181818186,1.5340909090909094,3.238636363636364,2.727272727272728,2.8977272727272685,1.875,2.045454545454546,5.454545454545456,2.8977272727272734,1.022727272727273,1.022727272727273,0.681818181818182,0.0,0.0,0.0,0.0,0.0,0.0,0.0,0.0,0.0,0.0,0.0,7.49541649169337,50.14476615,-101.6642597,12,12,11295543,C
0.138845703340759,3.4257088230032524,3.394651011860205,62.96620041276387,1.122899567648586,2.7312925170068025,0.0,0.6972789115646258,0.6382978723404256,0.9574468085106383,0.7978723404255317,1.436170212765958,0.6382978723404257,0.7978723404255316,1.2765957446808514,1.2765957446808514,1.2765957446808514,4.148936170212767,2.712765957446809,2.234042553191486,2.23404255319149,2.712765957446809,0.9574468085106388,1.436170212765958,1.7553191489361708,1.436170212765958,0.4787234042553193,0.1595744680851064,0.1595744680851064,0.3191489361702129,0.1595744680851064,0.0,0.0,0.0,0.0,0.0,0.0,0.0,0.1595744680851064,0.4787234042553192,0.3191489361702126,0.6382978723404257,0.3191489361702128,0.7978723404255316,0.6382978723404257,0.6382978723404257,0.7978723404255321,1.5957446808510642,1.436170212765958,1.117021276595743,1.2765957446808514,1.436170212765958,0.4787234042553193,0.3191489361702128,0.3191489361702128,0.3191489361702128,0.1595744680851064,0.0,0.0,0.1595744680851064,0.1595744680851064,0.0,0.0,0.0,0.0,0.0,0.0,0.0,0.4787234042553192,0.4787234042553192,0.1595744680851063,0.6382978723404258,0.0,0.0,0.3191489361702129,0.4787234042553193,0.1595744680851064,0.7978723404255321,0.4787234042553193,0.1595744680851061,0.6382978723404258,0.3191489361702129,0.1595744680851064,0.3191489361702129,0.6382978723404258,0.4787234042553193,0.3191489361702129,0.0,0.0,0.1595744680851064,0.0,0.0,0.0,0.0,0.0,0.0,0.0,0.0,0.0,0.0,0.3191489361702127,0.1595744680851064,0.1595744680851064,0.0,0.1595744680851064,0.1595744680851064,0.1595744680851064,0.0,0.1595744680851064,0.1595744680851061,0.3191489361702128,0.7978723404255321,0.3191489361702128,0.6382978723404257,0.4787234042553192,0.3191489361702128,0.0,0.1595744680851064,0.1595744680851064,0.0,0.0,0.0,0.0,0.0,0.0,0.0,0.0,0.0,12,6760501.000649826,3.8374754109689966,2.7031968075009063,188,0.6382978723404256,0.9574468085106383,0.7978723404255318,1.4361702127659577,0.6382978723404257,0.7978723404255315,1.2765957446808514,1.2765957446808514,1.2765957446808514,4.148936170212767,2.712765957446809,2.234042553191486,2.23404255319149,2.712765957446809,0.9574468085106383,1.4361702127659577,1.7553191489361706,1.4361702127659577,0.4787234042553192,0.1595744680851064,0.1595744680851064,0.3191489361702128,0.1595744680851064,0.0,0.0,0.0,0.0,0.0,0.0,0.0,5.737599393143673,50.10184025,2.8562111000000003,12,13,1135472,C
0.0378703650100272,3.5419787895714787,3.4904451752520083,72.55769470699504,1.0705166818464409,2.2148760330578514,0.0,0.5640495867768595,0.0,1.25,0.6249999999999998,1.2500000000000002,1.2500000000000002,2.4999999999999982,1.2500000000000002,1.8750000000000009,1.2500000000000004,2.5000000000000004,10.000000000000002,1.8749999999999971,1.2500000000000004,2.500000000000001,0.0,0.6250000000000002,0.0,0.0,0.0,0.0,0.0,0.0,0.0,0.0,0.0,0.0,0.0,0.0,0.0,0.0,0.0,0.625,0.0,0.0,0.0,0.6249999999999997,1.2500000000000002,0.0,0.0,0.6250000000000001,0.6250000000000001,0.0,0.0,0.0,0.0,0.0,0.0,0.0,0.0,0.0,0.0,0.0,0.0,0.0,0.0,0.0,0.0,0.0,0.0,0.0,0.0,0.6249999999999999,0.6249999999999998,0.6250000000000001,1.2500000000000002,0.6249999999999996,0.0,0.6250000000000001,0.0,0.6250000000000001,1.875,0.6249999999999991,0.0,0.6250000000000001,0.0,0.0,0.0,0.0,0.0,0.0,0.0,0.0,0.0,0.0,0.0,0.0,0.0,0.0,0.0,0.0,0.0,0.0,0.0,0.0,0.0,0.6249999999999997,0.0,0.6250000000000002,0.6250000000000002,0.0,1.8750000000000004,0.0,1.2500000000000004,1.2500000000000004,0.0,0.0,0.0,0.0,0.0,0.0,0.0,0.0,0.0,0.0,0.0,0.0,0.0,0.0,0.0,0.0,12,16938141.02773019,3.483281201611273,4.556505795923702,48,0.0,1.25,0.6249999999999999,1.2500000000000002,1.2500000000000002,2.4999999999999987,1.2500000000000002,1.875,1.2500000000000002,2.5000000000000004,10.000000000000002,1.8749999999999971,1.2500000000000002,2.5000000000000004,0.0,0.6250000000000001,0.0,0.0,0.0,0.0,0.0,0.0,0.0,0.0,0.0,0.0,0.0,0.0,0.0,0.0,7.132675291647776,48.9813575,7.88052925,12,12,1140870,C
0.1794297398266606,3.3770656250436546,3.3882044431990543,80.4800350047368,1.1126227933347184,2.5221932114882506,0.0,0.7493472584856397,1.0588235294117647,0.7058823529411765,1.0588235294117645,1.0588235294117647,1.058823529411765,1.411764705882352,2.8235294117647065,1.058823529411765,1.7647058823529416,3.176470588235295,0.3529411764705883,2.1176470588235263,1.4117647058823533,2.8235294117647065,1.4117647058823533,1.058823529411765,1.411764705882353,1.7647058823529411,0.7058823529411766,0.3529411764705883,0.3529411764705883,0.0,0.0,0.0,0.0,0.3529411764705883,0.7058823529411766,0.0,0.0,0.0,0.3529411764705882,0.7058823529411765,0.0,0.0,0.3529411764705883,1.058823529411764,2.11764705882353,0.7058823529411766,0.7058823529411766,0.7058823529411766,0.0,0.3529411764705877,0.0,0.7058823529411766,0.0,0.0,0.3529411764705883,0.0,0.0,0.0,0.0,0.0,0.0,0.0,0.0,0.0,0.7058823529411766,0.0,0.0,0.0,0.7058823529411765,0.0,0.0,1.0588235294117647,0.7058823529411766,0.352941176470588,0.7058823529411766,0.3529411764705883,0.3529411764705883,0.7058823529411766,0.3529411764705883,0.3529411764705877,0.3529411764705883,1.4117647058823533,1.4117647058823533,0.7058823529411766,1.0588235294117647,1.7647058823529411,0.3529411764705883,0.3529411764705883,0.3529411764705883,0.0,0.0,0.0,0.0,0.3529411764705883,0.0,0.0,0.0,0.0,0.0,0.0,0.7058823529411763,0.0,0.0,0.0,0.0,0.0,0.7058823529411766,1.0588235294117647,0.0,0.7058823529411754,0.3529411764705883,0.3529411764705883,0.0,0.3529411764705883,0.0,0.0,0.0,0.0,0.0,0.0,0.0,0.0,0.0,0.0,0.0,0.0,0.0,0.0,12,3292950.871611698,3.5696070491448046,5.288102511750592,85,1.0588235294117647,0.7058823529411765,1.0588235294117645,1.058823529411765,1.058823529411765,1.411764705882352,2.8235294117647065,1.058823529411765,1.7647058823529416,3.176470588235295,0.3529411764705883,2.1176470588235263,1.4117647058823533,2.8235294117647065,1.4117647058823533,1.058823529411765,1.4117647058823533,1.7647058823529416,0.7058823529411766,0.3529411764705883,0.3529411764705883,0.0,0.0,0.0,0.0,0.3529411764705883,0.7058823529411766,0.0,0.0,0.0,7.977089870780728,49.8621715,2.21911495,12,12,114380,C
0.1540317462399374,3.4076441851717205,3.18659731697288,114.10088058966237,1.0503334654289431,2.647398843930636,0.0,0.6763005780346821,0.6122448979591836,1.2244897959183672,3.0612244897959178,2.448979591836736,2.448979591836735,1.2244897959183665,2.448979591836735,2.448979591836735,1.8367346938775515,1.8367346938775515,1.2244897959183678,1.2244897959183656,1.2244897959183678,1.2244897959183678,1.2244897959183678,0.6122448979591839,0.0,1.8367346938775515,0.6122448979591838,0.6122448979591839,0.0,0.0,0.6122448979591839,0.0,0.0,0.0,0.0,0.0,0.0,0.0,0.6122448979591836,1.2244897959183672,0.6122448979591835,1.2244897959183676,1.8367346938775515,1.2244897959183665,2.448979591836735,2.448979591836735,1.2244897959183676,0.6122448979591838,0.6122448979591838,0.6122448979591827,0.6122448979591838,0.0,0.6122448979591838,0.0,0.0,1.2244897959183676,0.0,0.0,0.0,0.0,0.0,0.0,0.0,0.0,0.0,0.0,0.0,0.0,0.0,0.0,0.6122448979591835,0.0,0.6122448979591839,0.0,0.0,0.0,0.0,0.0,0.0,0.0,0.6122448979591839,0.0,0.0,0.0,0.0,0.0,0.0,0.6122448979591839,0.0,0.0,0.6122448979591839,0.0,0.0,0.0,0.0,0.0,0.0,0.0,0.0,0.0,1.8367346938775504,1.2244897959183678,0.0,0.0,0.0,0.0,0.0,0.6122448979591839,0.6122448979591839,0.0,0.0,0.6122448979591839,0.6122448979591839,0.6122448979591839,0.0,0.0,0.0,0.0,0.0,0.0,0.0,0.0,0.0,0.0,0.0,0.0,0.0,0.0,12,708167.034723643,3.07122291630134,3.0198958296251948,49,0.6122448979591837,1.2244897959183674,3.0612244897959178,2.448979591836735,2.448979591836735,1.2244897959183667,2.448979591836735,2.448979591836735,1.8367346938775515,1.8367346938775515,1.2244897959183676,1.2244897959183656,1.2244897959183676,1.2244897959183676,1.2244897959183676,0.6122448979591838,0.0,1.8367346938775515,0.6122448979591838,0.6122448979591838,0.0,0.0,0.6122448979591838,0.0,0.0,0.0,0.0,0.0,0.0,0.0,4.984940268060679,50.33546245,2.9296292,12,13,1160506,C
0.4448912496341718,3.023633541181418,2.9264801989602174,108.73850126292076,1.08770447260216,2.6666666666666665,0.0,0.6666666666666666,0.5357142857142857,0.0,0.0,0.0,0.0,2.678571428571427,1.6071428571428577,1.0714285714285716,2.6785714285714293,4.285714285714287,3.750000000000001,1.6071428571428548,1.6071428571428577,1.6071428571428577,1.6071428571428574,3.214285714285715,1.6071428571428572,1.0714285714285716,1.0714285714285716,0.0,0.0,0.0,0.0,0.0,0.0,0.0,0.0,0.0,0.0,0.0,0.5357142857142857,0.0,0.0,0.0,0.0,0.5357142857142854,0.5357142857142859,0.5357142857142859,1.0714285714285718,1.6071428571428574,0.5357142857142859,0.0,0.0,0.0,0.0,0.0,0.0,0.0,0.0,0.0,0.0,0.0,0.0,0.0,0.0,0.0,0.0,0.0,0.0,0.0,0.0,0.0,0.0,0.0,0.0,2.142857142857141,0.0,0.0,0.5357142857142858,0.0,1.0714285714285716,0.5357142857142849,0.5357142857142858,0.0,0.5357142857142858,1.6071428571428572,0.0,0.5357142857142858,1.0714285714285716,0.0,0.0,0.0,0.0,0.0,0.0,0.0,0.0,0.0,0.0,0.0,0.0,0.0,0.0,0.0,0.0,0.0,1.0714285714285716,0.5357142857142858,1.0714285714285716,0.5357142857142858,0.0,0.0,0.5357142857142858,1.0714285714285716,1.0714285714285716,1.0714285714285716,1.6071428571428572,0.5357142857142858,0.0,0.0,0.0,0.0,0.0,0.0,0.0,0.0,0.0,0.0,0.0,0.0,12,8041506.937703627,4.118946264136583,3.026624862045748,56,0.5357142857142857,0.0,0.0,0.0,0.0,2.678571428571427,1.6071428571428574,1.0714285714285716,2.6785714285714293,4.285714285714287,3.750000000000001,1.6071428571428548,1.6071428571428574,1.6071428571428574,1.6071428571428574,3.214285714285715,1.6071428571428574,1.0714285714285716,1.0714285714285716,0.0,0.0,0.0,0.0,0.0,0.0,0.0,0.0,0.0,0.0,0.0,5.560968683410655,44.94258915,-65.07315955,12,13,11605741,C
0.0442569248127004,3.534811245274276,3.476377305528436,107.10627592932998,1.086786280286841,2.556962025316456,0.0,0.729957805907173,0.4761904761904761,0.4761904761904761,0.952380952380952,1.4285714285714288,1.4285714285714288,3.333333333333331,1.4285714285714288,1.4285714285714288,1.904761904761905,1.904761904761905,1.904761904761905,5.238095238095229,1.904761904761905,0.9523809523809526,1.4285714285714288,1.4285714285714288,0.9523809523809526,0.9523809523809526,0.4761904761904763,0.0,0.0,0.0,0.0,0.0,0.0,0.0,0.0,0.0,0.0,0.0,0.0,0.0,0.952380952380952,0.4761904761904763,0.0,0.4761904761904758,0.4761904761904763,0.9523809523809528,1.904761904761905,0.9523809523809528,1.4285714285714288,2.380952380952377,0.4761904761904763,0.0,0.4761904761904763,0.9523809523809528,0.4761904761904763,0.0,0.0,0.0,0.0,0.0,0.0,0.0,0.0,0.0,0.0,0.0,0.0,0.0,0.0,0.0,0.0,0.9523809523809526,0.4761904761904763,0.9523809523809518,0.0,0.4761904761904763,0.0,0.0,0.4761904761904763,0.0,0.4761904761904763,0.0,0.0,0.0,0.0,0.0,0.0,0.0,0.0,0.0,0.0,0.0,0.0,0.0,0.0,0.0,0.0,0.0,0.0,0.4761904761904761,0.0,0.0,0.4761904761904763,1.9047619047619035,0.9523809523809526,0.0,0.0,0.0,0.0,0.4761904761904754,0.9523809523809526,0.0,0.0,0.0,0.4761904761904763,0.4761904761904763,0.4761904761904763,0.0,0.0,0.0,0.0,0.0,0.0,0.0,0.0,0.0,0.0,0.0,12,6255494.419879844,2.9048240909371525,3.405355090802652,63,0.4761904761904761,0.4761904761904761,0.952380952380952,1.4285714285714288,1.4285714285714288,3.3333333333333317,1.4285714285714288,1.4285714285714288,1.904761904761905,1.904761904761905,1.904761904761905,5.238095238095231,1.904761904761905,0.9523809523809528,1.4285714285714288,1.4285714285714288,0.9523809523809528,0.9523809523809528,0.4761904761904763,0.0,0.0,0.0,0.0,0.0,0.0,0.0,0.0,0.0,0.0,0.0,5.063312139026629,49.16565945,6.8675794,12,12,1162679,C
0.0888442452819272,3.484089446810353,3.382554694702185,83.55477646017279,1.0467827053250185,2.5893719806763285,0.0,0.8260869565217391,0.5084745762711864,0.0,0.5084745762711863,0.5084745762711865,0.5084745762711865,0.5084745762711862,1.016949152542373,3.050847457627119,2.033898305084746,2.033898305084746,1.016949152542373,1.5254237288135573,2.033898305084746,3.559322033898306,2.033898305084746,4.067796610169492,1.016949152542373,1.5254237288135597,1.016949152542373,0.5084745762711865,0.0,0.0,0.5084745762711865,0.508474576271185,0.0,0.0,0.0,0.0,0.0,0.0,0.0,0.0,0.5084745762711863,0.5084745762711865,0.0,0.0,0.0,0.5084745762711865,0.0,1.016949152542373,0.0,0.5084745762711858,0.5084745762711865,1.5254237288135597,0.5084745762711865,0.5084745762711865,0.5084745762711865,0.5084745762711865,1.016949152542373,0.0,0.0,0.0,0.5084745762711865,0.0,0.0,0.0,0.0,0.0,0.0,0.0,0.5084745762711864,0.0,0.0,0.0,0.0,0.0,0.0,2.033898305084746,0.0,0.5084745762711865,0.0,0.0,1.016949152542373,0.5084745762711865,0.0,0.5084745762711865,0.0,0.5084745762711865,0.0,0.0,0.0,0.0,0.0,0.0,0.0,0.0,0.0,0.0,0.0,0.0,0.0,0.0,0.0,0.0,0.5084745762711865,0.5084745762711862,0.5084745762711865,0.5084745762711865,2.033898305084746,0.0,0.0,0.5084745762711858,0.5084745762711865,1.016949152542373,1.5254237288135597,2.033898305084746,0.5084745762711865,0.5084745762711865,0.0,0.5084745762711865,0.0,0.0,0.0,0.0,0.0,0.0,0.0,0.0,0.0,0.0,12,1799312.41554645,2.7091395980222157,2.3112856633512417,59,0.5084745762711864,0.0,0.5084745762711863,0.5084745762711865,0.5084745762711865,0.5084745762711861,1.016949152542373,3.050847457627119,2.033898305084746,2.033898305084746,1.016949152542373,1.5254237288135573,2.033898305084746,3.5593220338983063,2.033898305084746,4.067796610169492,1.016949152542373,1.5254237288135597,1.016949152542373,0.5084745762711865,0.0,0.0,0.5084745762711865,0.5084745762711849,0.0,0.0,0.0,0.0,0.0,0.0,2.67285005348563,49.1674153,6.7139901,12,13,1162684,C
0.1583857622496829,3.402434990738924,3.119239748910972,129.64515867576532,1.0765430728971308,2.632911392405063,0.0,0.620253164556962,0.0,0.0,0.0,0.0,2.5000000000000004,1.2499999999999991,1.2500000000000002,1.2500000000000002,2.5000000000000004,1.2500000000000004,2.5000000000000004,1.2499999999999982,2.500000000000001,0.0,2.500000000000001,1.2500000000000002,2.5000000000000004,3.750000000000001,1.2500000000000004,0.0,1.2500000000000004,0.0,0.0,0.0,1.2500000000000004,0.0,0.0,0.0,0.0,0.0,0.0,0.0,0.0,0.0,2.5000000000000004,0.0,1.2500000000000002,0.0,0.0,0.0,0.0,0.0,0.0,0.0,0.0,0.0,1.2500000000000002,2.5000000000000004,0.0,0.0,0.0,0.0,0.0,0.0,0.0,0.0,0.0,0.0,0.0,0.0,0.0,0.0,0.0,0.0,0.0,1.2499999999999991,0.0,0.0,0.0,1.2500000000000004,0.0,0.0,2.500000000000001,0.0,2.500000000000001,0.0,0.0,1.2500000000000004,1.2500000000000004,0.0,1.2500000000000004,0.0,0.0,0.0,1.2500000000000004,0.0,0.0,0.0,0.0,0.0,0.0,0.0,0.0,0.0,0.0,0.0,0.0,1.2500000000000002,1.2500000000000002,0.0,1.2500000000000002,1.2499999999999982,0.0,0.0,0.0,0.0,0.0,0.0,0.0,0.0,0.0,0.0,0.0,0.0,0.0,0.0,0.0,0.0,0.0,0.0,12,459446.0224850066,2.299236068699509,3.339886313321011,24,0.0,0.0,0.0,0.0,2.5000000000000004,1.2499999999999991,1.2500000000000002,1.2500000000000002,2.5000000000000004,1.2500000000000002,2.5000000000000004,1.2499999999999982,2.5000000000000004,0.0,2.5000000000000004,1.2500000000000002,2.5000000000000004,3.75,1.2500000000000002,0.0,1.2500000000000002,0.0,0.0,0.0,1.2500000000000002,0.0,0.0,0.0,0.0,0.0,3.9890242288953663,50.3314454,2.63923235,13,12,1166394,C
0.1155518498609327,3.4531113759893213,3.504214888294724,78.09464059092089,1.0785197708871326,2.6789473684210527,0.0,0.6342105263157894,1.0,3.0,1.0,1.7500000000000004,1.0000000000000002,0.7499999999999996,0.5000000000000001,2.5000000000000004,1.7500000000000004,4.250000000000001,1.0000000000000002,1.4999999999999978,1.2500000000000002,3.0000000000000004,1.5000000000000004,2.0000000000000004,0.7500000000000002,0.25,0.25,0.25,0.25,0.0,0.0,0.0,0.25,0.25,0.0,0.0,0.0,0.0,0.0,1.7499999999999998,0.7499999999999999,1.0000000000000002,0.7500000000000001,0.2499999999999998,0.5000000000000001,2.0000000000000004,1.2500000000000002,1.2500000000000002,0.5000000000000001,0.2499999999999996,1.0000000000000002,1.0000000000000002,0.7500000000000001,1.0000000000000002,0.5000000000000001,0.0,0.25,0.0,0.0,0.0,0.0,0.0,0.25,0.25,0.0,0.0,0.0,0.0,0.5,0.75,0.2499999999999999,0.5000000000000001,0.0,0.2499999999999999,0.0,0.25,0.5000000000000001,0.7500000000000001,0.0,0.4999999999999993,0.25,0.5000000000000001,0.25,0.25,0.0,0.25,0.0,0.0,0.25,0.0,0.0,0.0,0.0,0.0,0.0,0.0,0.0,0.0,0.0,0.0,0.0,0.0,0.25,0.0,0.0,0.0,0.0,0.0,0.0,0.2499999999999996,0.0,0.5000000000000001,0.5000000000000001,0.25,0.25,0.0,0.0,0.0,0.0,0.0,0.0,0.0,0.0,0.0,0.0,0.0,0.0,0.0,12,11374816.160378654,3.53619575800281,3.8446248935929033,120,1.0,3.0,0.9999999999999998,1.7500000000000004,1.0000000000000002,0.7499999999999996,0.5000000000000001,2.5000000000000004,1.7500000000000004,4.250000000000001,1.0000000000000002,1.4999999999999978,1.2500000000000002,3.0000000000000004,1.5000000000000002,2.0000000000000004,0.7500000000000001,0.25,0.25,0.25,0.25,0.0,0.0,0.0,0.25,0.25,0.0,0.0,0.0,0.0,7.431798108808173,46.1580771,3.39354965,12,12,117108,C
0.6312114470891415,2.720800633794108,2.7592077269271265,130.6770626157476,1.0695461925638032,2.498360655737705,0.0,0.6721311475409836,0.4285714285714285,0.0,0.0,1.7142857142857144,0.8571428571428572,1.714285714285713,1.7142857142857144,1.7142857142857144,1.285714285714286,0.8571428571428574,2.1428571428571432,1.7142857142857115,2.1428571428571432,1.285714285714286,3.000000000000001,4.285714285714287,1.285714285714286,1.285714285714286,1.7142857142857146,0.4285714285714287,0.4285714285714287,0.0,0.0,0.0,0.0,0.0,0.0,0.0,0.0,0.0,0.0,0.0,0.0,0.0,0.4285714285714286,0.0,0.4285714285714286,1.2857142857142858,0.8571428571428573,0.0,0.0,0.0,0.0,0.0,0.0,0.4285714285714286,0.0,0.4285714285714286,0.4285714285714286,0.0,0.0,0.0,0.0,0.0,0.0,0.0,0.0,0.0,0.0,0.0,0.0,0.0,0.0,1.7142857142857144,0.4285714285714286,0.8571428571428565,1.2857142857142858,0.4285714285714286,0.0,0.0,0.8571428571428572,0.0,0.0,0.0,0.8571428571428572,0.8571428571428572,0.0,0.0,0.4285714285714286,0.0,0.0,0.0,0.0,0.0,0.0,0.0,0.0,0.0,0.0,0.0,0.0,0.0,0.0,0.0,0.0,0.8571428571428567,0.0,0.0,0.0,0.8571428571428574,1.285714285714286,0.428571428571428,0.4285714285714287,0.4285714285714287,1.7142857142857149,2.1428571428571432,0.8571428571428574,0.4285714285714287,0.8571428571428574,0.4285714285714287,0.4285714285714287,0.0,0.0,0.0,0.0,0.0,0.0,0.0,0.0,0.0,12,5470364.6071677925,4.489686869498808,3.241068430641899,70,0.4285714285714285,0.0,0.0,1.7142857142857146,0.8571428571428573,1.7142857142857133,1.7142857142857146,1.7142857142857146,1.2857142857142858,0.8571428571428573,2.1428571428571432,1.7142857142857115,2.1428571428571432,1.2857142857142858,3.000000000000001,4.285714285714287,1.2857142857142858,1.2857142857142858,1.7142857142857146,0.4285714285714286,0.4285714285714286,0.0,0.0,0.0,0.0,0.0,0.0,0.0,0.0,0.0,9.657694207952172,34.188970999999995,-88.7198037,12,13,11768947,C
0.683538324066856,2.622483285214527,2.8305377299780243,124.9186722642738,1.076472135991872,3.308176100628931,0.0,0.5534591194968553,0.0,0.3092783505154639,0.9278350515463916,1.237113402061856,0.309278350515464,0.3092783505154637,1.2371134020618555,1.2371134020618555,1.855670103092784,1.855670103092784,2.164948453608248,2.474226804123708,2.783505154639175,2.783505154639176,4.948453608247424,2.783505154639176,1.2371134020618555,0.3092783505154639,0.9278350515463918,0.3092783505154639,0.0,0.0,0.0,0.0,0.0,0.0,0.0,0.0,0.0,0.0,0.0,0.0,0.3092783505154639,0.618556701030928,0.0,0.0,0.0,0.0,0.0,0.0,0.0,0.0,0.0,0.0,0.0,0.0,0.0,0.0,0.0,0.0,0.0,0.0,0.0,0.0,0.0,0.0,0.0,0.0,0.0,0.0,0.0,0.3092783505154639,0.3092783505154638,0.618556701030928,0.309278350515464,0.0,0.309278350515464,0.0,0.0,1.54639175257732,0.309278350515464,1.855670103092781,0.9278350515463918,1.237113402061856,3.09278350515464,2.164948453608248,0.309278350515464,0.0,0.0,0.0,0.0,0.0,0.0,0.0,0.0,0.0,0.0,0.0,0.0,0.0,0.0,0.0,0.3092783505154638,0.0,0.0,0.3092783505154637,0.6185567010309279,0.6185567010309279,0.6185567010309279,0.0,0.6185567010309279,0.0,0.9278350515463918,0.6185567010309279,0.9278350515463918,0.6185567010309279,0.9278350515463918,0.3092783505154639,0.9278350515463918,0.3092783505154639,0.0,0.0,0.0,0.0,0.0,0.0,0.0,0.0,0.0,0.0,12,5796367.840682649,3.854392430598848,2.938421308078454,97,0.0,0.3092783505154639,0.9278350515463916,1.237113402061856,0.309278350515464,0.3092783505154637,1.237113402061856,1.237113402061856,1.855670103092784,1.855670103092784,2.164948453608248,2.474226804123708,2.783505154639176,2.783505154639176,4.948453608247424,2.783505154639176,1.237113402061856,0.309278350515464,0.927835051546392,0.309278350515464,0.0,0.0,0.0,0.0,0.0,0.0,0.0,0.0,0.0,0.0,3.682952990079408,51.2587533,-105.98319255,12,13,11847550,C
0.8659941503099255,2.1906176713483783,2.632371210485278,103.23483154462316,1.0879226413153236,3.185185185185185,0.0,0.3858024691358024,0.1578947368421052,1.5789473684210529,1.5789473684210524,1.578947368421053,2.052631578947369,1.2631578947368414,2.526315789473685,3.473684210526317,2.2105263157894743,0.947368421052632,2.0526315789473686,0.4736842105263151,0.9473684210526316,1.4210526315789476,2.052631578947369,0.4736842105263159,0.6315789473684211,0.7894736842105265,3.631578947368421,0.1578947368421053,0.0,0.0,0.0,0.0,0.0,0.0,0.0,0.0,0.0,0.0,0.1578947368421052,0.1578947368421052,0.4736842105263157,0.7894736842105265,0.7894736842105265,0.6315789473684207,0.1578947368421053,0.3157894736842106,0.3157894736842106,0.0,0.0,0.0,0.0,0.0,0.1578947368421053,0.1578947368421053,0.1578947368421053,0.3157894736842106,0.6315789473684212,0.0,0.0,0.0,0.0,0.0,0.0,0.0,0.0,0.0,0.0,0.0,0.0,1.4210526315789471,1.1052631578947367,0.6315789473684212,1.1052631578947372,0.3157894736842103,0.6315789473684212,0.4736842105263159,0.6315789473684212,0.3157894736842106,0.1578947368421053,0.0,0.1578947368421053,0.1578947368421053,0.1578947368421053,0.0,0.0,0.1578947368421053,0.1578947368421053,0.0,0.0,0.0,0.0,0.0,0.0,0.0,0.0,0.0,0.0,0.0,0.0,0.0,0.0,0.1578947368421052,0.1578947368421052,0.0,0.0,0.6315789473684211,0.1578947368421052,0.3157894736842105,1.105263157894737,0.4736842105263151,0.7894736842105264,1.105263157894737,1.5789473684210529,0.3157894736842105,0.4736842105263158,0.1578947368421052,0.9473684210526316,0.0,0.0,0.0,0.0,0.0,0.0,0.0,0.0,0.0,0.0,0.0,12,18958617.23132401,2.7373518842691555,3.193030342081329,190,0.1578947368421052,1.5789473684210529,1.5789473684210524,1.5789473684210529,2.052631578947369,1.2631578947368414,2.526315789473685,3.4736842105263164,2.2105263157894743,0.9473684210526316,2.052631578947369,0.4736842105263151,0.9473684210526316,1.4210526315789476,2.052631578947369,0.4736842105263159,0.6315789473684212,0.7894736842105264,3.6315789473684217,0.1578947368421053,0.0,0.0,0.0,0.0,0.0,0.0,0.0,0.0,0.0,0.0,6.151949963494257,49.3518447,-97.3695002,12,12,11904739,C
0.2363185743834902,3.306807319374899,3.1136973266585133,82.47253708444079,1.0506360104677743,2.1563517915309447,0.0,0.4788273615635179,0.0,1.25,0.0,0.0,0.0,1.2499999999999991,2.500000000000001,2.500000000000001,1.2500000000000004,2.500000000000001,3.750000000000001,1.2499999999999982,1.2500000000000002,3.750000000000001,2.500000000000001,1.2500000000000004,1.2500000000000004,1.2500000000000002,2.500000000000001,0.0,0.0,0.0,0.0,0.0,0.0,0.0,0.0,0.0,0.0,0.0,0.0,1.25,0.0,0.0,0.0,0.0,1.2500000000000002,0.0,0.0,0.0,0.0,0.0,0.0,0.0,0.0,0.0,0.0,0.0,0.0,0.0,0.0,0.0,0.0,0.0,0.0,0.0,0.0,0.0,0.0,0.0,0.0,0.0,0.0,0.0,0.0,0.0,0.0,0.0,0.0,0.0,0.0,0.0,0.0,0.0,0.0,0.0,0.0,0.0,0.0,0.0,0.0,0.0,0.0,0.0,0.0,0.0,0.0,0.0,0.0,0.0,0.0,0.0,0.0,0.0,0.0,1.2499999999999991,1.2500000000000004,2.500000000000001,1.2500000000000004,2.500000000000001,3.750000000000001,1.2499999999999982,0.0,3.750000000000001,2.500000000000001,1.2500000000000004,1.2500000000000004,0.0,2.500000000000001,0.0,0.0,0.0,0.0,0.0,0.0,0.0,0.0,0.0,0.0,0.0,12,1732060.3666958965,2.3700192919662224,3.493915635373793,24,0.0,1.25,0.0,0.0,0.0,1.2499999999999991,2.5000000000000004,2.5000000000000004,1.2500000000000002,2.5000000000000004,3.75,1.2499999999999982,1.2500000000000002,3.75,2.5000000000000004,1.2500000000000002,1.2500000000000002,1.2500000000000002,2.5000000000000004,0.0,0.0,0.0,0.0,0.0,0.0,0.0,0.0,0.0,0.0,0.0,5.988799771540715,50.565958550000005,-96.2094839,13,12,11938389,C
0.6885847232003519,2.612584987245306,2.4355330732116114,132.33561354719515,1.032326717563974,3.056603773584906,0.0,0.6339622641509434,0.2419354838709677,0.2419354838709677,0.4838709677419353,0.4838709677419355,0.2419354838709678,1.4516129032258056,1.9354838709677424,1.451612903225807,2.1774193548387104,4.112903225806452,0.7258064516129034,2.419354838709674,1.6935483870967745,2.17741935483871,3.145161290322582,2.419354838709678,2.419354838709678,0.0,2.1774193548387104,0.0,0.0,0.0,0.0,0.0,0.0,0.0,0.0,0.0,0.0,0.0,0.2419354838709677,0.0,0.2419354838709676,0.0,0.0,0.2419354838709675,0.0,0.0,0.2419354838709678,0.2419354838709678,0.0,0.0,0.2419354838709678,0.2419354838709678,0.0,0.0,0.2419354838709678,0.0,0.0,0.0,0.0,0.0,0.0,0.0,0.0,0.0,0.0,0.0,0.0,0.0,0.0,0.2419354838709677,0.2419354838709676,0.4838709677419355,0.0,0.4838709677419351,0.2419354838709677,0.2419354838709677,0.7258064516129034,0.9677419354838712,0.2419354838709677,0.4838709677419348,0.0,0.4838709677419355,0.7258064516129034,0.4838709677419355,0.2419354838709677,0.0,0.4838709677419355,0.0,0.0,0.0,0.0,0.0,0.0,0.0,0.0,0.0,0.0,0.0,0.0,0.0,0.0,0.0,0.2419354838709678,0.4838709677419352,0.7258064516129034,0.2419354838709678,0.9677419354838712,2.661290322580645,0.4838709677419356,1.6935483870967716,0.4838709677419356,0.9677419354838712,1.9354838709677424,0.7258064516129034,1.209677419354839,0.0,1.693548387096775,0.0,0.0,0.0,0.0,0.0,0.0,0.0,0.0,0.0,0.0,0.0,12,11128550.172136718,4.407059863881208,2.509709300585906,124,0.2419354838709677,0.2419354838709677,0.4838709677419354,0.4838709677419356,0.2419354838709678,1.4516129032258056,1.9354838709677424,1.4516129032258067,2.17741935483871,4.112903225806453,0.7258064516129034,2.419354838709674,1.693548387096775,2.17741935483871,3.1451612903225814,2.419354838709678,2.419354838709678,0.0,2.17741935483871,0.0,0.0,0.0,0.0,0.0,0.0,0.0,0.0,0.0,0.0,0.0,4.009115872346455,50.5077495,-96.9699893,12,13,11940542,C
0.0557654872637676,3.521834627228742,3.4955126343091214,101.31950250635772,1.1103907761501597,2.3312101910828025,0.0,0.6464968152866242,0.0,0.0,1.538461538461538,1.5384615384615388,3.076923076923077,3.0769230769230758,0.7692307692307694,1.5384615384615388,3.846153846153847,3.076923076923077,2.3076923076923084,0.0,1.5384615384615388,0.0,1.5384615384615388,0.0,1.5384615384615388,0.0,2.3076923076923084,1.5384615384615388,0.0,0.0,0.0,0.0,0.7692307692307694,0.0,0.0,0.0,0.0,0.0,0.0,0.0,0.7692307692307689,0.0,2.307692307692308,0.7692307692307687,0.0,0.7692307692307694,0.7692307692307694,2.307692307692308,1.5384615384615388,0.0,0.0,0.0,0.0,0.0,0.0,0.0,0.7692307692307694,0.0,0.0,0.0,0.0,0.0,0.0,0.0,0.0,0.0,0.0,0.0,0.0,0.0,0.7692307692307692,1.5384615384615388,0.7692307692307694,1.5384615384615377,0.0,0.7692307692307694,2.307692307692308,0.0,0.0,0.0,0.7692307692307694,0.0,0.0,0.0,0.7692307692307694,0.0,0.0,0.0,0.0,0.0,0.0,0.0,0.0,0.0,0.0,0.0,0.0,0.0,0.0,0.0,0.0,0.0,0.0,0.7692307692307688,0.7692307692307694,0.0,0.0,0.7692307692307694,0.7692307692307694,0.0,0.7692307692307694,0.0,0.7692307692307694,0.0,0.7692307692307694,0.0,0.0,1.5384615384615388,0.0,0.0,0.0,0.0,0.0,0.0,0.0,0.0,0.0,0.0,12,1228008.7507228758,4.294925839325413,3.906280794230406,39,0.0,0.0,1.538461538461538,1.5384615384615388,3.076923076923077,3.0769230769230758,0.7692307692307694,1.5384615384615388,3.846153846153847,3.076923076923077,2.307692307692308,0.0,1.5384615384615388,0.0,1.5384615384615388,0.0,1.5384615384615388,0.0,2.307692307692308,1.5384615384615388,0.0,0.0,0.0,0.0,0.7692307692307694,0.0,0.0,0.0,0.0,0.0,8.000520764087977,33.7434385,-83.8533015,12,13,119752,C
0.6396297846522758,2.705477936863208,2.856175548047025,65.76809711721366,1.087801546308421,2.7964601769911503,0.0,0.6135693215339233,0.975609756097561,2.1951219512195124,1.9512195121951217,1.9512195121951224,2.439024390243903,1.9512195121951208,1.9512195121951224,0.9756097560975612,1.9512195121951224,2.6829268292682933,1.2195121951219514,0.2439024390243899,1.9512195121951224,0.7317073170731709,1.2195121951219514,0.7317073170731709,2.9268292682926838,0.9756097560975612,0.9756097560975612,0.0,0.0,0.0,0.0,0.0,0.0,0.0,0.0,0.0,0.0,0.0,0.2439024390243902,0.7317073170731707,1.219512195121951,1.2195121951219514,0.7317073170731709,0.4878048780487802,0.4878048780487806,0.7317073170731709,1.2195121951219514,0.9756097560975612,0.2439024390243903,0.0,0.2439024390243903,0.4878048780487806,0.0,0.2439024390243903,0.9756097560975612,0.0,0.4878048780487806,0.0,0.0,0.0,0.0,0.0,0.0,0.0,0.0,0.0,0.0,0.0,0.2439024390243902,1.4634146341463417,0.4878048780487804,0.4878048780487806,0.2439024390243903,0.0,0.0,0.2439024390243903,0.4878048780487806,0.7317073170731709,0.4878048780487806,0.0,0.9756097560975612,0.2439024390243903,0.7317073170731709,0.2439024390243903,0.2439024390243903,0.2439024390243903,0.2439024390243903,0.0,0.0,0.0,0.0,0.0,0.0,0.0,0.0,0.0,0.0,0.0,0.0,0.0,0.0,0.2439024390243903,0.2439024390243903,1.4634146341463403,0.7317073170731708,0.0,0.0,0.2439024390243903,0.2439024390243903,0.0,0.4878048780487806,0.0,0.4878048780487806,0.2439024390243903,1.4634146341463417,0.4878048780487806,0.2439024390243903,0.0,0.0,0.0,0.0,0.0,0.0,0.0,0.0,0.0,0.0,0.0,12,3510487.4318057336,2.726306103410199,3.271275843428273,123,0.975609756097561,2.1951219512195124,1.9512195121951212,1.9512195121951224,2.439024390243903,1.9512195121951208,1.9512195121951224,0.9756097560975612,1.9512195121951224,2.6829268292682933,1.2195121951219514,0.2439024390243899,1.9512195121951224,0.7317073170731708,1.2195121951219514,0.7317073170731708,2.9268292682926838,0.9756097560975612,0.9756097560975612,0.0,0.0,0.0,0.0,0.0,0.0,0.0,0.0,0.0,0.0,0.0,5.571815956242719,46.810627100000005,-64.06414665,12,13,12122148,C
0.4038994358552366,3.0830219297046337,3.3545454559016834,81.95358267778772,1.119410538509784,2.992,0.0,0.664,0.5263157894736842,1.5789473684210529,1.5789473684210524,1.0526315789473686,3.1578947368421053,1.0526315789473677,1.0526315789473686,1.5789473684210529,2.631578947368421,4.210526315789474,2.105263157894737,0.5263157894736834,1.5789473684210529,3.1578947368421058,0.5263157894736843,0.5263157894736843,1.5789473684210529,0.0,1.5789473684210529,0.0,0.0,0.0,0.0,0.0,0.0,0.0,0.0,0.0,0.0,0.0,0.5263157894736842,0.5263157894736842,1.5789473684210524,0.5263157894736843,2.105263157894737,0.0,0.0,0.0,0.0,0.0,0.0,0.0,0.5263157894736843,0.5263157894736843,0.0,0.0,0.0,0.0,0.0,0.0,0.0,0.0,0.0,0.0,0.0,0.0,0.0,0.0,0.0,0.0,0.0,0.5263157894736842,0.0,0.5263157894736843,0.5263157894736843,0.0,1.0526315789473686,0.5263157894736843,1.5789473684210529,2.105263157894737,1.0526315789473686,0.0,0.5263157894736843,0.5263157894736843,0.0,0.5263157894736843,0.5263157894736843,0.0,1.0526315789473686,0.0,0.0,0.0,0.0,0.0,0.0,0.0,0.0,0.0,0.0,0.0,0.0,0.0,0.0,0.0,0.0,1.0526315789473677,0.0,0.0,1.0526315789473686,1.5789473684210529,1.0526315789473686,0.5263157894736834,0.5263157894736843,2.105263157894737,0.5263157894736843,0.0,1.0526315789473686,0.0,0.5263157894736843,0.0,0.0,0.0,0.0,0.0,0.0,0.0,0.0,0.0,0.0,0.0,12,802960.7653825681,3.8653573074908927,3.0777947633296137,57,0.5263157894736842,1.5789473684210529,1.5789473684210524,1.0526315789473686,3.1578947368421058,1.0526315789473677,1.0526315789473686,1.5789473684210529,2.6315789473684217,4.210526315789474,2.105263157894737,0.5263157894736835,1.5789473684210529,3.1578947368421058,0.5263157894736843,0.5263157894736843,1.5789473684210529,0.0,1.5789473684210529,0.0,0.0,0.0,0.0,0.0,0.0,0.0,0.0,0.0,0.0,0.0,6.736266394823564,46.4436657,-63.8274164,12,13,12143367,C
0.23852021425982,3.3040365446954083,3.188850647897005,90.20129551934896,1.0781055700511208,2.606741573033708,0.0,0.6292134831460674,2.5,2.5,2.499999999999999,2.5000000000000004,0.0,1.2499999999999991,1.2500000000000002,2.5000000000000004,2.5000000000000004,1.2500000000000002,2.5000000000000004,1.2499999999999982,0.0,0.0,1.2500000000000002,3.750000000000001,0.0,0.0,0.0,1.2500000000000002,0.0,0.0,0.0,0.0,1.2500000000000002,0.0,0.0,0.0,0.0,0.0,0.0,2.5,1.2499999999999996,1.2500000000000002,0.0,1.2499999999999991,1.2500000000000002,1.2500000000000002,2.5000000000000004,1.2500000000000002,0.0,1.2499999999999982,0.0,0.0,0.0,2.5000000000000004,0.0,0.0,0.0,0.0,0.0,0.0,0.0,0.0,0.0,0.0,0.0,0.0,0.0,0.0,0.0,0.0,1.2499999999999996,1.2500000000000002,0.0,0.0,0.0,1.2500000000000002,0.0,0.0,1.2500000000000002,0.0,0.0,0.0,1.2500000000000002,1.2500000000000002,0.0,0.0,0.0,1.2500000000000002,0.0,0.0,0.0,0.0,1.2500000000000002,0.0,0.0,0.0,0.0,0.0,0.0,0.0,0.0,0.0,0.0,0.0,0.0,0.0,0.0,0.0,1.2500000000000002,0.0,0.0,0.0,0.0,0.0,0.0,0.0,0.0,0.0,0.0,0.0,0.0,0.0,0.0,0.0,0.0,0.0,0.0,0.0,12,87862.0196070739,3.950584365856834,3.4662574189860607,24,2.5,2.5,2.5,2.5000000000000004,0.0,1.2499999999999991,1.2500000000000002,2.5000000000000004,2.5000000000000004,1.2500000000000002,2.5000000000000004,1.2499999999999982,0.0,0.0,1.2500000000000002,3.75,0.0,0.0,0.0,1.2500000000000002,0.0,0.0,0.0,0.0,1.2500000000000002,0.0,0.0,0.0,0.0,0.0,7.529013278607565,46.76067465,-64.18278674999999,12,12,12152451,C
0.0317319933666726,3.5488454098060176,3.4881515284090927,60.94202473711187,1.0941178716150814,2.641509433962264,0.0,0.750524109014675,0.4285714285714285,0.4285714285714285,0.6428571428571427,1.5000000000000002,0.4285714285714286,1.714285714285713,1.7142857142857149,1.285714285714286,2.3571428571428577,3.2142857142857157,1.5000000000000004,3.6428571428571375,2.571428571428572,1.7142857142857146,1.285714285714286,1.7142857142857149,0.8571428571428573,1.0714285714285716,1.0714285714285716,0.2142857142857143,0.2142857142857143,0.0,0.0,0.0,0.0,0.2142857142857143,0.2142857142857143,0.0,0.0,0.0,0.2142857142857142,0.2142857142857142,0.2142857142857142,0.8571428571428572,0.2142857142857143,0.2142857142857141,0.6428571428571429,0.8571428571428572,1.0714285714285716,0.6428571428571429,0.4285714285714286,1.4999999999999978,1.0714285714285716,0.6428571428571429,0.2142857142857143,0.8571428571428572,0.0,0.8571428571428572,0.0,0.0,0.2142857142857143,0.0,0.0,0.0,0.0,0.2142857142857143,0.2142857142857143,0.0,0.0,0.0,0.0,0.0,0.0,0.2142857142857143,0.2142857142857143,0.0,0.2142857142857143,0.2142857142857143,0.2142857142857143,0.2142857142857143,0.4285714285714287,0.857142857142856,1.0714285714285716,0.2142857142857143,0.4285714285714287,0.4285714285714287,0.0,0.2142857142857143,0.642857142857143,0.2142857142857143,0.0,0.0,0.0,0.0,0.0,0.0,0.0,0.0,0.0,0.0,0.0,0.0,0.0,0.0,0.0,1.285714285714285,0.2142857142857143,0.0,0.2142857142857143,1.285714285714286,0.0,0.0,0.4285714285714287,0.642857142857143,0.642857142857143,0.2142857142857143,0.642857142857143,0.0,0.0,0.0,0.0,0.0,0.0,0.0,0.0,0.0,0.0,0.0,0.0,0.0,12,6016902.690265675,2.492379717103206,3.5747537426373457,140,0.4285714285714285,0.4285714285714285,0.6428571428571428,1.5000000000000004,0.4285714285714286,1.7142857142857133,1.7142857142857146,1.2857142857142858,2.3571428571428577,3.2142857142857157,1.5000000000000004,3.6428571428571375,2.571428571428572,1.7142857142857146,1.2857142857142858,1.7142857142857146,0.8571428571428573,1.0714285714285716,1.0714285714285716,0.2142857142857143,0.2142857142857143,0.0,0.0,0.0,0.0,0.2142857142857143,0.2142857142857143,0.0,0.0,0.0,3.6391117340659225,44.9276198,1.85590085,12,12,122236,C
0.2086151005213409,3.341336771991182,3.38173803231289,70.00652347642828,1.076664053182794,2.6191780821917807,0.0,0.6328767123287671,0.5660377358490566,0.5660377358490566,0.2830188679245282,0.0,0.5660377358490567,0.5660377358490563,1.9811320754716983,1.69811320754717,3.962264150943397,2.830188679245284,1.9811320754716983,1.9811320754716957,2.5471698113207557,1.1320754716981134,1.1320754716981134,2.5471698113207557,0.849056603773585,1.69811320754717,2.830188679245284,0.2830188679245284,0.0,0.0,0.0,0.0,0.0,0.0,0.0,0.0,0.0,0.0,0.5660377358490566,0.5660377358490566,0.2830188679245282,0.0,0.2830188679245283,0.2830188679245281,0.5660377358490567,0.0,1.4150943396226416,0.5660377358490567,1.4150943396226416,0.0,0.8490566037735849,0.2830188679245283,0.0,0.2830188679245283,0.2830188679245283,0.0,2.264150943396227,0.0,0.0,0.0,0.0,0.0,0.0,0.0,0.0,0.0,0.0,0.0,0.0,0.0,0.0,0.0,0.2830188679245284,0.0,0.2830188679245284,0.2830188679245284,0.2830188679245284,0.2830188679245284,0.2830188679245284,0.5660377358490558,0.2830188679245284,0.0,0.5660377358490568,1.9811320754716983,0.0,1.4150943396226416,0.5660377358490568,0.2830188679245284,0.0,0.0,0.0,0.0,0.0,0.0,0.0,0.0,0.0,0.0,0.0,0.0,0.0,0.0,0.0,0.2830188679245281,0.0,0.2830188679245283,1.69811320754717,1.1320754716981134,0.2830188679245283,0.5660377358490558,1.1320754716981134,0.5660377358490567,0.5660377358490567,0.0,0.2830188679245283,0.2830188679245283,0.0,0.0,0.0,0.0,0.0,0.0,0.0,0.0,0.0,0.0,0.0,0.0,12,5187382.633582173,2.32141423059348,4.319384500453772,106,0.5660377358490566,0.5660377358490566,0.2830188679245282,0.0,0.5660377358490567,0.5660377358490563,1.9811320754716983,1.69811320754717,3.962264150943397,2.830188679245284,1.9811320754716983,1.9811320754716952,2.5471698113207557,1.1320754716981134,1.1320754716981134,2.5471698113207557,0.849056603773585,1.69811320754717,2.830188679245284,0.2830188679245283,0.0,0.0,0.0,0.0,0.0,0.0,0.0,0.0,0.0,0.0,5.726449043187694,44.91467355,1.84231785,13,12,122314,C
0.0687414291644222,3.507108232140719,3.45537866822707,88.46950582562626,1.0598290677968152,2.593406593406593,0.0,0.6446886446886447,0.3870967741935484,1.161290322580645,1.354838709677419,0.9677419354838712,2.903225806451614,1.5483870967741926,1.9354838709677424,1.3548387096774197,2.903225806451613,3.870967741935485,1.1612903225806457,2.516129032258061,1.741935483870968,1.1612903225806457,1.548387096774194,0.774193548387097,0.5806451612903227,0.9677419354838712,0.3870967741935485,0.3870967741935485,0.1935483870967742,0.1935483870967742,0.0,0.0,0.0,0.0,0.0,0.0,0.0,0.0,0.0,0.3870967741935484,0.3870967741935483,0.3870967741935485,1.5483870967741942,0.5806451612903223,1.1612903225806457,0.5806451612903227,0.5806451612903227,0.7741935483870971,0.5806451612903227,0.3870967741935479,0.0,0.7741935483870971,0.3870967741935485,0.3870967741935485,0.1935483870967742,0.5806451612903227,0.3870967741935485,0.0,0.0,0.0,0.0,0.0,0.0,0.0,0.0,0.0,0.0,0.0,0.0,0.1935483870967742,0.3870967741935483,0.0,0.1935483870967742,0.0,0.1935483870967742,0.0,0.1935483870967742,0.9677419354838712,0.1935483870967742,0.7741935483870958,0.5806451612903226,0.0,0.3870967741935485,0.0,0.1935483870967742,0.0,0.0,0.1935483870967742,0.0,0.1935483870967742,0.0,0.0,0.0,0.0,0.0,0.0,0.0,0.0,0.0,0.5806451612903226,0.1935483870967741,0.1935483870967742,0.0,0.7741935483870963,0.1935483870967742,0.3870967741935484,0.3870967741935484,0.3870967741935484,0.0,0.7741935483870956,0.9677419354838712,0.1935483870967742,0.7741935483870969,0.3870967741935484,0.1935483870967742,0.1935483870967742,0.0,0.0,0.1935483870967742,0.0,0.0,0.0,0.0,0.0,0.0,0.0,0.0,0.0,12,14460301.26909836,4.225473245192319,2.848991312651429,155,0.3870967741935484,1.1612903225806452,1.3548387096774193,0.9677419354838712,2.903225806451613,1.5483870967741926,1.9354838709677424,1.3548387096774197,2.903225806451613,3.870967741935485,1.1612903225806452,2.516129032258061,1.7419354838709682,1.1612903225806452,1.548387096774194,0.774193548387097,0.5806451612903226,0.9677419354838712,0.3870967741935485,0.3870967741935485,0.1935483870967742,0.1935483870967742,0.0,0.0,0.0,0.0,0.0,0.0,0.0,0.0,6.73025083291415,47.2595368,5.96959,12,13,122703,C
0.0501776215675293,3.528145110391093,3.4644824675073136,97.42840949054796,1.0810918410782282,2.451178451178451,0.0,0.6599326599326599,0.4761904761904761,0.4761904761904761,1.904761904761904,0.0,2.3809523809523814,2.380952380952379,1.904761904761905,2.3809523809523814,4.285714285714287,1.4285714285714288,1.904761904761905,1.904761904761902,0.9523809523809526,2.3809523809523814,0.9523809523809526,0.9523809523809528,0.4761904761904763,1.4285714285714288,1.4285714285714288,0.0,0.0,0.0,0.0,0.0,0.0,0.0,0.0,0.0,0.0,0.0,0.0,0.0,0.952380952380952,0.0,0.4761904761904763,0.9523809523809518,0.4761904761904763,0.4761904761904763,0.0,0.9523809523809526,0.9523809523809526,0.4761904761904755,0.4761904761904763,0.0,0.0,0.0,0.0,0.9523809523809526,0.0,0.0,0.0,0.0,0.0,0.0,0.0,0.0,0.0,0.0,0.0,0.0,0.0,0.0,0.476190476190476,0.0,0.4761904761904763,0.0,0.4761904761904763,1.4285714285714288,1.4285714285714288,0.4761904761904763,0.4761904761904763,0.9523809523809508,0.4761904761904763,0.4761904761904763,0.0,0.9523809523809528,0.4761904761904763,0.4761904761904763,0.4761904761904763,0.0,0.0,0.0,0.0,0.0,0.0,0.0,0.0,0.0,0.0,0.0,0.0,0.0,0.0,0.0,0.9523809523809526,1.4285714285714275,0.0,0.4761904761904763,2.3809523809523814,0.0,0.0,0.0,0.0,0.4761904761904763,0.4761904761904763,0.0,0.0,0.0,0.4761904761904763,0.0,0.0,0.0,0.0,0.0,0.0,0.0,0.0,0.0,0.0,0.0,12,5137292.628642331,3.175803072539158,4.009681061785202,63,0.4761904761904761,0.4761904761904761,1.904761904761904,0.0,2.3809523809523814,2.38095238095238,1.904761904761905,2.3809523809523814,4.285714285714287,1.4285714285714288,1.904761904761905,1.904761904761902,0.9523809523809528,2.3809523809523814,0.9523809523809528,0.9523809523809528,0.4761904761904763,1.4285714285714288,1.4285714285714288,0.0,0.0,0.0,0.0,0.0,0.0,0.0,0.0,0.0,0.0,0.0,6.218732058590984,47.2798026,5.9245738,12,12,122820,C
0.5890831103159065,2.794979531827681,2.6954218459374024,117.8669309217978,1.1442800726330775,2.653061224489796,0.0,0.6904761904761905,1.0714285714285714,1.0714285714285714,1.4285714285714284,0.0,0.3571428571428572,1.4285714285714275,1.4285714285714288,2.1428571428571432,1.4285714285714288,3.571428571428572,1.785714285714286,1.7857142857142831,2.8571428571428577,2.5000000000000004,2.5000000000000004,0.7142857142857144,1.785714285714286,1.0714285714285716,0.7142857142857144,0.3571428571428572,0.0,0.0,0.0,0.0,0.0,0.0,0.0,0.0,0.0,0.0,0.0,0.3571428571428571,0.3571428571428571,0.0,0.0,0.7142857142857139,0.7142857142857144,1.785714285714286,0.0,1.4285714285714288,0.0,1.0714285714285698,1.0714285714285716,0.7142857142857144,1.4285714285714288,0.3571428571428572,0.0,0.3571428571428572,0.3571428571428572,0.0,0.0,0.0,0.0,0.0,0.0,0.0,0.0,0.0,0.0,0.0,0.7142857142857143,0.3571428571428571,1.0714285714285712,0.0,0.3571428571428572,0.0,0.0,0.3571428571428572,0.7142857142857145,1.0714285714285716,0.7142857142857145,0.7142857142857133,0.0,1.0714285714285716,0.3571428571428572,0.3571428571428572,0.7142857142857145,0.7142857142857145,0.0,0.0,0.0,0.0,0.0,0.0,0.0,0.0,0.0,0.0,0.0,0.0,0.0,0.0,0.0,0.0,0.0,0.7142857142857139,0.3571428571428572,0.0,0.0,0.7142857142857144,1.0714285714285716,0.0,1.4285714285714288,0.3571428571428572,0.7142857142857144,0.0,1.0714285714285716,0.0,0.3571428571428572,0.3571428571428572,0.0,0.0,0.0,0.0,0.0,0.0,0.0,0.0,0.0,0.0,12,2263218.269860755,3.706266820305027,3.927999624660704,84,1.0714285714285714,1.0714285714285714,1.4285714285714282,0.0,0.3571428571428572,1.4285714285714275,1.4285714285714288,2.1428571428571432,1.4285714285714288,3.571428571428572,1.785714285714286,1.785714285714283,2.8571428571428577,2.500000000000001,2.500000000000001,0.7142857142857144,1.785714285714286,1.0714285714285716,0.7142857142857144,0.3571428571428572,0.0,0.0,0.0,0.0,0.0,0.0,0.0,0.0,0.0,0.0,4.744664682147484,38.5847975,-90.111131,12,12,122951,C
0.6478217549994376,2.6903944748271886,2.7637192096370224,126.06310486546153,1.0577495263753545,2.380952380952381,0.0,0.5666666666666667,0.0,4.054054054054054,3.2432432432432425,0.8108108108108111,0.810810810810811,0.0,1.621621621621622,1.621621621621622,0.810810810810811,3.243243243243244,0.810810810810811,0.8108108108108097,0.0,1.6216216216216222,1.6216216216216222,2.432432432432433,0.8108108108108111,1.621621621621622,3.243243243243244,0.8108108108108111,0.0,0.0,0.0,0.0,0.0,0.0,0.0,0.0,0.0,0.0,0.0,0.8108108108108109,0.0,0.0,0.810810810810811,0.0,0.810810810810811,0.0,0.810810810810811,0.810810810810811,0.0,0.0,0.0,0.0,0.0,0.0,0.0,0.810810810810811,0.0,0.0,0.0,0.0,0.0,0.0,0.0,0.0,0.0,0.0,0.0,0.0,0.0,2.4324324324324325,1.6216216216216213,0.8108108108108111,0.0,0.0,0.0,0.8108108108108111,0.0,0.8108108108108111,0.0,0.0,0.0,0.8108108108108111,0.8108108108108111,0.0,0.8108108108108111,0.0,2.432432432432433,0.8108108108108111,0.0,0.0,0.0,0.0,0.0,0.0,0.0,0.0,0.0,0.0,0.0,0.8108108108108107,1.6216216216216213,0.0,0.0,0.0,0.0,0.0,0.0,1.6216216216216222,0.0,0.8108108108108097,0.0,0.8108108108108111,0.8108108108108111,2.432432432432433,0.0,0.8108108108108111,0.8108108108108111,0.0,0.0,0.0,0.0,0.0,0.0,0.0,0.0,0.0,0.0,0.0,12,1039782.6163902172,2.5815824558073657,2.8792726172970142,37,0.0,4.054054054054054,3.2432432432432425,0.810810810810811,0.810810810810811,0.0,1.621621621621622,1.621621621621622,0.810810810810811,3.243243243243244,0.810810810810811,0.8108108108108096,0.0,1.621621621621622,1.621621621621622,2.432432432432433,0.810810810810811,1.621621621621622,3.243243243243244,0.810810810810811,0.0,0.0,0.0,0.0,0.0,0.0,0.0,0.0,0.0,0.0,3.964917805537184,37.75245955,-89.05630835,12,13,123007,C
0.8147531354152485,2.3320261059660616,2.340909381044682,76.99034202308198,1.0746083432586313,2.947075208913649,0.0,0.637883008356546,0.379746835443038,0.189873417721519,0.1898734177215189,0.5696202531645571,0.7594936708860761,1.1392405063291131,1.1392405063291142,1.329113924050633,2.8481012658227858,4.556962025316457,1.329113924050633,2.468354430379744,1.8987341772151904,2.0886075949367093,2.468354430379748,1.708860759493671,1.8987341772151904,0.379746835443038,2.0886075949367093,0.5696202531645571,0.0,0.0,0.0,0.0,0.0,0.0,0.0,0.0,0.0,0.0,0.189873417721519,0.189873417721519,0.1898734177215189,0.379746835443038,0.379746835443038,0.7594936708860756,0.189873417721519,0.0,0.189873417721519,0.189873417721519,0.0,0.0,0.0,0.189873417721519,0.0,0.0,0.189873417721519,0.0,0.189873417721519,0.0,0.0,0.0,0.0,0.0,0.0,0.0,0.0,0.0,0.0,0.0,0.0,0.0,0.0,0.189873417721519,0.379746835443038,0.3797468354430377,0.189873417721519,0.949367088607595,1.329113924050633,1.329113924050633,0.379746835443038,1.1392405063291124,1.139240506329114,0.379746835443038,0.7594936708860761,0.7594936708860761,0.569620253164557,0.379746835443038,0.569620253164557,0.379746835443038,0.0,0.0,0.0,0.0,0.0,0.0,0.0,0.0,0.0,0.0,0.0,0.0,0.0,0.0,0.0,0.0,0.569620253164557,0.0,1.329113924050633,2.6582278481012667,0.379746835443038,1.1392405063291122,0.379746835443038,0.379746835443038,0.569620253164557,0.379746835443038,0.0,0.0,0.189873417721519,0.0,0.0,0.0,0.0,0.0,0.0,0.0,0.0,0.0,0.0,0.0,12,9797497.882606655,2.956222828721628,3.2767739113371936,158,0.379746835443038,0.189873417721519,0.1898734177215189,0.569620253164557,0.7594936708860761,1.1392405063291131,1.139240506329114,1.329113924050633,2.8481012658227853,4.556962025316456,1.329113924050633,2.468354430379743,1.8987341772151904,2.0886075949367093,2.468354430379748,1.708860759493671,1.8987341772151904,0.379746835443038,2.0886075949367093,0.569620253164557,0.0,0.0,0.0,0.0,0.0,0.0,0.0,0.0,0.0,0.0,5.434469588840574,40.6973518,-89.64206874999999,12,13,123014,C
0.7532764721420583,2.477774562206594,2.5199681546291237,73.84374905130089,1.090322626539444,3.020021074815596,0.0,0.5542676501580611,0.744920993227991,0.744920993227991,1.2866817155756205,1.5575620767494358,1.4221218961625286,1.218961625282166,2.5056433408577883,1.08352144469526,2.70880361173815,2.708803611738149,1.6930022573363432,2.3024830699774235,2.3702031602708806,1.896162528216705,1.2189616252821671,1.5575620767494358,1.0158013544018063,0.6094808126410836,1.2189616252821671,0.1354401805869074,0.0,0.0,0.0,0.0,0.0,0.0,0.0,0.0,0.0,0.0,0.2031602708803611,0.2708803611738148,0.7449209932279908,0.6772009029345374,0.5417607223476298,0.7449209932279903,1.2189616252821671,0.2031602708803611,0.3386004514672687,0.8126410835214447,0.5417607223476298,0.4063205417607217,0.3386004514672687,0.2031602708803611,0.1354401805869074,0.5417607223476298,0.2031602708803611,0.2708803611738149,0.5417607223476298,0.0677200902934537,0.0,0.0,0.0,0.0,0.0,0.0,0.0,0.0,0.0,0.0,0.1354401805869074,0.3386004514672686,0.5417607223476297,0.7449209932279911,0.6772009029345375,0.4063205417607221,0.4063205417607224,0.2031602708803612,0.54176072234763,0.7449209932279911,0.4063205417607224,0.74492099322799,0.8126410835214449,0.9480812641083524,0.6772009029345375,0.54176072234763,0.3386004514672687,0.1354401805869075,0.3386004514672687,0.0,0.0,0.0,0.0,0.0,0.0,0.0,0.0,0.0,0.0,0.0,0.0,0.0677200902934537,0.0,0.1354401805869075,0.1354401805869075,0.0677200902934536,0.8803611738148986,0.3386004514672687,1.6930022573363437,0.4740406320541762,0.2031602708803612,0.6772009029345363,0.9480812641083524,0.3386004514672687,0.2031602708803612,0.1354401805869075,0.270880361173815,0.0677200902934537,0.0677200902934537,0.0,0.0,0.0,0.0,0.0,0.0,0.0,0.0,0.0,0.0,0.0,12,20557016.34145294,3.846885045026429,3.279451708122448,443,0.744920993227991,0.744920993227991,1.2866817155756205,1.557562076749436,1.4221218961625284,1.2189616252821662,2.5056433408577883,1.08352144469526,2.708803611738149,2.708803611738149,1.6930022573363437,2.3024830699774235,2.370203160270881,1.8961625282167047,1.2189616252821671,1.557562076749436,1.015801354401806,0.6094808126410837,1.2189616252821671,0.1354401805869075,0.0,0.0,0.0,0.0,0.0,0.0,0.0,0.0,0.0,0.0,8.342840940032126,40.092842000000005,-87.63920809999999,12,13,123093,C
0.924644186904289,1.98937327223805,2.083868450028698,45.19262916098127,1.0458159715522763,3.274360125729681,0.0,0.409070498428379,0.2408759124087591,2.1678832116788325,1.2262773722627736,1.5547445255474457,1.423357664233577,1.5547445255474444,1.5328467153284675,2.5839416058394167,2.7372262773722635,1.7299270072992703,1.5547445255474457,1.204379562043794,1.2700729927007304,1.0948905109489055,1.8613138686131392,1.0729927007299274,0.9416058394160586,0.6350364963503651,2.43065693430657,1.182481751824818,0.0,0.0,0.0,0.0,0.0,0.0,0.0,0.0,0.0,0.0,0.0656934306569343,0.1094890510948905,0.218978102189781,0.8978102189781024,0.8978102189781024,0.2627737226277371,0.5693430656934308,1.3138686131386863,0.7883211678832119,0.4598540145985402,0.1532846715328467,0.284671532846715,0.2408759124087592,0.1970802919708029,0.3065693430656935,0.2408759124087592,0.1970802919708029,0.1751824817518248,0.1970802919708029,0.0875912408759124,0.0,0.0,0.0,0.0,0.0,0.0,0.0,0.0,0.0,0.0,0.0437956204379562,2.0145985401459856,0.9635036496350364,0.6350364963503652,0.3941605839416059,0.3503649635036494,0.3503649635036497,0.4817518248175184,1.007299270072993,0.5036496350364965,0.416058394160584,0.2627737226277368,0.1751824817518248,0.2189781021897811,0.3284671532846716,0.1970802919708029,0.1313868613138686,0.1532846715328467,0.1532846715328467,0.0218978102189781,0.0,0.0,0.0,0.0,0.0,0.0,0.0,0.0,0.0,0.0,0.0,0.0,0.0218978102189781,0.0,0.1094890510948905,0.5474452554744522,0.3503649635036497,0.3065693430656935,0.3065693430656935,0.1751824817518248,0.4598540145985402,0.2846715328467149,0.4598540145985402,0.5693430656934308,1.1167883211678835,0.5036496350364965,0.4817518248175183,0.1970802919708029,0.0656934306569343,0.1751824817518248,0.0,0.0,0.0,0.0,0.0,0.0,0.0,0.0,0.0,0.0,12,60029405.54494312,2.865364528041333,2.084766583544377,1370,0.2408759124087591,2.167883211678832,1.2262773722627736,1.5547445255474457,1.423357664233577,1.5547445255474444,1.5328467153284675,2.5839416058394167,2.7372262773722635,1.7299270072992703,1.5547445255474457,1.204379562043794,1.2700729927007302,1.094890510948905,1.861313868613139,1.0729927007299271,0.9416058394160586,0.6350364963503651,2.43065693430657,1.182481751824818,0.0,0.0,0.0,0.0,0.0,0.0,0.0,0.0,0.0,0.0,4.5838239529375535,41.858501,-87.8554108,12,13,123138,C
0.8671750852217686,2.187064454071113,2.2422931105055786,52.708403510074646,1.0430959589886284,3.4086809470124013,0.0,0.4021984216459977,0.5638111888111887,2.4256993006993004,1.560314685314685,2.150349650349651,2.163461538461539,1.2980769230769225,1.350524475524476,2.058566433566434,2.583041958041959,1.5996503496503498,1.3111888111888117,1.140734265734264,0.930944055944056,1.3243006993006996,1.848776223776224,0.7604895104895105,0.9440559440559444,0.8129370629370631,2.491258741258742,0.6818181818181819,0.0,0.0,0.0,0.0,0.0,0.0,0.0,0.0,0.0,0.0,0.0655594405594405,0.2097902097902098,0.236013986013986,1.153846153846154,1.1013986013986017,0.3409090909090907,0.4851398601398602,0.8391608391608394,0.7736013986013989,0.4195804195804197,0.2884615384615385,0.3146853146853142,0.1573426573426573,0.1835664335664336,0.2097902097902098,0.1835664335664336,0.2753496503496504,0.3146853146853147,0.458916083916084,0.0786713286713286,0.0,0.0,0.0,0.0,0.0,0.0,0.0,0.0,0.0,0.0,0.2884615384615384,2.137237762237762,1.1013986013986012,0.5244755244755246,0.4458041958041959,0.4195804195804193,0.3277972027972028,0.4326923076923078,0.4851398601398602,0.1835664335664336,0.2229020979020979,0.1311188811188809,0.0917832167832168,0.236013986013986,0.2622377622377623,0.1704545454545455,0.0655594405594405,0.0262237762237762,0.1835664335664336,0.0393356643356643,0.0,0.0,0.0,0.0,0.0,0.0,0.0,0.0,0.0,0.0,0.0,0.0655594405594405,0.1966783216783216,0.2491258741258741,0.4982517482517483,0.2622377622377621,0.4589160839160839,0.5244755244755246,1.0489510489510492,0.6424825174825175,0.4195804195804196,0.432692307692307,0.3933566433566434,0.7473776223776225,1.1407342657342658,0.3015734265734266,0.3671328671328672,0.1966783216783217,0.1048951048951049,0.0262237762237762,0.0,0.0,0.0,0.0,0.0,0.0,0.0,0.0,0.0,0.0,12,73209196.6852698,4.172218509860337,3.6636264244099728,2288,0.5638111888111889,2.425699300699301,1.560314685314685,2.150349650349651,2.1634615384615388,1.2980769230769222,1.350524475524476,2.0585664335664338,2.5830419580419584,1.59965034965035,1.3111888111888117,1.140734265734264,0.9309440559440562,1.3243006993006996,1.848776223776224,0.7604895104895106,0.9440559440559444,0.8129370629370631,2.4912587412587417,0.681818181818182,0.0,0.0,0.0,0.0,0.0,0.0,0.0,0.0,0.0,0.0,8.273295551172824,41.85226285,-87.8891191,12,12,123438,C
0.6349087213815532,2.714092785021647,2.966822521861483,79.90830909088763,1.179773112384757,2.8157894736842106,0.0,0.75,0.6451612903225806,0.1612903225806451,0.6451612903225805,1.9354838709677429,2.0967741935483875,2.580645161290321,2.903225806451613,1.451612903225807,2.419354838709678,3.064516129032259,1.9354838709677429,1.2903225806451597,2.0967741935483875,1.612903225806452,1.4516129032258067,1.451612903225807,0.3225806451612904,0.4838709677419356,1.1290322580645165,0.1612903225806452,0.1612903225806452,0.0,0.0,0.0,0.0,0.0,0.0,0.0,0.0,0.0,0.1612903225806451,0.1612903225806451,0.1612903225806451,1.1290322580645165,1.2903225806451617,1.2903225806451606,0.6451612903225807,0.0,0.6451612903225807,0.6451612903225807,0.4838709677419356,0.1612903225806449,0.6451612903225807,0.0,0.3225806451612903,0.6451612903225807,0.0,0.1612903225806451,0.4838709677419356,0.0,0.0,0.0,0.0,0.0,0.0,0.0,0.0,0.0,0.0,0.0,0.0,0.0,0.3225806451612902,0.6451612903225808,0.4838709677419355,1.1290322580645151,1.9354838709677424,1.2903225806451617,1.2903225806451617,1.612903225806452,1.2903225806451617,0.9677419354838696,0.3225806451612904,0.806451612903226,0.0,0.1612903225806452,0.0,0.1612903225806452,0.1612903225806452,0.0,0.0,0.0,0.0,0.0,0.0,0.0,0.0,0.0,0.0,0.0,0.0,0.0,0.1612903225806451,0.1612903225806452,0.3225806451612904,0.161290322580645,0.3225806451612904,0.1612903225806452,0.4838709677419355,0.6451612903225808,0.1612903225806452,0.0,0.806451612903226,0.806451612903226,0.967741935483871,0.6451612903225808,0.1612903225806452,0.1612903225806452,0.1612903225806452,0.1612903225806452,0.1612903225806452,0.0,0.0,0.0,0.0,0.0,0.0,0.0,0.0,0.0,12,2867848.754472529,2.6393979866029693,3.938558037683717,186,0.6451612903225806,0.1612903225806451,0.6451612903225805,1.9354838709677424,2.096774193548388,2.580645161290321,2.903225806451613,1.4516129032258067,2.419354838709678,3.064516129032259,1.9354838709677424,1.2903225806451597,2.096774193548388,1.612903225806452,1.4516129032258067,1.4516129032258067,0.3225806451612904,0.4838709677419355,1.1290322580645165,0.1612903225806452,0.1612903225806452,0.0,0.0,0.0,0.0,0.0,0.0,0.0,0.0,0.0,6.769732559996261,41.794198,-87.8357585,12,12,123442,C
0.7912380359929946,2.390276672814071,2.701173718293321,96.79174231600663,1.071244851047803,2.761904761904762,0.0,0.7186147186147186,0.7317073170731707,1.0975609756097562,1.0975609756097555,0.7317073170731709,2.9268292682926838,1.4634146341463403,1.8292682926829271,2.1951219512195124,2.195121951219513,3.292682926829269,2.560975609756098,1.4634146341463392,0.7317073170731709,1.0975609756097564,1.0975609756097564,2.560975609756098,1.0975609756097564,1.0975609756097562,0.3658536585365854,0.3658536585365854,0.0,0.0,0.0,0.0,0.0,0.0,0.0,0.0,0.0,0.0,0.0,0.0,0.3658536585365853,0.7317073170731709,0.0,0.0,0.3658536585365854,0.3658536585365854,0.7317073170731709,1.8292682926829276,0.0,0.0,0.0,0.3658536585365854,0.7317073170731709,0.0,0.0,1.0975609756097562,0.3658536585365854,0.0,0.0,0.0,0.0,0.0,0.0,0.0,0.0,0.0,0.0,0.0,0.3658536585365853,1.0975609756097562,0.3658536585365853,0.0,1.4634146341463417,0.3658536585365851,1.0975609756097562,1.0975609756097562,0.3658536585365854,0.7317073170731708,1.0975609756097562,1.0975609756097544,0.3658536585365854,0.3658536585365854,0.0,0.3658536585365854,0.3658536585365854,0.0,0.0,0.3658536585365854,0.0,0.0,0.0,0.0,0.0,0.0,0.0,0.0,0.0,0.0,0.0,0.0,0.3658536585365852,0.0,0.7317073170731709,0.0,0.3658536585365854,0.7317073170731709,0.7317073170731709,0.7317073170731709,1.463414634146342,0.3658536585365848,0.3658536585365854,0.3658536585365854,0.3658536585365854,2.195121951219513,0.7317073170731709,0.0,0.0,0.0,0.0,0.0,0.0,0.0,0.0,0.0,0.0,0.0,0.0,0.0,12,2140222.504413273,1.6334486734773963,4.004718503857206,82,0.7317073170731707,1.0975609756097562,1.097560975609756,0.7317073170731709,2.926829268292684,1.4634146341463403,1.8292682926829271,2.1951219512195124,2.1951219512195124,3.292682926829269,2.560975609756098,1.4634146341463394,0.7317073170731709,1.0975609756097562,1.0975609756097562,2.560975609756098,1.0975609756097562,1.0975609756097562,0.3658536585365854,0.3658536585365854,0.0,0.0,0.0,0.0,0.0,0.0,0.0,0.0,0.0,0.0,4.208358772470371,37.997639,-88.952107,13,12,123494,C
0.4038788614894458,3.0830512157435743,3.296046424813585,144.5421798560385,1.106919795211377,2.669683257918552,0.0,0.669683257918552,0.4838709677419355,0.0,0.0,0.0,0.4838709677419356,2.419354838709676,1.9354838709677424,1.9354838709677424,3.387096774193549,0.9677419354838712,2.419354838709677,2.9032258064516085,5.322580645161291,2.419354838709677,0.967741935483871,0.9677419354838712,1.4516129032258065,1.4516129032258065,0.4838709677419355,0.0,0.0,0.0,0.0,0.0,0.0,0.0,0.0,0.0,0.0,0.0,0.0,0.0,0.0,0.0,0.4838709677419356,0.4838709677419351,0.0,1.4516129032258067,0.4838709677419356,0.0,0.0,0.0,0.9677419354838712,0.0,0.0,0.0,0.0,0.0,0.0,0.0,0.0,0.0,0.0,0.0,0.0,0.0,0.0,0.0,0.0,0.0,0.0,0.0,0.0,0.0,0.0,0.4838709677419351,0.4838709677419355,0.4838709677419355,1.4516129032258065,0.4838709677419355,1.4516129032258065,0.4838709677419348,2.903225806451613,1.4516129032258065,0.967741935483871,0.0,0.967741935483871,0.4838709677419355,0.0,0.0,0.0,0.0,0.0,0.0,0.0,0.0,0.0,0.0,0.0,0.0,0.0,0.0,0.0,0.0,0.0,1.4516129032258054,0.4838709677419355,0.0,1.4516129032258067,0.0,0.9677419354838712,1.4516129032258045,0.9677419354838712,0.9677419354838712,0.0,0.4838709677419355,0.4838709677419355,0.9677419354838712,0.4838709677419355,0.0,0.0,0.0,0.0,0.0,0.0,0.0,0.0,0.0,0.0,0.0,12,5302188.21929163,3.499603181095794,5.484115454746759,62,0.4838709677419355,0.0,0.0,0.0,0.4838709677419356,2.419354838709676,1.9354838709677424,1.9354838709677424,3.3870967741935494,0.9677419354838712,2.419354838709678,2.903225806451609,5.322580645161291,2.419354838709678,0.9677419354838712,0.9677419354838712,1.4516129032258067,1.4516129032258067,0.4838709677419356,0.0,0.0,0.0,0.0,0.0,0.0,0.0,0.0,0.0,0.0,0.0,8.984159648265797,38.3054105,-90.292592,12,12,124723,C
0.5022488538286254,2.936721550887757,3.032767746079816,100.26646676175044,1.0684237099254985,2.973913043478261,0.0,0.5449275362318841,0.75,0.375,0.0,0.0,0.0,0.9374999999999996,3.0000000000000004,1.8750000000000004,1.1250000000000002,0.9375000000000002,0.7500000000000001,3.5624999999999947,1.6875000000000002,7.875000000000003,3.937500000000001,0.75,1.3125000000000002,0.1875,0.9375,0.0,0.0,0.0,0.0,0.0,0.0,0.0,0.0,0.0,0.0,0.0,0.1875,0.0,0.0,0.0,0.0,0.0,0.1875,0.1875,0.0,0.1875,0.0,0.0,0.5625000000000001,0.0,0.0,0.0,0.1875,0.0,0.0,0.0,0.0,0.0,0.0,0.0,0.0,0.0,0.0,0.0,0.0,0.0,0.375,0.375,0.0,0.0,0.0,0.3749999999999998,0.1875,0.3750000000000001,0.5625000000000001,0.3750000000000001,0.1875,1.6874999999999976,0.5625000000000001,6.562500000000003,3.375000000000001,0.1875,0.7500000000000002,0.0,0.5625000000000001,0.0,0.0,0.0,0.0,0.0,0.0,0.0,0.0,0.0,0.0,0.0,0.0,0.0,0.0,0.0,0.0,0.1874999999999999,0.1875,0.1875,0.375,0.1875,0.375,1.8749999999999971,0.5625,1.125,0.5625,0.5625,0.1875,0.0,0.1875,0.0,0.0,0.0,0.0,0.0,0.0,0.0,0.0,0.0,0.0,0.0,12,18744201.14695844,3.0716410607183358,3.845695439073548,160,0.75,0.375,0.0,0.0,0.0,0.9374999999999994,3.000000000000001,1.8750000000000004,1.1250000000000002,0.9375000000000002,0.7500000000000002,3.562499999999995,1.6875000000000004,7.875000000000002,3.937500000000001,0.7500000000000002,1.3125000000000004,0.1875,0.9375000000000002,0.0,0.0,0.0,0.0,0.0,0.0,0.0,0.0,0.0,0.0,0.0,4.84746017102994,38.3213195,-89.878949,12,13,125710,C
0.7254735173143334,2.537648141255359,2.7420673755161595,110.96511756186592,1.0839819703638531,2.345864661654135,0.0,0.6015037593984962,0.0,0.0,0.0,0.0,0.0,1.999999999999999,2.0000000000000004,0.0,2.0000000000000004,2.0000000000000004,0.0,0.0,2.0000000000000004,2.0000000000000004,0.0,2.0000000000000004,2.0000000000000004,8.000000000000002,6.000000000000001,0.0,0.0,0.0,0.0,0.0,0.0,0.0,0.0,0.0,0.0,0.0,0.0,0.0,0.0,0.0,0.0,1.999999999999999,0.0,0.0,0.0,0.0,0.0,0.0,0.0,0.0,0.0,0.0,0.0,0.0,0.0,0.0,0.0,0.0,0.0,0.0,0.0,0.0,0.0,0.0,0.0,0.0,0.0,0.0,0.0,0.0,0.0,0.0,2.0000000000000004,0.0,2.0000000000000004,0.0,0.0,0.0,0.0,2.0000000000000004,0.0,0.0,2.0000000000000004,0.0,0.0,0.0,0.0,0.0,0.0,0.0,0.0,0.0,0.0,0.0,0.0,0.0,0.0,0.0,0.0,0.0,0.0,0.0,0.0,0.0,0.0,2.0000000000000004,0.0,0.0,2.0000000000000004,0.0,0.0,2.0000000000000004,0.0,8.000000000000002,6.000000000000001,0.0,0.0,0.0,0.0,0.0,0.0,0.0,0.0,0.0,0.0,0.0,12,179762.84665529133,3.778652646436356,3.9699755504141794,15,0.0,0.0,0.0,0.0,0.0,1.999999999999999,2.0000000000000004,0.0,2.0000000000000004,2.0000000000000004,0.0,0.0,2.0000000000000004,2.0000000000000004,0.0,2.0000000000000004,2.0000000000000004,8.000000000000002,6.000000000000001,0.0,0.0,0.0,0.0,0.0,0.0,0.0,0.0,0.0,0.0,0.0,5.064473653084593,38.5349315,-90.2404925,12,12,125722,C
0.499201378299805,2.941461444187052,3.002060043035661,89.55057221150757,1.0779696854047385,2.8739495798319328,0.0,0.6050420168067226,0.3157894736842105,0.0,0.3157894736842104,0.4736842105263159,0.4736842105263159,0.947368421052631,1.7368421052631584,2.526315789473685,1.894736842105264,1.4210526315789478,1.894736842105264,2.052631578947365,0.4736842105263159,1.2631578947368425,2.6842105263157903,4.894736842105265,2.526315789473685,1.1052631578947372,2.052631578947369,0.9473684210526316,0.0,0.0,0.0,0.0,0.0,0.0,0.0,0.0,0.0,0.0,0.0,0.0,0.1578947368421052,0.3157894736842106,0.0,0.3157894736842103,0.3157894736842106,0.3157894736842106,0.3157894736842106,0.1578947368421053,0.6315789473684212,0.4736842105263151,0.1578947368421053,0.0,0.3157894736842106,0.3157894736842106,0.1578947368421053,0.1578947368421053,0.0,0.0,0.0,0.0,0.0,0.0,0.0,0.0,0.0,0.0,0.0,0.0,0.1578947368421052,0.0,0.0,0.1578947368421053,0.3157894736842106,0.1578947368421051,0.0,0.6315789473684212,0.7894736842105265,0.4736842105263159,0.0,0.4736842105263151,0.1578947368421053,0.3157894736842106,0.9473684210526316,3.3157894736842115,1.1052631578947372,0.6315789473684212,0.1578947368421053,0.0,0.0,0.0,0.0,0.0,0.0,0.0,0.0,0.0,0.0,0.0,0.0,0.0,0.1578947368421052,0.0,0.0,0.0,0.1578947368421052,0.6315789473684211,0.1578947368421052,0.4736842105263158,0.4736842105263158,0.31578947368421,0.1578947368421052,0.3157894736842105,0.7894736842105264,0.4736842105263158,0.7894736842105264,0.3157894736842105,1.7368421052631582,0.9473684210526316,0.0,0.0,0.0,0.0,0.0,0.0,0.0,0.0,0.0,0.0,12,15369899.250992429,3.325260041080415,3.8874123029532783,190,0.3157894736842105,0.0,0.3157894736842104,0.4736842105263159,0.4736842105263159,0.947368421052631,1.7368421052631582,2.526315789473685,1.8947368421052635,1.4210526315789476,1.8947368421052635,2.052631578947365,0.4736842105263159,1.2631578947368425,2.6842105263157903,4.894736842105265,2.526315789473685,1.1052631578947372,2.052631578947369,0.9473684210526316,0.0,0.0,0.0,0.0,0.0,0.0,0.0,0.0,0.0,0.0,6.581425666067229,41.8071812,-89.96115689999999,12,12,125737,C
0.8044776023603124,2.357909764106961,2.5274466843567187,101.6972340596524,1.0749663543687524,2.6885245901639343,0.0,0.5868852459016394,0.3092783505154639,0.6185567010309279,0.3092783505154639,0.309278350515464,0.309278350515464,0.3092783505154637,1.237113402061856,2.4742268041237114,2.783505154639176,4.329896907216496,1.54639175257732,1.5463917525773174,1.54639175257732,2.7835051546391765,3.09278350515464,1.855670103092784,1.855670103092784,0.0,2.474226804123712,0.309278350515464,0.0,0.0,0.0,0.0,0.0,0.0,0.0,0.0,0.0,0.0,0.0,0.0,0.3092783505154639,0.0,0.0,0.3092783505154637,0.309278350515464,0.309278350515464,0.0,0.0,0.0,0.3092783505154635,0.0,0.0,0.0,0.309278350515464,0.0,0.0,0.0,0.0,0.0,0.0,0.0,0.0,0.0,0.0,0.0,0.0,0.0,0.0,0.0,0.6185567010309279,0.0,0.0,0.309278350515464,0.0,0.0,0.9278350515463918,1.54639175257732,1.855670103092784,0.309278350515464,0.0,0.309278350515464,2.164948453608248,1.855670103092784,1.237113402061856,0.309278350515464,0.0,1.54639175257732,0.309278350515464,0.0,0.0,0.0,0.0,0.0,0.0,0.0,0.0,0.0,0.0,0.0,0.0,0.0,0.309278350515464,0.0,0.0,0.618556701030928,0.309278350515464,0.0,1.54639175257732,0.927835051546392,0.618556701030927,1.237113402061856,0.309278350515464,1.237113402061856,0.309278350515464,1.54639175257732,0.0,0.927835051546392,0.0,0.0,0.0,0.0,0.0,0.0,0.0,0.0,0.0,0.0,0.0,12,4604384.609835034,3.6018367769094186,3.012199434722425,97,0.3092783505154639,0.6185567010309279,0.3092783505154638,0.309278350515464,0.309278350515464,0.3092783505154637,1.237113402061856,2.474226804123712,2.783505154639176,4.329896907216496,1.54639175257732,1.5463917525773172,1.54639175257732,2.783505154639176,3.09278350515464,1.855670103092784,1.855670103092784,0.0,2.474226804123712,0.309278350515464,0.0,0.0,0.0,0.0,0.0,0.0,0.0,0.0,0.0,0.0,4.111788341620453,38.617898,-89.604772,12,13,125842,C
0.7878874108769169,2.398303901514657,2.472748028361875,129.53486996385286,1.0462268420825975,2.7339449541284404,0.0,0.5871559633027523,0.0,0.0,0.0,1.538461538461539,0.7692307692307695,0.0,0.0,0.7692307692307694,0.0,3.076923076923078,0.7692307692307695,2.3076923076923044,5.384615384615386,3.846153846153848,0.7692307692307695,4.615384615384617,3.846153846153848,0.0,2.3076923076923084,0.0,0.0,0.0,0.0,0.0,0.0,0.0,0.0,0.0,0.0,0.0,0.0,0.0,0.0,0.0,0.0,0.0,0.0,0.7692307692307694,0.0,0.0,0.0,0.0,0.0,0.0,0.0,0.7692307692307694,0.0,0.0,0.0,0.0,0.0,0.0,0.0,0.0,0.0,0.0,0.0,0.0,0.0,0.0,0.0,0.0,0.0,0.7692307692307695,0.7692307692307695,0.0,0.0,0.0,0.0,1.538461538461539,0.0,0.0,3.076923076923078,1.538461538461539,0.7692307692307695,1.538461538461539,0.7692307692307695,0.0,0.7692307692307695,0.0,0.0,0.0,0.0,0.0,0.0,0.0,0.0,0.0,0.0,0.0,0.0,0.0,0.0,0.7692307692307695,0.0,0.0,0.0,0.0,0.0,1.538461538461539,0.7692307692307695,1.5384615384615363,2.307692307692308,1.538461538461539,0.0,1.538461538461539,3.076923076923078,0.0,1.538461538461539,0.0,0.0,0.0,0.0,0.0,0.0,0.0,0.0,0.0,0.0,0.0,12,1194345.4660325935,2.8724732864545657,2.2028606690280723,39,0.0,0.0,0.0,1.5384615384615388,0.7692307692307694,0.0,0.0,0.7692307692307694,0.0,3.076923076923077,0.7692307692307694,2.3076923076923044,5.384615384615386,3.846153846153847,0.7692307692307694,4.615384615384616,3.846153846153847,0.0,2.307692307692308,0.0,0.0,0.0,0.0,0.0,0.0,0.0,0.0,0.0,0.0,0.0,3.0036659006856783,39.0585845,-88.379566,12,13,125856,C
0.641112574643472,2.7027605571751305,3.0887191264919447,69.60801910531671,1.0685236986161517,2.306122448979592,0.0,0.4591836734693877,0.0,0.0,2.1428571428571423,0.0,1.0714285714285716,1.0714285714285707,2.1428571428571432,0.0,1.0714285714285718,3.2142857142857157,2.1428571428571432,0.0,2.1428571428571432,3.2142857142857157,2.142857142857144,4.285714285714287,2.142857142857144,1.0714285714285718,2.142857142857144,0.0,0.0,0.0,0.0,0.0,0.0,0.0,0.0,0.0,0.0,0.0,0.0,0.0,1.0714285714285712,0.0,1.0714285714285716,1.0714285714285707,2.1428571428571432,0.0,0.0,1.0714285714285716,1.0714285714285716,0.0,1.0714285714285716,0.0,0.0,0.0,0.0,0.0,0.0,0.0,0.0,0.0,0.0,0.0,0.0,0.0,0.0,0.0,0.0,0.0,0.0,0.0,1.0714285714285712,0.0,0.0,0.0,0.0,0.0,1.0714285714285718,2.142857142857144,0.0,0.0,1.0714285714285718,1.0714285714285718,2.142857142857144,2.142857142857144,0.0,0.0,0.0,0.0,0.0,0.0,0.0,0.0,0.0,0.0,0.0,0.0,0.0,0.0,0.0,0.0,0.0,0.0,0.0,0.0,0.0,0.0,0.0,0.0,1.0714285714285718,0.0,0.0,2.142857142857144,0.0,2.142857142857144,2.142857142857144,1.0714285714285718,2.142857142857144,0.0,0.0,0.0,0.0,0.0,0.0,0.0,0.0,0.0,0.0,0.0,12,291786.37232245744,4.431966805971693,2.408002537567285,28,0.0,0.0,2.1428571428571423,0.0,1.0714285714285716,1.0714285714285707,2.1428571428571432,0.0,1.0714285714285716,3.214285714285715,2.1428571428571432,0.0,2.1428571428571432,3.214285714285715,2.1428571428571432,4.285714285714287,2.1428571428571432,1.0714285714285716,2.1428571428571432,0.0,0.0,0.0,0.0,0.0,0.0,0.0,0.0,0.0,0.0,0.0,5.992271881839783,37.2068295,-89.45420250000001,12,13,126075,C
0.8009723941886073,2.3665829721683034,2.402668500848776,97.94049579253104,1.0603069700318375,2.773413897280967,0.0,0.622356495468278,0.2631578947368421,0.0,0.263157894736842,0.2631578947368421,0.5263157894736843,0.5263157894736838,1.0526315789473686,0.2631578947368421,1.0526315789473686,1.8421052631578951,1.5789473684210529,2.631578947368417,1.0526315789473686,1.0526315789473686,2.105263157894737,3.157894736842106,2.368421052631579,3.1578947368421058,4.473684210526316,1.8421052631578951,0.2631578947368421,0.2631578947368421,0.0,0.0,0.0,0.0,0.0,0.0,0.0,0.0,0.2631578947368421,0.0,0.263157894736842,0.0,0.2631578947368421,0.2631578947368419,0.5263157894736843,0.0,0.0,0.0,0.5263157894736843,0.7894736842105252,0.0,0.2631578947368421,0.0,0.0,0.0,0.0,0.0,0.0,0.0,0.2631578947368421,0.0,0.0,0.0,0.0,0.0,0.0,0.0,0.0,0.0,0.0,0.0,0.2631578947368421,0.2631578947368421,0.2631578947368419,0.2631578947368421,0.2631578947368421,0.5263157894736843,1.5789473684210529,0.0,0.7894736842105251,0.0,0.2631578947368421,0.0,0.0,0.2631578947368421,0.2631578947368421,2.368421052631579,1.0526315789473686,0.0,0.0,0.0,0.0,0.0,0.0,0.0,0.0,0.0,0.0,0.0,0.0,0.0,0.0,0.0,0.0,0.2631578947368421,0.0,0.2631578947368421,0.0,0.2631578947368421,0.7894736842105252,0.2631578947368421,0.0,0.7894736842105264,2.36842105263158,1.0526315789473686,2.6315789473684217,1.5789473684210529,0.7894736842105264,0.2631578947368421,0.0,0.0,0.0,0.0,0.0,0.0,0.0,0.0,0.0,12,8660467.050482871,3.664894536457956,4.870271808534046,114,0.2631578947368421,0.0,0.263157894736842,0.2631578947368421,0.5263157894736843,0.5263157894736838,1.0526315789473686,0.2631578947368421,1.0526315789473686,1.8421052631578951,1.5789473684210529,2.631578947368417,1.0526315789473686,1.0526315789473686,2.105263157894737,3.1578947368421058,2.36842105263158,3.1578947368421058,4.473684210526317,1.8421052631578951,0.2631578947368421,0.2631578947368421,0.0,0.0,0.0,0.0,0.0,0.0,0.0,0.0,5.682686754169379,38.377035,-88.056647,12,12,126085,C
0.593143738606539,2.7880005697107024,2.7854844792422893,75.66658326523006,1.067319798027472,3.106628242074928,0.0,0.5850144092219021,0.4864864864864865,0.0,0.1621621621621621,0.0,0.4864864864864865,1.2972972972972965,0.3243243243243244,1.9459459459459465,1.2972972972972976,2.91891891891892,2.2702702702702706,1.783783783783781,1.6216216216216222,2.108108108108109,2.4324324324324333,2.108108108108109,1.7837837837837842,1.7837837837837842,4.864864864864867,0.3243243243243244,0.0,0.0,0.0,0.0,0.0,0.0,0.0,0.0,0.0,0.0,0.0,0.0,0.0,0.0,0.4864864864864865,0.6486486486486482,0.0,0.6486486486486488,0.4864864864864865,1.6216216216216222,0.3243243243243244,0.4864864864864858,0.3243243243243244,0.0,0.0,0.1621621621621622,0.0,0.1621621621621622,0.0,0.0,0.0,0.0,0.0,0.0,0.0,0.0,0.0,0.0,0.0,0.0,0.0,0.0,0.1621621621621621,0.0,0.0,0.6486486486486484,0.3243243243243244,0.4864864864864866,0.3243243243243244,0.6486486486486488,1.45945945945946,0.0,0.6486486486486488,0.6486486486486488,1.45945945945946,0.6486486486486488,0.6486486486486488,0.9729729729729732,2.270270270270271,0.1621621621621622,0.0,0.0,0.0,0.0,0.0,0.0,0.0,0.0,0.0,0.0,0.0,0.0,0.0,0.0,0.0,0.0,0.0,0.6486486486486488,0.0,0.3243243243243244,0.4864864864864865,1.1351351351351335,0.4864864864864865,0.9729729729729732,0.4864864864864865,0.8108108108108111,0.9729729729729732,0.3243243243243244,2.4324324324324333,0.1621621621621622,0.0,0.0,0.0,0.0,0.0,0.0,0.0,0.0,0.0,0.0,12,8783223.22210197,3.598871114439331,2.139157446435769,185,0.4864864864864865,0.0,0.1621621621621621,0.0,0.4864864864864865,1.2972972972972965,0.3243243243243244,1.9459459459459465,1.2972972972972976,2.91891891891892,2.270270270270271,1.783783783783781,1.621621621621622,2.108108108108109,2.432432432432433,2.108108108108109,1.783783783783784,1.783783783783784,4.864864864864866,0.3243243243243244,0.0,0.0,0.0,0.0,0.0,0.0,0.0,0.0,0.0,0.0,3.254669517315284,39.954687500000006,-90.212255,12,13,126089,C
0.7477939005377225,2.4898383561674926,2.5240471640569413,106.23732159621424,1.040038020217922,2.8531468531468533,0.0,0.5384615384615384,0.5,1.4999999999999998,0.4999999999999998,0.5000000000000001,2.5000000000000004,2.4999999999999982,3.0000000000000004,3.0000000000000004,2.0000000000000004,3.500000000000001,2.500000000000001,1.499999999999998,2.0000000000000004,0.0,1.0000000000000002,0.5000000000000001,1.0000000000000002,0.0,2.0000000000000004,0.0,0.0,0.0,0.0,0.0,0.0,0.0,0.0,0.0,0.0,0.0,0.0,0.4999999999999999,0.0,0.5000000000000001,0.0,1.499999999999999,1.0000000000000002,0.5000000000000001,0.5000000000000001,0.5000000000000001,0.5000000000000001,0.0,0.0,0.0,0.0,0.0,0.0,0.0,0.0,0.0,0.0,0.0,0.0,0.0,0.0,0.0,0.0,0.0,0.0,0.0,0.0,1.0,0.4999999999999998,0.0,1.5000000000000002,0.4999999999999997,1.5000000000000002,0.5000000000000001,0.0,0.5000000000000001,1.0000000000000002,0.0,0.0,0.0,0.0,0.5000000000000001,0.0,0.0,1.0000000000000002,0.0,0.0,0.0,0.0,0.0,0.0,0.0,0.0,0.0,0.0,0.0,0.5,0.0,0.0,0.0,1.0000000000000002,0.4999999999999997,0.5000000000000001,1.5000000000000002,0.5000000000000001,2.0000000000000004,1.0000000000000002,0.9999999999999988,2.0000000000000004,0.0,0.5000000000000001,0.0,0.5000000000000001,0.0,0.0,0.0,0.0,0.0,0.0,0.0,0.0,0.0,0.0,0.0,0.0,0.0,12,3534307.531923236,2.6390533346962184,1.496946470391471,60,0.5,1.5,0.4999999999999999,0.5000000000000001,2.5000000000000004,2.4999999999999987,3.0000000000000004,3.0000000000000004,2.0000000000000004,3.500000000000001,2.5000000000000004,1.4999999999999978,2.0000000000000004,0.0,1.0000000000000002,0.5000000000000001,1.0000000000000002,0.0,2.0000000000000004,0.0,0.0,0.0,0.0,0.0,0.0,0.0,0.0,0.0,0.0,0.0,2.5763458071186403,40.243358,-88.1878245,12,14,126132,C
0.4767844609651663,2.9758933942397663,2.9458756063446256,140.9145740691613,1.0524892726726494,2.625,0.0,0.6953125,0.8108108108108109,0.0,0.0,1.621621621621622,0.0,0.8108108108108103,1.621621621621622,0.0,0.8108108108108111,4.864864864864867,4.864864864864866,0.8108108108108096,2.432432432432433,0.0,4.054054054054055,0.8108108108108111,0.8108108108108111,1.6216216216216222,2.4324324324324325,1.621621621621622,0.0,0.0,0.0,0.0,0.0,0.0,0.0,0.0,0.0,0.0,0.0,0.0,0.0,0.0,0.0,0.0,0.0,0.0,0.8108108108108111,0.8108108108108111,0.8108108108108111,0.0,0.8108108108108111,0.0,0.0,0.0,0.0,0.0,0.0,0.0,0.0,0.0,0.0,0.0,0.0,0.0,0.0,0.0,0.0,0.0,0.0,0.0,0.0,0.810810810810811,0.0,0.8108108108108103,1.621621621621622,0.0,0.0,3.243243243243244,0.810810810810811,0.8108108108108096,0.810810810810811,0.0,3.243243243243244,0.0,0.0,0.0,2.4324324324324325,0.810810810810811,0.0,0.0,0.0,0.0,0.0,0.0,0.0,0.0,0.0,0.0,0.0,0.0,0.0,0.8108108108108111,0.0,0.0,0.0,0.0,0.0,0.0,2.432432432432433,0.0,0.8108108108108111,0.0,0.8108108108108111,0.8108108108108111,0.8108108108108111,1.6216216216216222,0.0,0.8108108108108111,0.0,0.0,0.0,0.0,0.0,0.0,0.0,0.0,0.0,0.0,12,735242.2389574433,4.047362225387711,3.3893143399055696,37,0.8108108108108109,0.0,0.0,1.621621621621622,0.0,0.8108108108108103,1.621621621621622,0.0,0.810810810810811,4.864864864864866,4.864864864864866,0.8108108108108096,2.432432432432433,0.0,4.054054054054054,0.810810810810811,0.810810810810811,1.621621621621622,2.432432432432433,1.621621621621622,0.0,0.0,0.0,0.0,0.0,0.0,0.0,0.0,0.0,0.0,7.416436760052194,37.2792025,-89.17441,12,13,126158,C
0.8703814627843796,2.177336587976478,2.2000723258679304,54.61588050715087,1.0388621131858211,3.146694214876033,0.0,0.4514462809917355,0.558659217877095,1.6201117318435756,1.899441340782123,1.5642458100558665,2.0111731843575424,1.843575418994412,1.8994413407821236,1.3407821229050283,2.0670391061452515,1.8435754189944136,1.955307262569833,1.1173184357541883,2.29050279329609,1.6201117318435758,1.3966480446927376,1.2849162011173187,0.9497206703910618,1.0614525139664808,1.6759776536312856,0.0,0.0,0.0,0.0,0.0,0.0,0.0,0.0,0.0,0.0,0.0,0.335195530726257,1.0614525139664803,1.2290502793296088,1.2849162011173187,0.8379888268156427,0.8938547486033513,0.7821229050279332,0.5027932960893856,0.7262569832402236,0.446927374301676,0.5027932960893856,0.1117318435754188,0.2793296089385475,0.335195530726257,0.0,0.111731843575419,0.0558659217877095,0.0558659217877095,0.0558659217877095,0.0,0.0,0.0,0.0,0.0,0.0,0.0,0.0,0.0,0.0,0.0,0.1117318435754189,0.5586592178770949,0.6145251396648044,0.1675977653631285,0.558659217877095,0.1675977653631283,0.223463687150838,0.223463687150838,0.3910614525139665,0.6145251396648046,0.6145251396648046,0.3910614525139659,0.6703910614525141,0.3910614525139665,0.2793296089385475,0.4469273743016761,0.4469273743016761,0.1675977653631285,0.6703910614525141,0.0,0.0,0.0,0.0,0.0,0.0,0.0,0.0,0.0,0.0,0.0,0.0,0.0,0.0,0.111731843575419,0.2793296089385475,0.2793296089385473,0.3351955307262571,0.1675977653631285,0.5027932960893856,0.223463687150838,0.558659217877095,0.3910614525139659,0.4469273743016761,0.4469273743016761,0.558659217877095,0.3910614525139666,0.0558659217877095,0.3910614525139666,0.1675977653631285,0.0,0.0,0.0,0.0,0.0,0.0,0.0,0.0,0.0,0.0,0.0,12,35935459.36482042,2.4865465171672403,2.0358894399572747,537,0.5586592178770949,1.6201117318435754,1.8994413407821225,1.5642458100558665,2.0111731843575424,1.843575418994412,1.8994413407821236,1.340782122905028,2.067039106145252,1.8435754189944136,1.955307262569833,1.1173184357541883,2.2905027932960897,1.6201117318435758,1.3966480446927376,1.2849162011173187,0.9497206703910616,1.0614525139664803,1.6759776536312854,0.0,0.0,0.0,0.0,0.0,0.0,0.0,0.0,0.0,0.0,0.0,4.172753293686245,39.976435,-87.634592,12,13,126235,C
0.9449377700751982,1.9017682284336852,2.108966768262997,46.8745935537292,1.060521381115067,3.2,0.0,0.3824175824175824,0.3383458646616541,1.1278195488721805,2.255639097744361,1.2406015037593985,0.5639097744360904,1.5789473684210515,3.947368421052632,2.030075187969925,2.030075187969925,1.578947368421053,0.6766917293233082,1.5789473684210502,0.3383458646616541,0.6766917293233083,0.4511278195488722,1.466165413533835,1.0150375939849623,1.9172932330827068,4.62406015037594,0.5639097744360902,0.0,0.0,0.0,0.0,0.0,0.0,0.0,0.0,0.0,0.0,0.0,0.225563909774436,0.6766917293233081,0.5639097744360902,0.4511278195488722,1.3533834586466156,2.368421052631579,1.0150375939849623,0.4511278195488722,0.112781954887218,0.3383458646616541,0.3383458646616537,0.112781954887218,0.4511278195488722,0.112781954887218,0.3383458646616541,0.0,0.2255639097744361,0.112781954887218,0.0,0.0,0.0,0.0,0.0,0.0,0.0,0.0,0.0,0.0,0.0,0.225563909774436,0.112781954887218,0.225563909774436,0.2255639097744361,0.112781954887218,0.1127819548872179,0.5639097744360902,0.2255639097744361,0.2255639097744361,0.4511278195488722,0.3383458646616541,0.6766917293233072,0.0,0.0,0.112781954887218,0.6766917293233082,0.112781954887218,1.0150375939849623,2.1428571428571432,0.3383458646616541,0.0,0.0,0.0,0.0,0.0,0.0,0.0,0.0,0.0,0.0,0.0,0.7894736842105263,1.3533834586466165,0.4511278195488722,0.0,0.1127819548872179,1.0150375939849627,0.7894736842105265,0.9022556390977444,1.0150375939849627,0.0,0.4511278195488715,0.2255639097744361,0.2255639097744361,0.112781954887218,0.2255639097744361,0.4511278195488722,0.112781954887218,0.5639097744360904,0.112781954887218,0.0,0.0,0.0,0.0,0.0,0.0,0.0,0.0,0.0,0.0,12,3421566.17381851,4.02704997625295,1.408340812697541,266,0.3383458646616541,1.1278195488721805,2.255639097744361,1.2406015037593987,0.5639097744360904,1.5789473684210515,3.947368421052632,2.030075187969925,2.030075187969925,1.578947368421053,0.6766917293233083,1.5789473684210502,0.3383458646616541,0.6766917293233083,0.4511278195488722,1.4661654135338351,1.0150375939849623,1.9172932330827075,4.624060150375941,0.5639097744360904,0.0,0.0,0.0,0.0,0.0,0.0,0.0,0.0,0.0,0.0,2.401039839476206,40.1102025,-87.77661405,12,14,126241,C
0.8061273838796705,2.35380068117924,2.4030419833430785,61.37789976842154,1.0387724997760106,3.1466666666666665,0.0,0.4233333333333333,0.0,0.8771929824561403,3.3333333333333326,3.6842105263157903,1.403508771929825,0.3508771929824559,1.2280701754385968,1.4035087719298247,1.403508771929825,1.7543859649122813,0.8771929824561404,0.8771929824561391,1.403508771929825,1.578947368421053,1.2280701754385968,1.754385964912281,2.105263157894737,1.7543859649122808,2.982456140350878,0.0,0.0,0.0,0.0,0.0,0.0,0.0,0.0,0.0,0.0,0.0,0.0,0.3508771929824561,1.7543859649122804,1.2280701754385968,0.5263157894736843,0.3508771929824559,0.5263157894736843,0.1754385964912281,0.0,0.3508771929824562,0.0,0.0,0.0,0.0,0.0,0.0,0.0,0.1754385964912281,0.1754385964912281,0.0,0.0,0.0,0.0,0.0,0.0,0.0,0.0,0.0,0.0,0.0,0.0,0.5263157894736842,1.403508771929824,0.3508771929824562,0.7017543859649125,0.0,0.3508771929824562,0.5263157894736843,0.8771929824561404,0.3508771929824562,0.0,0.3508771929824556,0.3508771929824562,0.7017543859649125,0.0,1.0526315789473686,0.5263157894736843,0.0,1.0526315789473686,0.0,0.0,0.0,0.0,0.0,0.0,0.0,0.0,0.0,0.0,0.0,0.0,0.0,0.175438596491228,2.105263157894737,0.1754385964912281,0.0,0.3508771929824562,0.7017543859649124,0.1754385964912281,0.7017543859649124,0.3508771929824562,0.5263157894736834,0.0,0.7017543859649124,0.7017543859649124,0.1754385964912281,0.5263157894736843,1.0526315789473686,0.1754385964912281,0.0,0.0,0.0,0.0,0.0,0.0,0.0,0.0,0.0,0.0,0.0,12,3777900.918643335,2.748742827408947,3.176991261002025,171,0.0,0.8771929824561403,3.3333333333333326,3.6842105263157903,1.403508771929825,0.3508771929824559,1.2280701754385968,1.403508771929825,1.403508771929825,1.754385964912281,0.8771929824561405,0.877192982456139,1.403508771929825,1.5789473684210529,1.2280701754385968,1.754385964912281,2.105263157894737,1.754385964912281,2.982456140350878,0.0,0.0,0.0,0.0,0.0,0.0,0.0,0.0,0.0,0.0,0.0,7.944397800504808,39.8964325,-87.651479,12,13,126244,C
0.9195451996938548,2.00945292770044,1.9824046406551192,54.701157871935344,1.032118424806248,3.135646687697161,0.0,0.4395373291272345,0.3428571428571428,0.7428571428571429,1.4285714285714284,1.7142857142857149,2.742857142857144,3.885714285714284,2.628571428571429,1.6571428571428577,1.2000000000000002,1.485714285714286,1.2571428571428576,1.4285714285714266,0.9142857142857144,1.2571428571428571,1.3142857142857145,1.2571428571428576,1.085714285714286,1.6571428571428577,1.6571428571428577,0.3428571428571429,0.0,0.0,0.0,0.0,0.0,0.0,0.0,0.0,0.0,0.0,0.1714285714285714,0.5714285714285714,0.8571428571428569,0.6857142857142859,1.085714285714286,2.114285714285713,0.9714285714285716,0.6857142857142859,0.4000000000000001,0.5142857142857143,0.2285714285714286,0.1714285714285711,0.0571428571428571,0.2857142857142857,0.0571428571428571,0.2857142857142857,0.1714285714285714,0.1142857142857143,0.0571428571428571,0.0571428571428571,0.0,0.0,0.0,0.0,0.0,0.0,0.0,0.0,0.0,0.0,0.0571428571428571,0.1714285714285714,0.3999999999999999,0.5714285714285715,0.4571428571428572,0.4571428571428569,0.5142857142857143,0.1142857142857143,0.1142857142857143,0.2285714285714286,0.4000000000000001,0.7999999999999988,0.5714285714285715,0.2857142857142857,0.5714285714285715,0.4000000000000001,0.1714285714285714,0.7428571428571431,1.0285714285714287,0.0571428571428571,0.0,0.0,0.0,0.0,0.0,0.0,0.0,0.0,0.0,0.0,0.0,0.0,0.1142857142857142,0.2857142857142857,0.4571428571428572,0.7428571428571424,0.6857142857142857,0.8000000000000003,0.6857142857142857,0.6285714285714287,0.4571428571428572,0.3999999999999994,0.2285714285714286,0.6285714285714287,0.5714285714285715,0.4571428571428572,0.4000000000000001,0.3428571428571428,0.0571428571428571,0.0571428571428571,0.0,0.0,0.0,0.0,0.0,0.0,0.0,0.0,0.0,0.0,12,14072791.649749864,4.119978058374487,1.872018468194874,525,0.3428571428571428,0.7428571428571429,1.4285714285714284,1.7142857142857146,2.7428571428571438,3.885714285714284,2.628571428571429,1.6571428571428577,1.2000000000000002,1.4857142857142862,1.2571428571428571,1.4285714285714264,0.9142857142857144,1.2571428571428571,1.3142857142857145,1.2571428571428571,1.085714285714286,1.6571428571428577,1.6571428571428577,0.3428571428571429,0.0,0.0,0.0,0.0,0.0,0.0,0.0,0.0,0.0,0.0,4.327018648160746,40.045903,-87.63863,12,14,126247,C
0.736652290525072,2.513956784369911,2.62696665400929,151.62831879444883,1.0968861209935827,2.5242718446601944,0.0,0.5436893203883495,2.4,0.0,0.0,0.0,1.2000000000000002,0.0,0.0,4.800000000000001,0.0,1.2000000000000002,2.4000000000000004,4.799999999999993,1.2000000000000002,0.0,9.6,2.400000000000001,0.0,0.0,0.0,0.0,0.0,0.0,0.0,0.0,0.0,0.0,0.0,0.0,0.0,0.0,0.0,0.0,0.0,0.0,0.0,0.0,0.0,0.0,0.0,1.2000000000000002,1.2000000000000002,1.1999999999999982,0.0,0.0,0.0,0.0,0.0,0.0,0.0,0.0,0.0,0.0,0.0,0.0,0.0,0.0,0.0,0.0,0.0,0.0,1.2,0.0,0.0,0.0,0.0,0.0,0.0,3.6000000000000005,0.0,0.0,0.0,0.0,0.0,0.0,7.200000000000001,1.2000000000000004,0.0,0.0,0.0,0.0,0.0,0.0,0.0,0.0,0.0,0.0,0.0,0.0,0.0,0.0,0.0,0.0,0.0,0.0,1.2000000000000002,0.0,0.0,1.2000000000000002,0.0,0.0,1.2000000000000002,3.5999999999999948,1.2000000000000002,0.0,2.4000000000000004,0.0,0.0,0.0,0.0,0.0,0.0,0.0,0.0,0.0,0.0,0.0,0.0,0.0,0.0,0.0,12,424471.53099326376,2.933293669120409,2.503414672256389,25,2.4,0.0,0.0,0.0,1.2000000000000002,0.0,0.0,4.800000000000001,0.0,1.2000000000000002,2.4000000000000004,4.799999999999994,1.2000000000000002,0.0,9.6,2.4000000000000004,0.0,0.0,0.0,0.0,0.0,0.0,0.0,0.0,0.0,0.0,0.0,0.0,0.0,0.0,5.396214739950295,38.4455465,-88.9419665,12,13,126279,C
0.0523478656329439,3.5256964228980383,3.451111143127866,161.18478328751826,1.089431484581765,2.634408602150537,0.0,0.7365591397849462,0.5263157894736842,2.1052631578947367,0.0,0.5263157894736843,0.0,1.0526315789473677,2.105263157894737,2.105263157894737,1.5789473684210529,4.736842105263158,3.1578947368421058,2.1052631578947336,1.5789473684210529,3.6842105263157903,0.0,3.1578947368421058,0.5263157894736843,0.5263157894736843,0.0,0.0,0.5263157894736843,0.0,0.0,0.0,0.0,0.0,0.0,0.0,0.0,0.0,0.5263157894736842,1.0526315789473684,0.0,0.0,0.0,0.0,0.0,0.5263157894736843,1.5789473684210529,1.0526315789473686,0.5263157894736843,0.0,0.0,0.5263157894736843,0.0,0.5263157894736843,0.0,0.0,0.0,0.0,0.5263157894736843,0.0,0.0,0.0,0.0,0.0,0.0,0.0,0.0,0.0,0.0,0.0,0.0,0.5263157894736843,0.0,0.5263157894736838,0.0,0.5263157894736843,0.0,1.0526315789473686,0.0,0.5263157894736834,0.5263157894736843,0.5263157894736843,0.0,0.5263157894736843,0.0,0.0,0.0,0.0,0.0,0.0,0.0,0.0,0.0,0.0,0.0,0.0,0.0,0.0,0.0,1.0526315789473684,0.0,0.0,0.0,0.5263157894736838,1.5789473684210529,1.0526315789473686,0.0,1.0526315789473686,1.5789473684210529,0.5263157894736834,0.5263157894736843,0.0,0.0,0.0,0.0,0.0,0.0,0.0,0.0,0.0,0.0,0.0,0.0,0.0,0.0,0.0,0.0,0.0,12,8769950.876327306,3.816791727963835,2.8749414575349075,57,0.5263157894736842,2.1052631578947367,0.0,0.5263157894736843,0.0,1.0526315789473677,2.105263157894737,2.105263157894737,1.5789473684210529,4.736842105263159,3.1578947368421058,2.105263157894734,1.5789473684210529,3.6842105263157903,0.0,3.1578947368421058,0.5263157894736843,0.5263157894736843,0.0,0.0,0.5263157894736843,0.0,0.0,0.0,0.0,0.0,0.0,0.0,0.0,0.0,5.772506033063022,45.6376475,3.1940617,12,13,126391,C
0.8925102181299708,2.106628242667197,2.2616127463116813,87.78647645431855,1.0945129939668012,2.958041958041958,0.0,0.5244755244755245,0.4724409448818897,0.0,0.2362204724409448,0.2362204724409449,0.2362204724409449,0.2362204724409447,0.2362204724409449,0.7086614173228348,0.7086614173228348,2.125984251968504,1.1811023622047248,2.362204724409445,1.8897637795275597,2.8346456692913398,4.724409448818899,8.740157480314963,1.1811023622047248,0.7086614173228348,0.9448818897637796,0.2362204724409449,0.0,0.0,0.0,0.0,0.0,0.0,0.0,0.0,0.0,0.0,0.2362204724409448,0.0,0.0,0.2362204724409449,0.0,0.2362204724409447,0.0,0.2362204724409449,0.2362204724409449,0.2362204724409449,0.0,0.0,0.0,0.2362204724409449,0.2362204724409449,0.2362204724409449,0.0,0.0,0.0,0.0,0.0,0.0,0.0,0.0,0.0,0.0,0.0,0.0,0.0,0.0,0.0,0.0,0.2362204724409448,0.0,0.2362204724409449,0.0,0.2362204724409449,0.4724409448818898,0.0,0.4724409448818898,0.4724409448818898,1.1811023622047223,0.2362204724409449,0.9448818897637796,3.3070866141732296,7.086614173228348,0.9448818897637796,0.4724409448818898,0.4724409448818898,0.0,0.0,0.0,0.0,0.0,0.0,0.0,0.0,0.0,0.0,0.0,0.0,0.0,0.0,0.0,0.0,0.0,0.0,0.0,0.4724409448818898,0.7086614173228347,0.4724409448818898,0.4724409448818891,1.1811023622047248,1.1811023622047248,1.1811023622047248,1.4173228346456694,0.2362204724409449,0.2362204724409449,0.4724409448818898,0.2362204724409449,0.0,0.0,0.0,0.0,0.0,0.0,0.0,0.0,0.0,0.0,12,3390139.423258053,3.7446587384259327,1.838192355886044,127,0.4724409448818897,0.0,0.2362204724409448,0.2362204724409449,0.2362204724409449,0.2362204724409447,0.2362204724409449,0.7086614173228347,0.7086614173228347,2.1259842519685046,1.1811023622047243,2.362204724409445,1.8897637795275597,2.834645669291339,4.724409448818898,8.740157480314963,1.1811023622047243,0.7086614173228347,0.9448818897637796,0.2362204724409449,0.0,0.0,0.0,0.0,0.0,0.0,0.0,0.0,0.0,0.0,3.900053424711912,39.8630815,-88.15897799999999,12,14,126661,C
0.8988037900149348,2.0852135113573587,2.1483704601779503,95.69451233855462,1.048655740593308,3.160409556313993,0.0,0.4948805460750853,0.7407407407407407,0.1851851851851851,0.3703703703703703,0.9259259259259262,0.5555555555555557,0.185185185185185,0.9259259259259262,1.2962962962962965,2.037037037037037,2.592592592592593,2.9629629629629632,1.8518518518518488,2.777777777777778,3.7037037037037046,0.9259259259259262,1.2962962962962965,1.1111111111111114,1.1111111111111112,4.25925925925926,0.1851851851851852,0.0,0.0,0.0,0.0,0.0,0.0,0.0,0.0,0.0,0.0,0.3703703703703703,0.0,0.0,0.1851851851851852,0.1851851851851852,0.0,0.3703703703703704,0.5555555555555556,0.1851851851851852,0.925925925925926,0.3703703703703704,0.0,0.1851851851851852,0.0,0.1851851851851852,0.0,0.0,0.0,0.925925925925926,0.0,0.0,0.0,0.0,0.0,0.0,0.0,0.0,0.0,0.0,0.0,0.3703703703703703,0.1851851851851851,0.3703703703703703,0.7407407407407409,0.3703703703703704,0.0,0.3703703703703704,0.1851851851851852,0.3703703703703704,0.7407407407407409,0.925925925925926,0.7407407407407397,1.2962962962962967,2.592592592592593,0.3703703703703704,0.7407407407407409,0.1851851851851852,0.1851851851851852,0.1851851851851852,0.0,0.0,0.0,0.0,0.0,0.0,0.0,0.0,0.0,0.0,0.0,0.0,0.0,0.0,0.0,0.0,0.0,0.1851851851851852,0.3703703703703704,0.925925925925926,0.3703703703703704,0.925925925925926,0.0,0.1851851851851852,0.7407407407407409,0.3703703703703704,0.1851851851851852,0.3703703703703704,0.925925925925926,2.4074074074074083,0.1851851851851852,0.0,0.0,0.0,0.0,0.0,0.0,0.0,0.0,0.0,0.0,12,18532504.31252238,3.573258833160624,3.848721537455393,162,0.7407407407407407,0.1851851851851851,0.3703703703703703,0.9259259259259262,0.5555555555555557,0.185185185185185,0.9259259259259262,1.2962962962962967,2.037037037037037,2.592592592592593,2.962962962962964,1.851851851851849,2.7777777777777786,3.7037037037037046,0.9259259259259262,1.2962962962962967,1.1111111111111114,1.1111111111111114,4.25925925925926,0.1851851851851852,0.0,0.0,0.0,0.0,0.0,0.0,0.0,0.0,0.0,0.0,5.819296121102928,40.7623755,-87.997547,12,12,126687,C
0.5920227123299733,2.7899307333699137,2.8227547491772262,83.33111146978366,1.0601288773226414,3.098445595854922,0.0,0.5854922279792746,0.0986842105263157,0.2960526315789473,0.1973684210526315,0.5921052631578949,0.2960526315789474,0.6907894736842102,1.4802631578947372,1.1842105263157898,2.072368421052632,2.2697368421052637,2.171052631578948,2.467105263157891,1.8750000000000004,4.440789473684212,1.4802631578947372,2.467105263157895,1.2828947368421055,1.085526315789474,3.157894736842106,0.2960526315789474,0.0986842105263158,0.0,0.0,0.0,0.0,0.0,0.0,0.0,0.0,0.0,0.0,0.1973684210526315,0.0986842105263157,0.2960526315789474,0.0,0.1973684210526314,0.0986842105263158,0.1973684210526316,0.0986842105263158,0.2960526315789474,0.0986842105263158,0.0986842105263156,0.0,0.2960526315789474,0.0,0.0986842105263158,0.0986842105263158,0.0986842105263158,0.0986842105263158,0.0,0.0,0.0,0.0,0.0,0.0,0.0,0.0,0.0,0.0,0.0,0.0,0.0986842105263157,0.0986842105263157,0.2960526315789474,0.2960526315789474,0.4934210526315786,0.6907894736842107,0.4934210526315791,0.8881578947368423,1.2828947368421055,0.4934210526315791,0.592105263157894,0.6907894736842107,2.269736842105264,0.7894736842105265,1.2828947368421055,0.1973684210526316,0.2960526315789474,2.36842105263158,0.2960526315789474,0.0,0.0,0.0,0.0,0.0,0.0,0.0,0.0,0.0,0.0,0.0,0.0,0.0,0.0,0.0,0.0,0.0,0.1973684210526316,0.2960526315789474,0.0986842105263158,0.493421052631579,0.6907894736842095,0.6907894736842107,0.7894736842105264,0.2960526315789474,0.986842105263158,0.8881578947368423,0.6907894736842107,0.6907894736842107,0.0,0.0986842105263158,0.0,0.0,0.0,0.0,0.0,0.0,0.0,0.0,0.0,12,55626682.60703485,2.752815689539537,3.5769171920957743,304,0.0986842105263157,0.2960526315789473,0.1973684210526315,0.5921052631578948,0.2960526315789474,0.6907894736842101,1.4802631578947372,1.1842105263157896,2.072368421052632,2.269736842105264,2.171052631578948,2.467105263157891,1.8750000000000004,4.440789473684212,1.4802631578947372,2.467105263157895,1.2828947368421055,1.085526315789474,3.157894736842106,0.2960526315789474,0.0986842105263158,0.0,0.0,0.0,0.0,0.0,0.0,0.0,0.0,0.0,5.677276658311602,38.726108,-87.683774,12,13,126967,C
0.9069078869497154,2.056631783422906,2.163474691970673,64.07483236751075,1.0381932440529034,3.25764192139738,0.0,0.4388646288209607,0.1067615658362989,0.8007117437722421,1.281138790035587,1.7081850533807834,1.120996441281139,2.6156583629893224,2.348754448398577,2.5088967971530254,1.3345195729537371,2.02846975088968,0.9608540925266906,1.1743772241992867,0.7473309608540927,1.1209964412811393,1.4946619217081856,1.8149466192170824,1.0142348754448405,1.4412811387900355,3.9501779359430618,0.4270462633451958,0.0,0.0,0.0,0.0,0.0,0.0,0.0,0.0,0.0,0.0,0.0,0.2669039145907473,0.587188612099644,0.6939501779359433,0.3736654804270463,0.8007117437722414,1.0676156583629894,0.5338078291814947,0.0533807829181494,0.2135231316725979,0.0533807829181494,0.1067615658362987,0.1067615658362989,0.0,0.1067615658362989,0.2135231316725979,0.1067615658362989,0.3202846975088968,0.4270462633451958,0.0,0.0,0.0,0.0,0.0,0.0,0.0,0.0,0.0,0.0,0.0,0.0,0.5338078291814947,0.693950177935943,0.8540925266903917,0.4804270462633453,0.6939501779359427,0.2135231316725979,0.1601423487544484,0.3736654804270464,0.3736654804270464,0.2669039145907474,0.3736654804270457,0.3736654804270464,0.4270462633451958,0.7473309608540928,1.120996441281139,0.4804270462633453,0.1601423487544484,0.6405693950177938,0.1067615658362989,0.0,0.0,0.0,0.0,0.0,0.0,0.0,0.0,0.0,0.0,0.0,0.0,0.0,0.0533807829181494,0.0533807829181494,0.4270462633451954,0.2669039145907474,0.7473309608540928,0.4804270462633453,0.9608540925266906,0.5338078291814948,0.2135231316725975,0.1601423487544484,0.4804270462633453,0.2669039145907474,0.3736654804270464,0.1601423487544484,0.6939501779359433,1.6548042704626338,0.1601423487544484,0.0,0.0,0.0,0.0,0.0,0.0,0.0,0.0,0.0,0.0,12,31152615.595025863,4.173900328063406,4.00420024750242,562,0.1067615658362989,0.800711743772242,1.281138790035587,1.7081850533807834,1.120996441281139,2.6156583629893224,2.348754448398577,2.5088967971530254,1.334519572953737,2.02846975088968,0.9608540925266906,1.1743772241992867,0.7473309608540927,1.120996441281139,1.4946619217081851,1.8149466192170824,1.01423487544484,1.441281138790036,3.950177935943061,0.4270462633451958,0.0,0.0,0.0,0.0,0.0,0.0,0.0,0.0,0.0,0.0,7.393133169290406,40.293288,-90.05387920000001,12,12,126975,C
0.2118995131575384,3.337275025319406,3.230041200022046,141.7410487160859,1.0593234729928152,2.4504504504504503,0.0,0.6846846846846847,0.0,1.25,0.0,0.0,2.5000000000000004,3.749999999999998,3.750000000000001,1.2500000000000002,2.5000000000000004,2.500000000000001,2.5000000000000004,1.2499999999999982,2.5000000000000004,2.500000000000001,0.0,0.0,2.500000000000001,1.2500000000000002,0.0,0.0,0.0,0.0,0.0,0.0,0.0,0.0,0.0,0.0,0.0,0.0,0.0,1.25,0.0,0.0,0.0,0.0,2.5000000000000004,0.0,0.0,0.0,1.2500000000000002,0.0,0.0,0.0,0.0,0.0,0.0,0.0,0.0,0.0,0.0,0.0,0.0,0.0,0.0,0.0,0.0,0.0,0.0,0.0,0.0,0.0,0.0,0.0,2.5000000000000004,3.749999999999998,1.2500000000000002,1.2500000000000002,2.5000000000000004,1.2500000000000002,1.2500000000000002,0.0,1.2500000000000002,1.2500000000000002,0.0,0.0,0.0,1.2500000000000002,0.0,0.0,0.0,0.0,0.0,0.0,0.0,0.0,0.0,0.0,0.0,0.0,0.0,0.0,0.0,0.0,0.0,0.0,0.0,0.0,0.0,0.0,0.0,0.0,1.2500000000000002,0.0,0.0,0.0,0.0,0.0,0.0,0.0,0.0,0.0,0.0,0.0,0.0,0.0,0.0,0.0,0.0,0.0,12,2042102.2254403564,3.69740072131902,3.324256787134509,24,0.0,1.25,0.0,0.0,2.5000000000000004,3.749999999999998,3.75,1.2500000000000002,2.5000000000000004,2.5000000000000004,2.5000000000000004,1.2499999999999982,2.5000000000000004,2.5000000000000004,0.0,0.0,2.5000000000000004,1.2500000000000002,0.0,0.0,0.0,0.0,0.0,0.0,0.0,0.0,0.0,0.0,0.0,0.0,6.1377860868804826,43.68081705,0.9926834,12,13,127016,C
0.4949022539345192,2.948123635050228,2.99309604428006,36.32625778212477,1.084003800720992,2.701863354037267,0.0,0.5341614906832298,0.2857142857142857,0.2857142857142857,0.5714285714285713,1.142857142857143,0.5714285714285716,1.714285714285713,0.2857142857142858,2.0000000000000004,1.7142857142857146,2.2857142857142865,2.0000000000000004,1.1428571428571412,3.142857142857144,3.142857142857144,1.7142857142857146,3.142857142857144,1.7142857142857149,1.4285714285714288,1.7142857142857146,0.0,0.0,0.0,0.0,0.0,0.0,0.0,0.0,0.0,0.0,0.0,0.0,0.2857142857142857,0.2857142857142856,0.8571428571428572,0.2857142857142857,1.142857142857142,0.0,0.5714285714285715,0.8571428571428572,1.428571428571429,0.8571428571428572,0.5714285714285706,0.2857142857142857,0.2857142857142857,0.5714285714285715,0.2857142857142857,0.5714285714285715,0.0,0.2857142857142857,0.0,0.0,0.0,0.0,0.0,0.0,0.0,0.0,0.0,0.0,0.0,0.0,0.0,0.2857142857142856,0.0,0.0,0.5714285714285711,0.2857142857142858,0.8571428571428573,0.2857142857142858,0.0,1.1428571428571432,0.2857142857142853,0.5714285714285716,0.5714285714285716,0.2857142857142858,0.2857142857142858,0.5714285714285716,0.5714285714285716,0.8571428571428573,0.0,0.0,0.0,0.0,0.0,0.0,0.0,0.0,0.0,0.0,0.0,0.0,0.0,0.0,0.0,0.0,0.0,0.0,0.2857142857142858,0.2857142857142858,0.0,0.0,0.0,0.2857142857142858,2.0000000000000004,0.8571428571428573,2.571428571428572,0.5714285714285716,0.8571428571428573,0.5714285714285716,0.0,0.0,0.0,0.0,0.0,0.0,0.0,0.0,0.0,0.0,0.0,12,1935732.9150296124,3.865244635446929,1.2192547936521003,105,0.2857142857142857,0.2857142857142857,0.5714285714285713,1.1428571428571432,0.5714285714285716,1.7142857142857133,0.2857142857142858,2.0000000000000004,1.7142857142857146,2.2857142857142865,2.0000000000000004,1.1428571428571412,3.1428571428571432,3.1428571428571432,1.7142857142857146,3.1428571428571432,1.7142857142857146,1.4285714285714288,1.7142857142857146,0.0,0.0,0.0,0.0,0.0,0.0,0.0,0.0,0.0,0.0,0.0,2.94674295763195,40.908994,-87.1620295,12,14,127241,C
0.5143864470985868,2.917697796313463,2.8661600325978465,70.20751505785883,1.0432460545478703,2.6754966887417218,0.0,0.609271523178808,0.625,0.0,1.2499999999999996,0.0,1.5625000000000004,1.5624999999999991,2.5000000000000004,0.9375000000000002,2.500000000000001,3.125000000000001,1.2500000000000004,1.5624999999999978,1.8750000000000004,0.9375000000000002,1.8750000000000004,4.375000000000001,0.6250000000000001,0.6250000000000001,2.187500000000001,0.3125000000000001,0.3125,0.0,0.0,0.0,0.0,0.0,0.0,0.0,0.0,0.0,0.3124999999999999,0.0,0.6249999999999998,0.0,0.6250000000000001,0.0,1.2500000000000002,0.3125,0.9375,0.6250000000000001,0.6250000000000001,0.3124999999999995,0.3125,0.0,0.0,0.0,0.0,0.3125,0.3125,0.0,0.3125,0.0,0.0,0.0,0.0,0.0,0.0,0.0,0.0,0.0,0.0,0.0,0.6249999999999999,0.0,0.0,0.0,0.6250000000000001,0.0,0.6250000000000001,0.6250000000000001,0.0,0.6249999999999991,0.3125,0.0,1.2500000000000002,2.8125000000000004,0.6250000000000001,0.0,0.6250000000000001,0.0,0.0,0.0,0.0,0.0,0.0,0.0,0.0,0.0,0.0,0.0,0.0,0.0,0.0,0.0,0.3125000000000001,0.6249999999999997,0.0,0.3125000000000001,0.6250000000000002,0.6250000000000002,0.6250000000000002,0.6249999999999991,1.2500000000000004,0.9375000000000002,0.6250000000000002,1.5625000000000004,0.0,0.0,1.2500000000000004,0.3125000000000001,0.0,0.0,0.0,0.0,0.0,0.0,0.0,0.0,0.0,0.0,12,3977386.050814349,1.9222289631729943,3.854075879081618,96,0.625,0.0,1.2499999999999998,0.0,1.5625000000000002,1.5624999999999991,2.5000000000000004,0.9375,2.5000000000000004,3.1250000000000004,1.2500000000000002,1.5624999999999976,1.875,0.9375,1.875,4.375000000000001,0.6250000000000001,0.6250000000000001,2.1875000000000004,0.3125,0.3125,0.0,0.0,0.0,0.0,0.0,0.0,0.0,0.0,0.0,3.4544130244139923,40.1131236,-85.59229085,13,12,127246,C
0.6655147182964942,2.6572067616666866,2.738204893309833,74.35217444204514,1.0781483687203963,3.1053901850362027,0.0,0.6098149637972646,0.0455927051671732,0.2279635258358662,0.0455927051671732,0.1367781155015197,0.5015197568389058,0.7294832826747716,1.1398176291793316,0.9118541033434652,1.778115501519757,2.644376899696049,2.462006079027356,2.5987841945288714,1.5045592705167177,1.8237082066869303,2.735562310030396,3.647416413373861,2.1428571428571432,1.0942249240121582,3.465045592705168,0.364741641337386,0.0,0.0,0.0,0.0,0.0,0.0,0.0,0.0,0.0,0.0,0.0,0.1367781155015197,0.0,0.0911854103343465,0.1367781155015197,0.0455927051671732,0.1367781155015197,0.0911854103343465,0.0911854103343465,0.0455927051671732,0.2279635258358663,0.1823708206686927,0.0455927051671732,0.0,0.0,0.0,0.0,0.0,0.0,0.0,0.0,0.0,0.0,0.0,0.0,0.0,0.0,0.0,0.0,0.0,0.0,0.0911854103343465,0.0,0.0,0.182370820668693,0.1367781155015196,0.3191489361702128,0.182370820668693,0.5927051671732524,1.0942249240121582,0.8206686930091186,0.4559270516717317,0.6382978723404257,0.6382978723404257,1.5957446808510642,2.872340425531916,1.5045592705167177,0.7750759878419454,3.1914893617021285,0.2279635258358663,0.0,0.0,0.0,0.0,0.0,0.0,0.0,0.0,0.0,0.0,0.0,0.0,0.0455927051671732,0.0455927051671732,0.1367781155015197,0.1367781155015196,0.2735562310030395,0.2735562310030395,0.4103343465045593,0.4559270516717326,0.364741641337386,0.501519756838905,0.4103343465045593,0.6838905775075989,0.7294832826747721,0.4103343465045593,0.4559270516717326,0.3191489361702128,0.2735562310030395,0.1367781155015197,0.0,0.0,0.0,0.0,0.0,0.0,0.0,0.0,0.0,0.0,12,103802079.07414028,3.640913192552514,4.255391788666369,658,0.0455927051671732,0.2279635258358662,0.0455927051671732,0.1367781155015197,0.5015197568389058,0.7294832826747716,1.1398176291793314,0.9118541033434652,1.7781155015197572,2.644376899696049,2.4620060790273564,2.5987841945288714,1.5045592705167177,1.8237082066869303,2.735562310030396,3.6474164133738607,2.1428571428571432,1.0942249240121582,3.465045592705168,0.3647416413373861,0.0,0.0,0.0,0.0,0.0,0.0,0.0,0.0,0.0,0.0,8.695539764934523,39.5203745,-87.123289,12,12,127455,C
0.9084130296809092,2.051188196943897,2.077269658727852,86.7361868947908,1.0540243727644456,3.087893864013267,0.0,0.648424543946932,0.1898734177215189,0.0,0.0,0.0949367088607595,0.189873417721519,0.6645569620253161,1.0443037974683549,1.329113924050633,2.373417721518988,4.177215189873419,2.0886075949367093,1.993670886075947,2.0886075949367093,2.0886075949367093,1.9936708860759496,2.6582278481012667,1.9936708860759496,2.0886075949367093,2.6582278481012667,0.189873417721519,0.0949367088607595,0.0,0.0,0.0,0.0,0.0,0.0,0.0,0.0,0.0,0.0,0.0,0.0,0.0,0.0949367088607595,0.1898734177215189,0.2848101265822785,0.2848101265822785,0.2848101265822785,0.189873417721519,0.189873417721519,0.0,0.0949367088607595,0.2848101265822785,0.0,0.189873417721519,0.189873417721519,0.0949367088607595,0.189873417721519,0.0,0.0,0.0,0.0,0.0,0.0,0.0,0.0,0.0,0.0,0.0,0.0,0.0,0.0,0.0949367088607595,0.0949367088607595,0.2848101265822783,0.2848101265822785,0.0949367088607595,0.2848101265822785,0.9493670886075952,0.6645569620253167,0.5696202531645562,0.9493670886075952,1.0443037974683549,1.329113924050633,1.6139240506329118,0.7594936708860761,1.0443037974683549,1.4240506329113929,0.0949367088607595,0.0949367088607595,0.0,0.0,0.0,0.0,0.0,0.0,0.0,0.0,0.0,0.0,0.0,0.0,0.0,0.0,0.1898734177215189,0.0,0.4746835443037975,1.0443037974683549,1.4240506329113929,0.8544303797468356,0.7594936708860748,0.6645569620253167,0.569620253164557,0.379746835443038,0.569620253164557,0.7594936708860761,0.8544303797468356,1.0443037974683549,0.0949367088607595,0.0,0.0,0.0,0.0,0.0,0.0,0.0,0.0,0.0,0.0,12,40479343.51404449,3.8362350070830433,2.4368393024997204,316,0.189873417721519,0.0,0.0,0.0949367088607595,0.189873417721519,0.664556962025316,1.0443037974683549,1.329113924050633,2.373417721518988,4.177215189873419,2.0886075949367093,1.9936708860759464,2.0886075949367093,2.0886075949367093,1.9936708860759496,2.6582278481012667,1.9936708860759496,2.0886075949367093,2.6582278481012667,0.189873417721519,0.0949367088607595,0.0,0.0,0.0,0.0,0.0,0.0,0.0,0.0,0.0,4.854471068257246,39.098463,-87.40481750000001,12,13,127900,C
0.6366426709736506,2.7109352366894828,2.626466429525034,94.07779211947692,1.0884324258650395,2.4702549575070822,0.0,0.5694050991501416,0.9523809523809524,2.3809523809523805,2.3809523809523805,0.4761904761904763,0.9523809523809526,0.0,0.9523809523809526,1.4285714285714288,2.3809523809523814,1.904761904761905,0.0,0.4761904761904755,4.285714285714287,1.4285714285714288,0.9523809523809526,0.9523809523809526,1.4285714285714288,2.8571428571428577,3.333333333333334,0.4761904761904763,0.0,0.0,0.0,0.0,0.0,0.0,0.0,0.0,0.0,0.0,0.0,1.4285714285714284,1.904761904761904,0.0,0.9523809523809526,0.0,0.4761904761904763,0.9523809523809526,0.0,0.9523809523809526,0.0,0.0,0.4761904761904763,0.4761904761904763,0.0,0.0,0.0,0.0,0.0,0.0,0.0,0.0,0.0,0.0,0.0,0.0,0.0,0.0,0.0,0.0,0.9523809523809524,0.9523809523809524,0.0,0.4761904761904763,0.0,0.0,0.0,0.4761904761904763,1.904761904761905,0.9523809523809526,0.0,0.0,0.0,0.0,0.4761904761904763,0.9523809523809526,0.4761904761904763,1.904761904761905,1.4285714285714286,0.4761904761904763,0.0,0.0,0.0,0.0,0.0,0.0,0.0,0.0,0.0,0.0,0.0,0.0,0.476190476190476,0.0,0.0,0.0,0.0,0.0,0.0,0.0,0.0,0.4761904761904755,0.4761904761904763,0.0,0.0,0.0,0.4761904761904763,0.4761904761904763,1.4285714285714288,0.0,0.0,0.0,0.0,0.0,0.0,0.0,0.0,0.0,0.0,0.0,12,13649259.950485587,3.032033148293384,4.620305158839794,63,0.9523809523809524,2.380952380952381,2.3809523809523805,0.4761904761904763,0.9523809523809528,0.0,0.9523809523809528,1.4285714285714288,2.3809523809523814,1.904761904761905,0.0,0.4761904761904755,4.285714285714287,1.4285714285714288,0.9523809523809528,0.9523809523809528,1.4285714285714288,2.8571428571428577,3.3333333333333344,0.4761904761904763,0.0,0.0,0.0,0.0,0.0,0.0,0.0,0.0,0.0,0.0,9.04393925501448,39.59724645,-85.85061395,12,12,127930,C
0.1160568330004215,3.4525211743848723,3.4762801668658225,137.46816101342876,1.07587565489325,2.7338501291989665,0.0,0.8242894056847545,0.0,0.2142857142857142,0.4285714285714284,0.4285714285714286,0.6428571428571429,0.8571428571428565,1.285714285714286,2.3571428571428577,2.785714285714286,2.1428571428571432,1.0714285714285716,2.3571428571428537,2.785714285714286,3.214285714285715,1.9285714285714288,2.3571428571428577,1.2857142857142858,2.571428571428572,0.4285714285714286,0.8571428571428573,0.0,0.0,0.0,0.0,0.0,0.0,0.0,0.0,0.0,0.0,0.0,0.0,0.0,0.0,0.0,0.0,0.4285714285714286,0.0,0.0,0.4285714285714286,0.2142857142857143,0.0,0.0,0.0,0.0,0.0,0.0,0.0,0.0,0.0,0.0,0.0,0.0,0.0,0.0,0.0,0.0,0.0,0.0,0.0,0.0,0.2142857142857142,0.4285714285714284,0.4285714285714286,0.6428571428571429,0.2142857142857141,0.4285714285714286,0.8571428571428572,0.4285714285714286,0.8571428571428572,0.0,0.6428571428571419,0.4285714285714286,0.6428571428571429,0.2142857142857143,0.6428571428571429,0.0,0.4285714285714286,0.2142857142857143,0.0,0.0,0.0,0.0,0.0,0.0,0.0,0.0,0.0,0.0,0.0,0.0,0.0,0.0,0.0,0.0,0.2142857142857141,0.2142857142857143,0.4285714285714286,1.2857142857142858,0.6428571428571429,0.6428571428571429,0.857142857142856,1.2857142857142858,1.7142857142857146,0.8571428571428573,0.8571428571428573,0.6428571428571429,1.7142857142857146,0.0,0.8571428571428573,0.0,0.0,0.0,0.0,0.0,0.0,0.0,0.0,0.0,0.0,12,25890799.374817666,3.1622782240705565,4.362845377571299,140,0.0,0.2142857142857142,0.4285714285714285,0.4285714285714286,0.6428571428571429,0.8571428571428567,1.2857142857142858,2.3571428571428577,2.7857142857142865,2.1428571428571432,1.0714285714285716,2.357142857142854,2.7857142857142865,3.2142857142857157,1.928571428571429,2.3571428571428577,1.2857142857142858,2.571428571428572,0.4285714285714286,0.8571428571428573,0.0,0.0,0.0,0.0,0.0,0.0,0.0,0.0,0.0,0.0,8.261606252144146,44.95525355,-0.2036698,12,12,1279486,C
0.5034277742948987,2.934884025069465,3.139149787284617,98.861793383516,1.142561175127197,2.6538461538461537,0.0,0.5641025641025641,0.0,1.5384615384615383,0.769230769230769,3.846153846153847,2.3076923076923084,1.5384615384615374,6.153846153846154,0.7692307692307694,2.307692307692308,0.7692307692307694,2.307692307692308,0.7692307692307682,1.5384615384615388,0.7692307692307694,1.5384615384615388,0.7692307692307694,0.0,0.7692307692307694,1.5384615384615388,0.0,0.0,0.0,0.0,0.0,0.0,0.0,0.0,0.0,0.0,0.0,0.0,0.7692307692307692,0.0,1.5384615384615388,1.5384615384615388,0.0,2.307692307692308,0.7692307692307694,0.0,0.7692307692307694,2.307692307692308,0.0,0.0,0.0,0.0,0.0,0.0,0.0,0.0,0.0,0.0,0.0,0.0,0.0,0.0,0.0,0.0,0.0,0.0,0.0,0.0,0.7692307692307692,0.769230769230769,2.307692307692308,0.7692307692307694,0.0,3.076923076923077,0.0,2.307692307692308,0.0,0.0,0.0,0.0,0.7692307692307694,0.0,0.0,0.0,0.0,0.0,0.0,0.0,0.0,0.0,0.0,0.0,0.0,0.0,0.0,0.0,0.0,0.0,0.0,0.0,0.0,0.0,1.5384615384615374,0.7692307692307694,0.0,0.0,0.0,0.0,0.0,0.7692307692307694,0.0,0.7692307692307694,0.0,0.0,0.0,0.0,0.0,0.0,0.0,0.0,0.0,0.0,0.0,0.0,0.0,0.0,0.0,12,534312.1865368157,4.464529646666721,3.47009937732073,39,0.0,1.5384615384615383,0.769230769230769,3.846153846153847,2.307692307692308,1.5384615384615377,6.153846153846155,0.7692307692307694,2.307692307692308,0.7692307692307694,2.307692307692308,0.7692307692307682,1.5384615384615388,0.7692307692307694,1.5384615384615388,0.7692307692307694,0.0,0.7692307692307694,1.5384615384615388,0.0,0.0,0.0,0.0,0.0,0.0,0.0,0.0,0.0,0.0,0.0,4.942261063172428,43.0484294,-91.19600785,12,13,128346,C
0.950669854817504,1.8741843859918657,2.205268177268884,69.44415157630475,1.045426631366761,3.249438202247191,0.0,0.4224719101123595,0.1119402985074626,0.6716417910447761,1.4552238805970148,2.798507462686568,2.0149253731343286,0.7835820895522384,0.4477611940298509,1.6791044776119408,2.46268656716418,1.2313432835820897,0.6716417910447763,1.34328358208955,1.455223880597015,1.2313432835820897,1.455223880597015,1.567164179104478,2.0149253731343286,2.0149253731343286,4.141791044776121,0.4477611940298509,0.0,0.0,0.0,0.0,0.0,0.0,0.0,0.0,0.0,0.0,0.0,0.2238805970149253,0.7835820895522386,2.6865671641791047,1.4552238805970152,0.1119402985074626,0.1119402985074627,0.3358208955223881,0.4477611940298509,0.3358208955223881,0.0,0.223880597014925,0.1119402985074627,0.1119402985074627,0.4477611940298509,0.0,0.2238805970149254,0.1119402985074627,0.6716417910447762,0.1119402985074627,0.0,0.0,0.0,0.0,0.0,0.0,0.0,0.0,0.0,0.0,0.0,0.4477611940298507,0.5597014925373134,0.0,0.5597014925373136,0.5597014925373132,0.1119402985074627,0.7835820895522391,0.4477611940298509,0.2238805970149254,0.1119402985074627,0.0,0.3358208955223881,0.2238805970149254,0.2238805970149254,0.0,0.5597014925373136,0.1119402985074627,1.567164179104478,0.2238805970149254,0.0,0.0,0.0,0.0,0.0,0.0,0.0,0.0,0.0,0.0,0.0,0.0,0.1119402985074626,0.0,0.0,0.1119402985074626,0.2238805970149254,0.5597014925373135,1.0074626865671643,0.3358208955223881,0.4477611940298508,1.0074626865671623,0.6716417910447762,0.5597014925373135,0.5597014925373135,1.567164179104478,0.6716417910447762,0.3358208955223881,0.1119402985074627,0.1119402985074627,0.0,0.0,0.0,0.0,0.0,0.0,0.0,0.0,0.0,0.0,12,6830469.096558843,2.606283670776524,2.4298617157906994,268,0.1119402985074626,0.6716417910447762,1.4552238805970148,2.798507462686568,2.0149253731343286,0.7835820895522383,0.4477611940298509,1.6791044776119408,2.4626865671641798,1.2313432835820897,0.6716417910447762,1.3432835820895503,1.4552238805970152,1.2313432835820897,1.4552238805970152,1.567164179104478,2.0149253731343286,2.0149253731343286,4.14179104477612,0.4477611940298509,0.0,0.0,0.0,0.0,0.0,0.0,0.0,0.0,0.0,0.0,4.069856429561877,42.6685536,-92.3323387,12,13,128512,C
0.8885735308864643,2.1197056652958257,2.302825390282305,93.04408438992309,1.0766390802441397,2.9263157894736844,0.0,0.5552631578947368,0.7547169811320755,0.0,0.0,0.1886792452830189,2.075471698113208,0.7547169811320751,1.1320754716981134,0.7547169811320757,1.5094339622641513,1.8867924528301887,2.830188679245284,0.3773584905660372,1.5094339622641513,0.1886792452830189,5.660377358490567,3.773584905660378,1.1320754716981134,2.830188679245284,2.075471698113208,0.1886792452830189,0.1886792452830189,0.1886792452830189,0.0,0.0,0.0,0.0,0.0,0.0,0.0,0.0,0.0,0.0,0.0,0.0,0.0,0.0,0.1886792452830189,0.1886792452830189,0.5660377358490567,0.1886792452830189,0.1886792452830189,0.0,0.0,0.0,0.0,0.1886792452830189,0.0,0.0,0.1886792452830189,0.1886792452830189,0.0,0.0,0.0,0.0,0.0,0.0,0.0,0.0,0.0,0.0,0.0,0.0,0.0,0.1886792452830189,0.9433962264150946,0.1886792452830187,0.3773584905660378,0.0,0.0,0.3773584905660378,0.7547169811320756,0.0,0.3773584905660378,0.0,4.716981132075472,3.2075471698113214,0.5660377358490567,1.3207547169811324,0.5660377358490567,0.0,0.0,0.0,0.0,0.0,0.0,0.0,0.0,0.0,0.0,0.0,0.0,0.0,0.0,0.0,0.0,0.1886792452830187,0.0,0.1886792452830189,0.5660377358490567,0.1886792452830189,0.7547169811320756,0.3773584905660372,0.7547169811320756,0.1886792452830189,0.5660377358490567,0.3773584905660378,0.5660377358490567,1.3207547169811324,1.3207547169811324,0.0,0.0,0.0,0.0,0.0,0.0,0.0,0.0,0.0,0.0,0.0,12,9053554.721168902,2.246088693297468,4.320748954750365,159,0.7547169811320755,0.0,0.0,0.1886792452830189,2.075471698113208,0.754716981132075,1.1320754716981134,0.7547169811320756,1.5094339622641513,1.886792452830189,2.830188679245284,0.3773584905660372,1.5094339622641513,0.1886792452830189,5.660377358490568,3.773584905660378,1.1320754716981134,2.830188679245284,2.075471698113208,0.1886792452830189,0.1886792452830189,0.1886792452830189,0.0,0.0,0.0,0.0,0.0,0.0,0.0,0.0,5.277106004161773,41.58969145,-91.0313141,13,12,128601,C
0.6572301397860758,2.67285318500012,2.7708611921126227,91.16576310101736,1.0839625409646274,3.149847094801223,0.0,0.5749235474006116,0.0,0.3409090909090909,0.1704545454545454,0.1704545454545454,2.3863636363636367,3.068181818181817,0.5113636363636365,0.5113636363636365,1.022727272727273,1.8750000000000004,1.875,1.1931818181818163,1.3636363636363638,2.2159090909090917,2.727272727272728,2.5568181818181825,2.2159090909090917,2.7272727272727275,2.3863636363636367,0.5113636363636365,0.1704545454545454,0.0,0.0,0.0,0.0,0.0,0.0,0.0,0.0,0.0,0.0,0.3409090909090909,0.1704545454545454,0.0,0.0,0.0,0.1704545454545455,0.5113636363636365,0.0,0.0,0.1704545454545455,0.0,0.0,0.0,0.0,0.0,0.0,0.0,0.0,0.0,0.0,0.0,0.0,0.0,0.0,0.0,0.0,0.0,0.0,0.0,0.0,0.0,0.0,0.0,0.340909090909091,0.1704545454545453,0.1704545454545455,0.0,0.5113636363636365,1.022727272727273,0.340909090909091,0.1704545454545452,0.681818181818182,0.8522727272727274,1.8750000000000004,1.5340909090909094,0.8522727272727274,2.2159090909090917,1.7045454545454548,0.5113636363636365,0.0,0.0,0.0,0.0,0.0,0.0,0.0,0.0,0.0,0.0,0.0,0.0,0.0,0.0,0.3409090909090909,0.1704545454545453,0.1704545454545454,0.0,0.5113636363636365,0.8522727272727274,1.1931818181818183,0.852272727272726,0.3409090909090909,1.1931818181818183,0.8522727272727274,1.022727272727273,0.8522727272727274,0.5113636363636365,0.6818181818181819,0.0,0.1704545454545454,0.0,0.0,0.0,0.0,0.0,0.0,0.0,0.0,0.0,12,20449227.781797584,2.412083561568521,2.994259069730295,176,0.0,0.3409090909090909,0.1704545454545454,0.1704545454545455,2.386363636363637,3.068181818181816,0.5113636363636365,0.5113636363636365,1.022727272727273,1.875,1.875,1.1931818181818163,1.363636363636364,2.215909090909092,2.727272727272728,2.5568181818181825,2.215909090909092,2.727272727272728,2.386363636363637,0.5113636363636365,0.1704545454545455,0.0,0.0,0.0,0.0,0.0,0.0,0.0,0.0,0.0,3.43568753435419,41.1784848,-91.18404005,12,13,128624,C
0.4338390345826605,3.039855834336268,3.1059241808615217,81.6748566584995,1.114934380543412,2.85336856010568,0.0,0.6591809775429326,0.8391608391608392,0.3146853146853147,0.6293706293706292,0.5244755244755246,0.6293706293706295,0.8391608391608386,1.0489510489510492,1.9930069930069931,1.3636363636363638,2.6223776223776225,2.097902097902098,2.832167832167828,1.6783216783216786,2.727272727272728,2.202797202797204,3.671328671328672,1.363636363636364,0.7342657342657344,1.7832167832167831,0.1048951048951049,0.0,0.0,0.0,0.0,0.0,0.0,0.0,0.0,0.0,0.0,0.4195804195804196,0.3146853146853147,0.3146853146853146,0.1048951048951049,0.2097902097902098,0.3146853146853144,0.3146853146853147,0.3146853146853147,0.3146853146853147,0.6293706293706294,0.4195804195804196,0.1048951048951047,0.1048951048951049,0.2097902097902098,0.1048951048951049,0.0,0.2097902097902098,0.2097902097902098,0.3146853146853147,0.0,0.0,0.0,0.0,0.0,0.0,0.0,0.0,0.0,0.0,0.0,0.0,0.0,0.3146853146853146,0.4195804195804197,0.4195804195804197,0.3146853146853144,0.4195804195804197,0.7342657342657345,0.4195804195804197,0.7342657342657345,0.6293706293706294,1.0489510489510474,0.6293706293706294,0.7342657342657345,1.363636363636364,3.1468531468531475,0.4195804195804197,0.2097902097902098,0.6293706293706294,0.1048951048951049,0.0,0.0,0.0,0.0,0.0,0.0,0.0,0.0,0.0,0.0,0.0,0.0,0.0,0.0,0.0,0.2097902097902096,0.2097902097902098,0.5244755244755246,0.3146853146853147,0.3146853146853147,0.4195804195804196,0.6293706293706285,0.3146853146853147,1.153846153846154,0.5244755244755246,0.4195804195804196,0.4195804195804196,0.3146853146853147,0.7342657342657344,0.0,0.0,0.0,0.0,0.0,0.0,0.0,0.0,0.0,0.0,0.0,12,25408726.46307727,3.425592894232832,4.03687882019463,286,0.8391608391608392,0.3146853146853147,0.6293706293706293,0.5244755244755246,0.6293706293706295,0.8391608391608386,1.0489510489510492,1.9930069930069931,1.363636363636364,2.622377622377623,2.0979020979020984,2.832167832167828,1.6783216783216788,2.727272727272728,2.202797202797204,3.671328671328672,1.363636363636364,0.7342657342657345,1.7832167832167836,0.1048951048951049,0.0,0.0,0.0,0.0,0.0,0.0,0.0,0.0,0.0,0.0,7.624366094283024,41.04580765,-95.7417747,12,12,128856,C
0.4724103135173014,2.9825254159248327,3.0323504547021574,95.62441686845143,1.0687418197709158,2.927038626609442,0.0,0.6008583690987125,0.8910891089108912,0.297029702970297,0.0,1.7821782178217829,0.8910891089108914,0.5940594059405937,0.5940594059405943,0.2970297029702971,1.1881188118811885,3.2673267326732685,2.07920792079208,2.673267326732669,1.1881188118811885,2.673267326732674,1.1881188118811885,1.1881188118811885,3.564356435643565,2.673267326732674,1.7821782178217829,0.0,0.5940594059405941,0.297029702970297,0.297029702970297,0.0,0.0,0.0,0.0,0.0,0.0,0.0,0.5940594059405941,0.0,0.0,1.1881188118811885,0.2970297029702971,0.2970297029702968,0.0,0.0,0.2970297029702971,0.0,0.2970297029702971,0.0,0.0,0.0,0.0,0.0,0.0,0.0,0.0,0.0,0.0,0.0,0.0,0.0,0.0,0.0,0.0,0.0,0.0,0.0,0.0,0.297029702970297,0.0,0.5940594059405943,0.2970297029702971,0.2970297029702968,0.2970297029702971,0.2970297029702971,0.5940594059405943,2.07920792079208,0.8910891089108913,0.2970297029702966,0.0,1.4851485148514854,0.5940594059405943,0.5940594059405943,2.9702970297029707,1.1881188118811885,1.1881188118811885,0.0,0.0,0.0,0.0,0.0,0.0,0.0,0.0,0.0,0.0,0.0,0.0,0.0,0.0,0.0,0.2970297029702971,0.0,0.2970297029702971,0.0,0.2970297029702971,0.8910891089108913,0.2970297029702971,0.8910891089108899,0.5940594059405943,0.8910891089108913,0.5940594059405943,0.5940594059405943,0.5940594059405943,1.1881188118811885,0.5940594059405943,0.0,0.2970297029702971,0.0,0.0,0.0,0.0,0.0,0.0,0.0,0.0,0.0,12,5323028.919753774,2.0905233642533423,4.06537537331885,101,0.8910891089108911,0.297029702970297,0.0,1.7821782178217824,0.8910891089108912,0.5940594059405937,0.5940594059405943,0.2970297029702971,1.1881188118811885,3.267326732673268,2.07920792079208,2.673267326732669,1.1881188118811885,2.673267326732674,1.1881188118811885,1.1881188118811885,3.564356435643565,2.673267326732674,1.7821782178217824,0.0,0.5940594059405943,0.2970297029702971,0.2970297029702971,0.0,0.0,0.0,0.0,0.0,0.0,0.0,5.3435491879635215,42.3059543,-95.037553,13,12,128874,C
0.9052768818015272,2.062481121342594,2.0556609035466886,87.0003452881983,1.0333188838896616,3.0985915492957745,0.0,0.5352112676056338,0.0,0.0,0.0,0.0,0.0,0.0,0.0,1.5384615384615388,0.3846153846153847,2.3076923076923084,1.153846153846154,1.9230769230769205,3.461538461538462,1.1538461538461542,3.4615384615384626,8.461538461538463,1.9230769230769236,0.3846153846153847,3.076923076923077,0.7692307692307694,0.0,0.0,0.0,0.0,0.0,0.0,0.0,0.0,0.0,0.0,0.0,0.0,0.0,0.0,0.0,0.0,0.0,0.0,0.0,0.0,0.0,0.0,0.0,0.0,0.0,0.0,0.0,0.0,0.0,0.0,0.0,0.0,0.0,0.0,0.0,0.0,0.0,0.0,0.0,0.0,0.0,0.0,0.0,0.0,0.0,0.0,0.0,1.153846153846154,0.3846153846153847,1.153846153846154,0.0,0.0,0.3846153846153847,0.3846153846153847,2.692307692307693,6.53846153846154,1.153846153846154,0.3846153846153847,1.153846153846154,0.0,0.0,0.0,0.0,0.0,0.0,0.0,0.0,0.0,0.0,0.0,0.0,0.0,0.0,0.0,0.0,0.0,0.0,0.0,0.0,0.3846153846153847,0.0,0.3846153846153841,1.5384615384615388,0.0,0.7692307692307694,1.9230769230769236,0.7692307692307694,0.0,1.9230769230769236,0.7692307692307694,0.0,0.0,0.0,0.0,0.0,0.0,0.0,0.0,0.0,0.0,12,5896526.976904948,2.8338474240778013,1.6331452431934883,78,0.0,0.0,0.0,0.0,0.0,0.0,0.0,1.5384615384615388,0.3846153846153847,2.307692307692308,1.153846153846154,1.92307692307692,3.461538461538462,1.153846153846154,3.461538461538462,8.461538461538463,1.9230769230769236,0.3846153846153847,3.076923076923077,0.7692307692307694,0.0,0.0,0.0,0.0,0.0,0.0,0.0,0.0,0.0,0.0,2.7907850093805027,41.8945481,-95.23390985,12,14,129155,C
0.9374595984437708,1.935677576548344,1.9470679151904189,91.23995484544136,1.031128332221268,3.302439024390244,0.0,0.4853658536585366,0.0,0.4633204633204633,0.1158301158301158,0.2316602316602317,0.0,0.5791505791505788,0.6949806949806951,1.0424710424710426,1.3899613899613903,1.38996138996139,1.7374517374517375,2.779922779922776,2.084942084942085,1.2741312741312742,2.664092664092665,6.486486486486488,1.1583011583011584,1.1583011583011584,3.590733590733592,0.810810810810811,0.2316602316602317,0.1158301158301158,0.0,0.0,0.0,0.0,0.0,0.0,0.0,0.0,0.0,0.4633204633204633,0.1158301158301158,0.1158301158301158,0.0,0.0,0.0,0.1158301158301158,0.0,0.1158301158301158,0.0,0.1158301158301156,0.0,0.0,0.0,0.0,0.0,0.0,0.0,0.0,0.0,0.0,0.0,0.0,0.0,0.0,0.0,0.0,0.0,0.0,0.0,0.0,0.0,0.1158301158301158,0.0,0.1158301158301157,0.2316602316602317,0.3474903474903475,0.3474903474903475,0.694980694980695,0.4633204633204634,0.694980694980694,1.0424710424710428,0.4633204633204634,1.0424710424710428,5.55984555984556,0.4633204633204634,0.4633204633204634,1.737451737451738,0.2316602316602317,0.0,0.0,0.0,0.0,0.0,0.0,0.0,0.0,0.0,0.0,0.0,0.0,0.0,0.0,0.0,0.463320463320463,0.2316602316602317,0.2316602316602317,0.5791505791505792,0.2316602316602317,0.5791505791505792,1.1583011583011564,0.5791505791505792,0.2316602316602317,0.8108108108108111,0.6949806949806951,0.3474903474903476,0.5791505791505792,1.8532818532818536,0.4633204633204634,0.2316602316602317,0.1158301158301158,0.0,0.0,0.0,0.0,0.0,0.0,0.0,0.0,12,30006327.13384714,4.206349743388593,2.8909095627025816,259,0.0,0.4633204633204633,0.1158301158301158,0.2316602316602317,0.0,0.5791505791505788,0.694980694980695,1.0424710424710426,1.38996138996139,1.38996138996139,1.737451737451738,2.779922779922776,2.084942084942085,1.2741312741312742,2.6640926640926645,6.486486486486489,1.1583011583011584,1.1583011583011584,3.590733590733592,0.8108108108108111,0.2316602316602317,0.1158301158301158,0.0,0.0,0.0,0.0,0.0,0.0,0.0,0.0,4.490093237677815,39.750436,-99.319392,12,13,129659,C
0.9610818770895868,1.8196143344923916,1.9458097534066383,81.94757364990146,1.0296760300132242,3.1634615384615383,0.0,0.5384615384615384,0.0,0.125,0.0,0.5000000000000001,0.0,0.0,1.1250000000000002,0.8750000000000002,1.5000000000000004,2.6250000000000004,1.5000000000000002,1.2499999999999982,2.2500000000000004,2.3750000000000004,4.000000000000001,7.250000000000001,1.2500000000000002,1.5000000000000004,1.6250000000000004,0.25,0.0,0.0,0.0,0.0,0.0,0.0,0.0,0.0,0.0,0.0,0.0,0.125,0.0,0.125,0.0,0.0,0.125,0.0,0.0,0.25,0.0,0.0,0.125,0.0,0.0,0.0,0.0,0.0,0.0,0.0,0.0,0.0,0.0,0.0,0.0,0.0,0.0,0.0,0.0,0.0,0.0,0.0,0.0,0.375,0.0,0.0,1.0000000000000002,0.5000000000000001,0.375,0.7500000000000001,0.0,0.4999999999999993,1.3750000000000004,1.2500000000000002,3.1250000000000004,5.875000000000001,0.125,0.375,1.1250000000000002,0.125,0.0,0.0,0.0,0.0,0.0,0.0,0.0,0.0,0.0,0.0,0.0,0.0,0.0,0.0,0.0,0.0,0.0,0.125,0.5000000000000001,0.375,0.6250000000000001,0.4999999999999993,0.5000000000000001,0.375,0.125,0.8750000000000002,0.6250000000000001,0.6250000000000001,0.5000000000000001,0.125,0.0,0.0,0.0,0.0,0.0,0.0,0.0,0.0,0.0,0.0,12,23339036.386908345,3.8351062505804,3.9598337044003418,240,0.0,0.125,0.0,0.5000000000000001,0.0,0.0,1.1250000000000002,0.8750000000000002,1.5000000000000002,2.6250000000000004,1.5000000000000002,1.249999999999998,2.2500000000000004,2.3750000000000004,4.000000000000001,7.250000000000002,1.2500000000000002,1.5000000000000002,1.6250000000000004,0.25,0.0,0.0,0.0,0.0,0.0,0.0,0.0,0.0,0.0,0.0,3.1682093700052407,37.4224495,-95.6880295,12,12,129778,C
0.4286134300196607,3.047470758826437,3.109160593707334,77.34714109181353,1.0564504909336556,2.8452830188679243,0.0,0.6830188679245283,0.0,0.0,0.2777777777777777,0.0,0.0,0.8333333333333328,1.1111111111111114,1.9444444444444449,3.8888888888888897,3.055555555555556,3.333333333333334,2.7777777777777737,1.1111111111111114,0.8333333333333335,1.666666666666667,1.6666666666666672,2.5000000000000004,1.944444444444445,2.777777777777778,0.2777777777777778,0.0,0.0,0.0,0.0,0.0,0.0,0.0,0.0,0.0,0.0,0.0,0.0,0.0,0.0,0.0,0.5555555555555552,0.2777777777777778,0.0,1.1111111111111114,0.2777777777777778,0.5555555555555557,0.0,0.2777777777777778,0.2777777777777778,0.0,0.2777777777777778,0.5555555555555557,0.2777777777777778,0.0,0.0,0.0,0.0,0.0,0.0,0.0,0.0,0.0,0.0,0.0,0.0,0.0,0.0,0.2777777777777777,0.0,0.0,0.0,0.8333333333333335,1.1111111111111114,1.1111111111111114,2.5000000000000004,1.666666666666667,0.8333333333333321,0.2777777777777778,0.2777777777777778,0.2777777777777778,0.5555555555555557,1.388888888888889,1.1111111111111114,1.388888888888889,0.2777777777777778,0.0,0.0,0.0,0.0,0.0,0.0,0.0,0.0,0.0,0.0,0.0,0.0,0.0,0.0,0.0,0.2777777777777776,0.0,0.8333333333333335,1.1111111111111114,0.2777777777777778,1.1111111111111114,1.3888888888888868,0.5555555555555557,0.2777777777777778,0.5555555555555557,0.5555555555555557,0.5555555555555557,0.2777777777777778,0.8333333333333335,0.0,0.0,0.0,0.0,0.0,0.0,0.0,0.0,0.0,0.0,0.0,12,3354548.900665114,2.489904824339785,2.3575880370032976,108,0.0,0.0,0.2777777777777777,0.0,0.0,0.8333333333333328,1.1111111111111114,1.9444444444444449,3.8888888888888897,3.055555555555556,3.333333333333334,2.7777777777777737,1.1111111111111114,0.8333333333333335,1.666666666666667,1.666666666666667,2.5000000000000004,1.9444444444444449,2.777777777777778,0.2777777777777778,0.0,0.0,0.0,0.0,0.0,0.0,0.0,0.0,0.0,0.0,3.195060838149581,39.088784,-84.55073279999999,12,13,130327,C
0.2478966193114825,3.292191192193451,3.340933795587397,87.96368225868433,1.1103151054174984,2.6222222222222222,0.0,0.6730158730158731,0.7272727272727272,0.0,0.7272727272727271,1.4545454545454548,1.4545454545454548,1.2727272727272718,0.7272727272727274,0.7272727272727274,1.090909090909091,4.90909090909091,2.0000000000000004,2.727272727272723,1.636363636363637,2.0000000000000004,1.8181818181818183,2.0000000000000004,2.0000000000000004,0.9090909090909092,1.4545454545454548,0.3636363636363637,0.0,0.0,0.0,0.0,0.0,0.0,0.0,0.0,0.0,0.0,0.1818181818181818,0.0,0.0,1.272727272727273,0.3636363636363637,0.7272727272727267,0.1818181818181818,0.3636363636363637,0.3636363636363637,0.3636363636363637,0.3636363636363637,0.5454545454545447,0.3636363636363637,0.3636363636363637,0.3636363636363637,0.1818181818181818,0.7272727272727274,0.3636363636363637,0.1818181818181818,0.1818181818181818,0.0,0.0,0.0,0.0,0.0,0.0,0.0,0.0,0.0,0.0,0.0,0.0,0.1818181818181817,0.1818181818181818,0.7272727272727274,0.3636363636363634,0.1818181818181818,0.0,0.3636363636363637,2.363636363636364,0.9090909090909092,1.4545454545454524,0.5454545454545455,1.2727272727272732,0.7272727272727274,1.090909090909091,0.7272727272727274,0.5454545454545455,0.5454545454545455,0.1818181818181818,0.0,0.0,0.0,0.0,0.0,0.0,0.0,0.0,0.0,0.0,0.0,0.0,0.3636363636363635,0.0,0.1818181818181818,0.1818181818181817,0.3636363636363637,0.1818181818181818,0.3636363636363637,0.9090909090909092,0.3636363636363637,0.5454545454545446,0.7272727272727274,0.3636363636363637,0.0,0.7272727272727274,0.1818181818181818,0.0,0.7272727272727274,0.0,0.0,0.0,0.0,0.0,0.0,0.0,0.0,0.0,0.0,0.0,12,5436735.804586278,3.889272912808694,5.63693773376866,165,0.7272727272727273,0.0,0.7272727272727271,1.4545454545454548,1.4545454545454548,1.2727272727272718,0.7272727272727274,0.7272727272727274,1.090909090909091,4.90909090909091,2.0000000000000004,2.7272727272727235,1.636363636363637,2.0000000000000004,1.8181818181818183,2.0000000000000004,2.0000000000000004,0.9090909090909092,1.4545454545454548,0.3636363636363637,0.0,0.0,0.0,0.0,0.0,0.0,0.0,0.0,0.0,0.0,7.121386352924177,38.3315615,-82.930583,12,12,130532,C
0.1790160768648634,3.37756742627162,3.308071341884756,132.63449146660153,1.1819051603512944,2.3378378378378377,0.0,0.6554054054054054,4.7368421052631575,3.1578947368421053,3.1578947368421044,3.1578947368421058,1.5789473684210529,3.157894736842103,0.0,0.0,0.0,1.5789473684210529,0.0,0.0,0.0,1.5789473684210529,1.5789473684210529,1.5789473684210529,0.0,0.0,4.736842105263158,0.0,0.0,0.0,0.0,0.0,0.0,0.0,0.0,0.0,0.0,0.0,0.0,1.5789473684210529,1.5789473684210522,0.0,0.0,0.0,0.0,0.0,0.0,1.5789473684210529,0.0,0.0,0.0,0.0,0.0,0.0,0.0,0.0,0.0,0.0,0.0,0.0,0.0,0.0,0.0,0.0,0.0,0.0,0.0,0.0,0.0,1.5789473684210529,1.5789473684210522,0.0,0.0,3.157894736842103,0.0,0.0,0.0,0.0,0.0,0.0,0.0,1.5789473684210529,0.0,0.0,0.0,0.0,4.736842105263158,0.0,0.0,0.0,0.0,0.0,0.0,0.0,0.0,0.0,0.0,0.0,0.0,0.0,0.0,0.0,1.5789473684210529,0.0,0.0,0.0,0.0,0.0,0.0,0.0,0.0,0.0,1.5789473684210529,1.5789473684210529,0.0,0.0,0.0,0.0,0.0,0.0,0.0,0.0,0.0,0.0,0.0,0.0,0.0,0.0,12,393788.42447401054,3.3318521299636923,4.718769576958061,19,4.7368421052631575,3.1578947368421053,3.1578947368421044,3.157894736842106,1.578947368421053,3.1578947368421035,0.0,0.0,0.0,1.578947368421053,0.0,0.0,0.0,1.578947368421053,1.578947368421053,1.578947368421053,0.0,0.0,4.736842105263158,0.0,0.0,0.0,0.0,0.0,0.0,0.0,0.0,0.0,0.0,0.0,5.91117128379529,37.429423,-83.98711399999999,12,12,130585,C
0.178308206441301,3.378425827931359,3.3891266227383623,127.67253165558064,1.0796222078188358,2.6174863387978142,0.0,0.6147540983606558,1.4851485148514851,1.1881188118811885,1.7821782178217815,0.8910891089108913,1.4851485148514856,0.5940594059405937,1.4851485148514856,1.1881188118811885,2.970297029702971,2.376237623762377,1.1881188118811885,2.376237623762373,1.7821782178217824,0.8910891089108912,2.07920792079208,1.1881188118811885,1.1881188118811885,2.07920792079208,1.7821782178217824,0.0,0.0,0.0,0.0,0.0,0.0,0.0,0.0,0.0,0.0,0.0,0.297029702970297,0.0,0.2970297029702969,0.0,0.0,0.0,0.0,0.0,0.5940594059405943,0.5940594059405943,0.0,0.2970297029702966,0.0,0.2970297029702971,0.0,0.0,0.0,0.0,0.0,0.0,0.0,0.0,0.0,0.0,0.0,0.0,0.0,0.0,0.0,0.0,0.297029702970297,0.8910891089108911,1.4851485148514847,0.5940594059405943,0.5940594059405943,0.5940594059405937,0.8910891089108912,0.5940594059405943,1.1881188118811885,0.5940594059405943,0.5940594059405943,0.5940594059405933,0.5940594059405943,0.0,0.8910891089108912,0.2970297029702971,0.5940594059405943,0.8910891089108912,0.8910891089108912,0.0,0.0,0.0,0.0,0.0,0.0,0.0,0.0,0.0,0.0,0.0,0.0,0.297029702970297,0.0,0.297029702970297,0.8910891089108912,0.0,0.0,0.297029702970297,0.297029702970297,0.0,0.0,0.2970297029702966,1.1881188118811885,0.297029702970297,0.5940594059405941,0.5940594059405941,0.0,0.8910891089108912,0.8910891089108912,0.0,0.0,0.0,0.0,0.0,0.0,0.0,0.0,0.0,0.0,0.0,12,20423298.594090324,3.967243710748851,3.801837608761387,101,1.4851485148514851,1.188118811881188,1.782178217821782,0.8910891089108912,1.4851485148514854,0.5940594059405937,1.4851485148514854,1.1881188118811885,2.9702970297029707,2.376237623762377,1.1881188118811885,2.376237623762373,1.7821782178217824,0.8910891089108912,2.07920792079208,1.1881188118811885,1.1881188118811885,2.07920792079208,1.7821782178217824,0.0,0.0,0.0,0.0,0.0,0.0,0.0,0.0,0.0,0.0,0.0,7.981737021500872,37.5335945,-84.66187,12,13,130601,C
0.0922898182032557,3.4801186836321287,3.40406175640964,98.5760714250139,1.1165688668097646,2.5214521452145213,0.0,0.6303630363036303,1.3043478260869563,1.3043478260869563,0.8695652173913041,1.7391304347826089,3.0434782608695654,1.3043478260869557,0.8695652173913045,0.8695652173913044,4.782608695652175,2.608695652173913,2.608695652173913,1.7391304347826062,1.3043478260869568,1.3043478260869568,0.4347826086956523,0.4347826086956523,0.8695652173913045,1.3043478260869568,0.8695652173913044,0.4347826086956523,0.0,0.0,0.0,0.0,0.0,0.0,0.0,0.0,0.0,0.0,0.0,0.0,0.0,0.4347826086956522,2.608695652173913,0.4347826086956519,0.0,0.4347826086956522,2.608695652173913,1.3043478260869563,0.4347826086956522,0.0,0.8695652173913044,0.0,0.0,0.0,0.0,0.4347826086956522,0.8695652173913044,0.0,0.0,0.0,0.0,0.0,0.0,0.0,0.0,0.0,0.0,0.0,1.3043478260869563,0.4347826086956521,0.0,0.4347826086956523,0.4347826086956523,0.4347826086956519,0.4347826086956523,0.4347826086956523,1.3043478260869568,1.3043478260869568,1.3043478260869568,0.8695652173913031,0.0,0.4347826086956523,0.0,0.0,0.0,0.4347826086956523,0.0,0.0,0.0,0.0,0.0,0.0,0.0,0.0,0.0,0.0,0.0,0.0,0.0,0.8695652173913043,0.8695652173913041,0.8695652173913045,0.0,0.4347826086956519,0.4347826086956523,0.0,0.4347826086956523,0.0,0.0,0.4347826086956515,0.4347826086956523,0.8695652173913045,0.4347826086956523,0.4347826086956523,0.0,0.0,0.0,0.4347826086956523,0.0,0.0,0.0,0.0,0.0,0.0,0.0,0.0,0.0,0.0,12,3165622.811806323,3.859641162549611,4.100837338640937,69,1.3043478260869563,1.3043478260869563,0.8695652173913041,1.739130434782609,3.043478260869566,1.3043478260869557,0.8695652173913045,0.8695652173913045,4.782608695652175,2.608695652173913,2.608695652173913,1.7391304347826062,1.3043478260869568,1.3043478260869568,0.4347826086956523,0.4347826086956523,0.8695652173913045,1.3043478260869568,0.8695652173913045,0.4347826086956523,0.0,0.0,0.0,0.0,0.0,0.0,0.0,0.0,0.0,0.0,5.381882024987406,37.751303,-83.0568095,12,12,130607,C
0.2739200633758111,3.25892292797609,3.395535484445789,18.08589680962074,1.0424678463426345,2.4250306748466257,0.0,0.5190184049079755,0.1775147928994083,0.3550295857988165,1.1005917159763312,1.1005917159763317,2.5207100591715985,1.846153846153845,1.8461538461538467,1.881656804733728,2.1301775147929,2.236686390532545,2.3076923076923084,1.633136094674554,2.414201183431953,1.881656804733728,0.7455621301775149,1.562130177514793,1.1005917159763314,0.9230769230769232,1.952662721893492,0.2485207100591716,0.0355029585798816,0.0,0.0,0.0,0.0,0.0,0.0,0.0,0.0,0.0,0.0355029585798816,0.1775147928994082,0.4970414201183431,0.6035502958579884,1.3136094674556216,1.1360946745562124,1.06508875739645,1.1005917159763317,1.0295857988165684,1.2071005917159767,0.958579881656805,0.994082840236685,0.9940828402366866,0.7455621301775149,0.1420118343195266,0.532544378698225,0.4260355029585799,0.2840236686390533,0.4615384615384617,0.1065088757396449,0.0,0.0,0.0,0.0,0.0,0.0,0.0,0.0,0.0,0.0,0.0,0.1775147928994082,0.3905325443786981,0.4260355029585799,0.5680473372781066,0.3905325443786979,0.2840236686390533,0.1065088757396449,0.2485207100591716,0.2485207100591716,0.4615384615384617,0.2840236686390528,0.2840236686390533,0.1420118343195266,0.1775147928994083,0.3550295857988166,0.2485207100591716,0.0355029585798816,0.2840236686390533,0.0710059171597633,0.0355029585798816,0.0,0.0,0.0,0.0,0.0,0.0,0.0,0.0,0.0,0.0,0.0,0.1065088757396449,0.0,0.4970414201183433,0.2130177514792898,0.319526627218935,0.4260355029585799,0.1065088757396449,0.3550295857988166,0.4260355029585799,0.0710059171597632,0.319526627218935,0.63905325443787,0.1420118343195266,0.1420118343195266,0.1420118343195266,0.0710059171597633,0.1065088757396449,0.0,0.0,0.0,0.0,0.0,0.0,0.0,0.0,0.0,0.0,0.0,12,22625940.059173957,3.151619595026597,2.2055666281995365,845,0.1775147928994082,0.3550295857988165,1.100591715976331,1.1005917159763317,2.520710059171598,1.8461538461538447,1.8461538461538467,1.8816568047337283,2.1301775147929,2.2366863905325447,2.3076923076923084,1.633136094674554,2.414201183431953,1.8816568047337283,0.7455621301775149,1.562130177514793,1.1005917159763317,0.9230769230769234,1.952662721893492,0.2485207100591716,0.0355029585798816,0.0,0.0,0.0,0.0,0.0,0.0,0.0,0.0,0.0,3.161500085680668,38.66853215,-84.33398435000001,12,13,130615,C
0.1007454110117564,3.470342190557577,3.447273403670172,101.63761542303426,1.0707642505190265,2.4521739130434783,0.0,0.6405797101449275,0.4285714285714285,0.8571428571428572,0.0,1.285714285714286,1.285714285714286,1.285714285714285,1.285714285714286,1.7142857142857146,4.714285714285715,1.285714285714286,0.4285714285714286,1.2857142857142838,2.1428571428571432,2.571428571428572,1.285714285714286,1.7142857142857146,1.2857142857142858,2.571428571428572,2.1428571428571432,0.4285714285714286,0.0,0.0,0.0,0.0,0.0,0.0,0.0,0.0,0.0,0.0,0.0,0.0,0.0,1.285714285714286,0.4285714285714286,0.4285714285714283,0.8571428571428573,0.4285714285714286,1.7142857142857146,0.4285714285714286,0.0,0.0,0.0,0.4285714285714286,0.0,0.0,0.0,0.0,0.0,0.0,0.0,0.0,0.0,0.0,0.0,0.0,0.0,0.0,0.0,0.0,0.0,0.0,0.0,0.0,0.8571428571428573,0.8571428571428567,0.4285714285714286,0.8571428571428573,2.1428571428571432,0.8571428571428573,0.0,0.0,0.8571428571428573,0.0,0.4285714285714286,0.8571428571428573,0.0,0.8571428571428573,1.285714285714286,0.4285714285714286,0.0,0.0,0.0,0.0,0.0,0.0,0.0,0.0,0.0,0.0,0.0,0.8571428571428572,0.0,0.0,0.0,0.0,0.0,0.4285714285714286,0.0,0.0,0.4285714285714286,1.2857142857142838,0.8571428571428573,1.7142857142857146,0.8571428571428573,0.4285714285714286,1.2857142857142858,1.2857142857142858,0.8571428571428573,0.0,0.0,0.0,0.0,0.0,0.0,0.0,0.0,0.0,0.0,0.0,12,3795649.812925031,3.2775542051587254,4.301524861352285,70,0.4285714285714285,0.8571428571428571,0.0,1.2857142857142858,1.2857142857142858,1.285714285714285,1.2857142857142858,1.7142857142857146,4.714285714285715,1.2857142857142858,0.4285714285714286,1.2857142857142838,2.1428571428571432,2.571428571428572,1.2857142857142858,1.7142857142857146,1.2857142857142858,2.571428571428572,2.1428571428571432,0.4285714285714286,0.0,0.0,0.0,0.0,0.0,0.0,0.0,0.0,0.0,0.0,5.105782355066672,37.8474005,-83.8527045,12,12,130658,C
0.2346545722985424,3.3088988251317315,3.301700275246982,98.407278932153,1.1572051919568846,2.50354609929078,0.0,0.6737588652482269,1.0344827586206895,0.5172413793103449,0.5172413793103448,1.03448275862069,1.5517241379310347,3.620689655172412,2.0689655172413794,2.06896551724138,1.0344827586206895,1.551724137931035,1.5517241379310347,0.5172413793103441,0.517241379310345,1.551724137931035,2.5862068965517246,0.0,1.03448275862069,5.172413793103449,1.551724137931035,0.0,0.517241379310345,0.0,0.0,0.0,0.0,0.0,0.0,0.0,0.0,0.0,0.0,0.5172413793103449,0.5172413793103448,0.0,1.03448275862069,2.068965517241378,1.5517241379310347,1.03448275862069,0.0,0.517241379310345,0.0,0.0,0.0,0.517241379310345,0.0,0.0,0.0,0.0,0.517241379310345,0.0,0.0,0.0,0.0,0.0,0.0,0.0,0.0,0.0,0.0,0.0,0.0,0.0,0.0,0.5172413793103449,0.5172413793103449,1.5517241379310334,0.5172413793103449,0.0,1.0344827586206895,0.5172413793103449,1.0344827586206895,0.0,0.0,0.5172413793103449,0.5172413793103449,0.0,0.5172413793103449,1.0344827586206895,0.5172413793103449,0.0,0.0,0.0,0.0,0.0,0.0,0.0,0.0,0.0,0.0,0.0,0.0,0.0,0.0,0.517241379310345,0.0,0.0,0.0,1.03448275862069,0.0,0.0,0.0,0.5172413793103441,0.517241379310345,0.0,1.03448275862069,0.0,0.517241379310345,2.06896551724138,0.517241379310345,0.0,0.517241379310345,0.0,0.0,0.0,0.0,0.0,0.0,0.0,0.0,0.0,12,2501942.811941356,3.1285541136618704,3.914182273107697,58,1.0344827586206895,0.5172413793103449,0.5172413793103448,1.03448275862069,1.5517241379310347,3.620689655172412,2.06896551724138,2.06896551724138,1.03448275862069,1.5517241379310347,1.5517241379310347,0.5172413793103441,0.517241379310345,1.5517241379310347,2.5862068965517246,0.0,1.03448275862069,5.172413793103449,1.5517241379310347,0.0,0.517241379310345,0.0,0.0,0.0,0.0,0.0,0.0,0.0,0.0,0.0,7.155477455232403,38.3649755,-85.1745095,12,12,130675,C
0.1680800963079847,3.3907879604577835,3.4587944307484384,87.43880942224204,1.1192925701159335,2.609271523178808,0.0,0.6622516556291391,0.0,1.125,1.4999999999999996,0.7500000000000001,0.375,3.3749999999999973,1.1250000000000002,1.8750000000000004,1.125,1.8750000000000004,3.375,1.4999999999999978,0.375,1.5000000000000002,3.3750000000000004,1.5,0.375,1.1250000000000002,3.375000000000001,0.0,0.0,0.375,0.0,0.0,0.0,0.0,0.0,0.0,0.0,0.0,0.0,0.75,1.4999999999999996,0.7500000000000001,0.0,1.499999999999999,0.7500000000000001,0.7500000000000001,0.0,0.7500000000000001,0.7500000000000001,0.0,0.0,0.375,0.375,0.0,0.0,0.0,0.375,0.0,0.0,0.0,0.0,0.0,0.0,0.0,0.0,0.0,0.0,0.0,0.0,0.0,0.0,0.0,0.0,0.7499999999999996,0.0,0.7500000000000001,1.125,0.375,1.125,1.4999999999999978,0.375,0.7500000000000001,0.7500000000000001,1.125,0.0,0.375,0.0,0.0,0.0,0.0,0.0,0.0,0.0,0.0,0.0,0.0,0.0,0.0,0.0,0.0,0.0,0.0,0.0,0.0,0.0,0.0,0.0,0.7500000000000001,1.5000000000000002,0.0,0.0,0.375,1.1250000000000002,0.0,0.0,0.375,0.7500000000000001,0.0,0.0,0.375,0.0,0.0,0.0,0.0,0.0,0.0,0.0,0.0,12,4115774.304344747,3.100107166302856,3.875385909259727,80,0.0,1.125,1.4999999999999996,0.7500000000000002,0.3750000000000001,3.374999999999998,1.1250000000000002,1.8750000000000004,1.1250000000000002,1.8750000000000004,3.375000000000001,1.4999999999999978,0.3750000000000001,1.5000000000000004,3.375000000000001,1.5000000000000004,0.3750000000000001,1.1250000000000002,3.375000000000001,0.0,0.0,0.3750000000000001,0.0,0.0,0.0,0.0,0.0,0.0,0.0,0.0,4.834713477510429,37.005701,-88.232797,12,13,130708,C
0.0965450814573588,3.4752043979187106,3.446738683461566,136.18027158600384,1.087167522155815,2.45945945945946,0.0,0.6981981981981982,0.0,0.0,0.0,0.0,0.6521739130434784,1.3043478260869557,1.304347826086957,2.608695652173913,1.304347826086957,3.260869565217392,1.304347826086957,1.3043478260869548,1.9565217391304357,1.304347826086957,3.260869565217392,1.9565217391304357,0.6521739130434785,3.2608695652173925,3.9130434782608714,0.6521739130434784,0.0,0.0,0.0,0.0,0.0,0.0,0.0,0.0,0.0,0.0,0.0,0.0,0.0,0.0,0.0,0.0,0.0,0.0,0.0,0.0,0.0,0.0,0.0,0.0,0.0,0.0,0.0,0.0,0.0,0.0,0.0,0.0,0.0,0.0,0.0,0.0,0.0,0.0,0.0,0.0,0.0,0.0,0.0,0.0,0.0,0.6521739130434779,0.6521739130434785,1.9565217391304357,0.6521739130434785,1.304347826086957,0.6521739130434785,0.6521739130434774,1.304347826086957,0.6521739130434785,1.9565217391304357,0.6521739130434785,0.6521739130434785,1.304347826086957,1.304347826086957,0.0,0.0,0.0,0.0,0.0,0.0,0.0,0.0,0.0,0.0,0.0,0.0,0.0,0.0,0.0,0.6521739130434784,0.0,0.6521739130434784,0.0,0.6521739130434784,1.956521739130435,0.6521739130434784,0.6521739130434773,0.0,0.6521739130434784,0.6521739130434784,0.6521739130434784,0.0,1.3043478260869568,1.956521739130435,0.0,0.0,0.0,0.0,0.0,0.0,0.0,0.0,0.0,0.0,0.0,12,2224515.506346122,2.6102043514186515,4.183328732271329,46,0.0,0.0,0.0,0.0,0.6521739130434784,1.3043478260869557,1.3043478260869568,2.608695652173913,1.3043478260869568,3.260869565217392,1.3043478260869568,1.3043478260869548,1.956521739130435,1.3043478260869568,3.260869565217392,1.956521739130435,0.6521739130434784,3.260869565217392,3.91304347826087,0.6521739130434784,0.0,0.0,0.0,0.0,0.0,0.0,0.0,0.0,0.0,0.0,5.254482605635181,38.303248,-83.1672715,12,12,130777,C
0.0272573417224687,3.5538372221274,3.5275187180216774,82.66733616971285,1.1815329624877495,2.4280701754385965,0.0,0.6491228070175439,0.6185567010309279,0.6185567010309277,1.5463917525773194,0.927835051546392,1.54639175257732,2.4742268041237097,3.4020618556701034,2.783505154639176,1.855670103092784,1.855670103092784,1.54639175257732,3.0927835051546344,2.474226804123712,1.855670103092784,0.0,1.54639175257732,0.309278350515464,0.618556701030928,0.309278350515464,0.618556701030928,0.0,0.0,0.0,0.0,0.0,0.0,0.0,0.0,0.0,0.0,0.0,0.6185567010309277,0.3092783505154638,0.309278350515464,0.927835051546392,0.6185567010309274,1.855670103092784,1.237113402061856,0.0,0.309278350515464,0.309278350515464,0.3092783505154635,0.618556701030928,0.0,0.0,0.309278350515464,0.0,0.0,0.0,0.309278350515464,0.0,0.0,0.0,0.0,0.0,0.0,0.0,0.0,0.0,0.0,0.0,0.0,0.9278350515463916,0.309278350515464,0.0,1.8556701030927825,1.54639175257732,1.237113402061856,1.237113402061856,0.618556701030928,0.309278350515464,0.9278350515463905,0.309278350515464,1.237113402061856,0.0,0.309278350515464,0.309278350515464,0.309278350515464,0.309278350515464,0.309278350515464,0.0,0.0,0.0,0.0,0.0,0.0,0.0,0.0,0.0,0.0,0.0,0.0,0.0,0.0,0.618556701030928,0.0,0.0,0.309278350515464,0.618556701030928,0.618556701030928,0.618556701030928,1.5463917525773172,1.237113402061856,0.309278350515464,0.0,0.9278350515463918,0.0,0.309278350515464,0.0,0.0,0.0,0.0,0.0,0.0,0.0,0.0,0.0,0.0,0.0,0.0,12,2159897.7146497294,3.346795523911714,5.456935419382993,97,0.6185567010309279,0.6185567010309279,1.5463917525773192,0.927835051546392,1.54639175257732,2.4742268041237097,3.402061855670104,2.783505154639176,1.855670103092784,1.855670103092784,1.54639175257732,3.0927835051546344,2.474226804123712,1.855670103092784,0.0,1.54639175257732,0.309278350515464,0.618556701030928,0.309278350515464,0.618556701030928,0.0,0.0,0.0,0.0,0.0,0.0,0.0,0.0,0.0,0.0,7.862420640942807,37.121917,-82.82078200000001,12,12,130804,C
0.2852388123057602,3.2442672329439497,3.30332966506596,90.2051683697074,1.0714648708511787,2.487309644670051,0.0,0.5532994923857868,0.0,0.0,0.6666666666666665,0.0,0.0,1.999999999999999,2.0000000000000004,1.3333333333333337,2.6666666666666674,1.3333333333333337,1.3333333333333337,1.9999999999999971,0.6666666666666667,2.0000000000000004,2.0000000000000004,2.666666666666667,2.6666666666666674,3.333333333333334,2.6666666666666674,0.0,0.6666666666666669,0.0,0.0,0.0,0.0,0.0,0.0,0.0,0.0,0.0,0.0,0.0,0.0,0.0,0.0,0.6666666666666662,0.0,0.0,0.0,0.0,0.0,0.0,0.0,0.0,1.3333333333333337,0.0,0.6666666666666669,0.0,0.6666666666666669,0.0,0.0,0.0,0.0,0.0,0.0,0.0,0.0,0.0,0.0,0.0,0.0,0.0,0.0,0.0,0.0,1.3333333333333326,1.3333333333333337,0.6666666666666667,2.0000000000000004,0.0,0.6666666666666667,0.6666666666666657,0.6666666666666667,0.0,0.0,0.6666666666666667,2.0000000000000004,2.0000000000000004,2.0000000000000004,0.0,0.0,0.0,0.0,0.0,0.0,0.0,0.0,0.0,0.0,0.0,0.0,0.0,0.0,0.0,0.0,0.0,0.6666666666666669,0.6666666666666669,0.6666666666666669,1.3333333333333337,0.6666666666666669,1.3333333333333317,0.0,2.0000000000000004,0.6666666666666669,2.0000000000000004,0.0,1.3333333333333337,0.0,0.0,0.6666666666666669,0.0,0.0,0.0,0.0,0.0,0.0,0.0,0.0,0.0,12,669641.7344029432,3.4584537201756613,2.5588436074474594,45,0.0,0.0,0.6666666666666665,0.0,0.0,1.999999999999999,2.0000000000000004,1.3333333333333337,2.6666666666666674,1.3333333333333337,1.3333333333333337,1.999999999999997,0.6666666666666669,2.0000000000000004,2.0000000000000004,2.6666666666666674,2.6666666666666674,3.333333333333334,2.6666666666666674,0.0,0.6666666666666669,0.0,0.0,0.0,0.0,0.0,0.0,0.0,0.0,0.0,2.9900565727388133,38.59078845,-83.32150865,12,13,130807,C
0.1266751198143269,3.440071725732221,3.4621926869075828,89.23502368892305,1.096769888996317,2.712418300653595,0.0,0.6928104575163399,0.2941176470588235,0.0,0.2941176470588234,0.5882352941176471,0.5882352941176471,1.76470588235294,1.470588235294118,2.647058823529412,2.058823529411765,3.8235294117647065,1.7647058823529416,1.764705882352939,1.470588235294118,2.3529411764705888,2.9411764705882355,2.058823529411765,1.1764705882352944,1.1764705882352944,1.1764705882352944,0.2941176470588236,0.0,0.0,0.0,0.0,0.0,0.2941176470588235,0.0,0.0,0.0,0.0,0.0,0.0,0.0,0.0,0.0,0.88235294117647,0.5882352941176472,0.2941176470588236,0.0,0.0,0.2941176470588236,0.0,0.2941176470588236,0.5882352941176472,0.0,0.0,0.0,0.0,0.0,0.0,0.0,0.0,0.0,0.0,0.0,0.0,0.0,0.0,0.0,0.0,0.0,0.0,0.2941176470588234,0.5882352941176471,0.5882352941176471,0.5882352941176466,0.2941176470588235,0.8823529411764707,0.2941176470588235,1.1764705882352942,0.8823529411764707,0.5882352941176463,0.2941176470588235,1.4705882352941178,2.647058823529412,2.058823529411765,0.5882352941176471,0.5882352941176471,0.5882352941176471,0.0,0.0,0.0,0.0,0.0,0.0,0.2941176470588235,0.0,0.0,0.0,0.0,0.0,0.0,0.0,0.0,0.0,0.0,0.0,0.5882352941176472,0.5882352941176472,1.1764705882352944,0.2941176470588236,1.1764705882352926,0.2941176470588236,0.0,0.2941176470588236,0.0,0.5882352941176472,0.5882352941176472,0.5882352941176472,0.2941176470588236,0.0,0.0,0.0,0.0,0.0,0.0,0.0,0.0,0.0,0.0,12,4464752.795098218,4.205701551019214,5.516871338166413,102,0.2941176470588235,0.0,0.2941176470588235,0.5882352941176472,0.5882352941176472,1.76470588235294,1.470588235294118,2.647058823529412,2.0588235294117654,3.823529411764707,1.7647058823529411,1.764705882352939,1.470588235294118,2.3529411764705888,2.941176470588236,2.0588235294117654,1.1764705882352944,1.1764705882352944,1.1764705882352944,0.2941176470588236,0.0,0.0,0.0,0.0,0.0,0.2941176470588236,0.0,0.0,0.0,0.0,3.233990768778171,38.3251775,-84.03699399999999,12,12,130866,C
0.7394578680769366,2.507932346407408,2.66570478097737,104.7883271547644,1.0613339966819997,3.21656050955414,0.0,0.6242038216560509,0.1578947368421052,0.0,0.0,0.0,0.6315789473684212,2.210526315789472,2.526315789473685,2.36842105263158,1.4210526315789478,4.105263157894738,4.2631578947368425,2.2105263157894703,2.6842105263157903,2.842105263157896,1.578947368421053,1.1052631578947372,1.2631578947368425,0.0,0.6315789473684212,0.0,0.0,0.0,0.0,0.0,0.0,0.0,0.0,0.0,0.0,0.0,0.0,0.0,0.0,0.0,0.0,0.0,0.1578947368421053,0.3157894736842106,0.0,0.0,0.0,0.0,0.0,0.0,0.0,0.0,0.0,0.0,0.0,0.0,0.0,0.0,0.0,0.0,0.0,0.0,0.0,0.0,0.0,0.0,0.0,0.0,0.0,0.0,0.3157894736842106,0.947368421052631,0.6315789473684212,1.2631578947368425,0.6315789473684212,1.578947368421053,3.315789473684211,1.1052631578947352,1.1052631578947374,1.8947368421052635,1.1052631578947374,0.6315789473684212,0.4736842105263159,0.0,0.3157894736842106,0.0,0.0,0.0,0.0,0.0,0.0,0.0,0.0,0.0,0.0,0.0,0.0,0.0,0.0,0.0,0.0,0.1578947368421051,0.3157894736842106,0.7894736842105264,0.6315789473684212,2.052631578947369,0.7894736842105264,0.6315789473684202,0.7894736842105264,0.6315789473684212,0.1578947368421053,0.3157894736842106,0.6315789473684212,0.0,0.3157894736842106,0.0,0.0,0.0,0.0,0.0,0.0,0.0,0.0,0.0,0.0,0.0,12,9414777.803166823,3.2637659176876768,2.83210096410627,190,0.1578947368421052,0.0,0.0,0.0,0.6315789473684212,2.210526315789472,2.526315789473685,2.36842105263158,1.4210526315789476,4.105263157894738,4.263157894736843,2.2105263157894703,2.6842105263157903,2.842105263157895,1.5789473684210529,1.1052631578947372,1.2631578947368425,0.0,0.6315789473684212,0.0,0.0,0.0,0.0,0.0,0.0,0.0,0.0,0.0,0.0,0.0,6.484115766854975,52.84904105,-104.0566569,12,13,13095792,C
0.3495971958556663,3.158633247175885,3.2151881573068333,136.00635664818356,1.049228582996372,2.8,0.0,0.7133333333333334,0.2564102564102564,0.7692307692307693,0.769230769230769,0.5128205128205129,1.5384615384615388,1.025641025641025,1.025641025641026,3.5897435897435908,2.3076923076923084,1.5384615384615388,3.076923076923077,2.5641025641025603,3.076923076923077,2.5641025641025648,2.3076923076923084,1.025641025641026,0.0,0.7692307692307694,1.2820512820512824,0.0,0.0,0.0,0.0,0.0,0.0,0.0,0.0,0.0,0.0,0.0,0.0,0.0,0.0,0.0,0.0,0.0,0.0,0.2564102564102564,0.5128205128205129,0.5128205128205129,0.5128205128205129,0.7692307692307682,0.0,0.2564102564102564,0.2564102564102564,0.0,0.0,0.0,0.0,0.0,0.0,0.0,0.0,0.0,0.0,0.0,0.0,0.0,0.0,0.0,0.0,0.7692307692307693,0.2564102564102564,0.5128205128205129,0.2564102564102564,0.2564102564102563,0.0,0.5128205128205129,0.0,0.2564102564102564,0.0,0.5128205128205121,0.0,0.0,0.2564102564102564,0.0,0.0,0.0,0.0,0.0,0.0,0.0,0.0,0.0,0.0,0.0,0.0,0.0,0.0,0.0,0.0,0.0,0.5128205128205127,0.0,0.7692307692307694,0.2564102564102563,0.2564102564102564,0.2564102564102564,0.2564102564102564,0.2564102564102564,1.5384615384615388,1.0256410256410242,2.8205128205128207,1.5384615384615388,1.2820512820512824,0.7692307692307694,0.0,0.7692307692307694,1.2820512820512824,0.0,0.0,0.0,0.0,0.0,0.0,0.0,0.0,0.0,0.0,0.0,12,27295673.476666797,4.111396207341459,3.1233615076649004,117,0.2564102564102564,0.7692307692307693,0.7692307692307692,0.512820512820513,1.5384615384615388,1.025641025641025,1.025641025641026,3.5897435897435908,2.3076923076923084,1.5384615384615388,3.076923076923077,2.5641025641025603,3.076923076923077,2.5641025641025648,2.3076923076923084,1.025641025641026,0.0,0.7692307692307694,1.2820512820512824,0.0,0.0,0.0,0.0,0.0,0.0,0.0,0.0,0.0,0.0,0.0,6.530351342847333,29.692236,-91.307888,12,13,131581,C
0.4377913792721899,3.0340729769323564,2.8752622239014918,132.4712908994597,1.0308472226264158,2.398230088495575,0.0,0.5486725663716814,0.0,0.8108108108108109,0.0,3.243243243243244,5.675675675675677,4.864864864864862,1.6216216216216222,3.243243243243244,3.243243243243244,3.243243243243244,0.0,2.432432432432429,0.8108108108108111,0.0,0.0,0.0,0.0,0.0,0.0,0.8108108108108111,0.0,0.0,0.0,0.0,0.0,0.0,0.0,0.0,0.0,0.0,0.0,0.0,0.0,0.0,0.0,1.6216216216216208,0.8108108108108111,0.8108108108108111,0.0,0.0,0.0,2.432432432432429,0.0,0.0,0.0,0.0,0.0,0.0,0.0,0.8108108108108111,0.0,0.0,0.0,0.0,0.0,0.0,0.0,0.0,0.0,0.0,0.0,0.0,0.0,1.6216216216216222,4.864864864864866,3.2432432432432416,0.8108108108108111,0.0,2.432432432432433,2.432432432432433,0.0,0.0,0.8108108108108111,0.0,0.0,0.0,0.0,0.0,0.0,0.0,0.0,0.0,0.0,0.0,0.0,0.0,0.0,0.0,0.0,0.0,0.0,0.8108108108108109,0.0,1.621621621621622,0.810810810810811,0.0,0.0,2.432432432432433,0.810810810810811,0.810810810810811,0.0,0.0,0.0,0.0,0.0,0.0,0.0,0.0,0.0,0.0,0.0,0.0,0.0,0.0,0.0,0.0,0.0,0.0,0.0,0.0,12,319789.1607201038,4.660463715742808,4.133214416514151,37,0.0,0.8108108108108109,0.0,3.243243243243244,5.675675675675677,4.864864864864861,1.621621621621622,3.243243243243244,3.243243243243244,3.243243243243244,0.0,2.432432432432429,0.810810810810811,0.0,0.0,0.0,0.0,0.0,0.0,0.810810810810811,0.0,0.0,0.0,0.0,0.0,0.0,0.0,0.0,0.0,0.0,10.36748151900077,29.684111,-90.556072,12,13,131705,C
0.4672768131030541,2.990273789422888,3.077060169077192,109.29914812651693,1.0533097032751062,2.689655172413793,0.0,0.6650246305418719,0.8695652173913043,0.4347826086956521,0.8695652173913041,0.4347826086956523,0.8695652173913045,0.4347826086956519,0.8695652173913047,1.3043478260869568,1.739130434782609,1.739130434782609,0.4347826086956523,2.173913043478258,1.739130434782609,2.608695652173913,4.347826086956523,0.4347826086956523,3.0434782608695663,3.0434782608695663,2.608695652173913,0.0,0.0,0.0,0.0,0.0,0.0,0.0,0.0,0.0,0.0,0.0,0.0,0.0,0.0,0.0,0.0,0.0,0.0,0.0,0.0,0.4347826086956523,0.0,0.0,0.0,0.0,0.0,0.0,0.0,0.0,0.0,0.0,0.0,0.0,0.0,0.0,0.0,0.0,0.0,0.0,0.0,0.0,0.0,0.4347826086956521,0.8695652173913041,0.0,0.8695652173913045,0.4347826086956519,0.0,0.8695652173913045,0.0,0.4347826086956523,0.0,1.3043478260869548,0.4347826086956523,0.4347826086956523,0.8695652173913045,0.0,0.0,0.0,0.0,0.0,0.0,0.0,0.0,0.0,0.0,0.0,0.0,0.0,0.0,0.0,0.0,0.0,0.0,0.4347826086956523,0.0,0.0,0.4347826086956523,0.4347826086956523,0.8695652173913045,0.8695652173913045,0.4347826086956523,0.8695652173913032,0.8695652173913045,0.0,3.0434782608695663,0.4347826086956523,2.608695652173914,2.608695652173914,2.173913043478261,0.0,0.0,0.0,0.0,0.0,0.0,0.0,0.0,0.0,0.0,0.0,12,2959845.688253046,2.9143390744877977,2.520011046834639,69,0.8695652173913043,0.4347826086956521,0.8695652173913041,0.4347826086956523,0.8695652173913045,0.4347826086956519,0.8695652173913045,1.3043478260869568,1.739130434782609,1.739130434782609,0.4347826086956523,2.1739130434782576,1.739130434782609,2.608695652173913,4.347826086956522,0.4347826086956523,3.043478260869566,3.043478260869566,2.608695652173913,0.0,0.0,0.0,0.0,0.0,0.0,0.0,0.0,0.0,0.0,0.0,2.8866672133868017,30.5573971,-91.9579617,12,13,131901,C
0.5768921810305797,2.8157273122649435,2.853241574003676,154.0614097709454,1.0265762214993237,2.702702702702702,0.0,0.5783783783783784,1.9047619047619049,0.9523809523809524,0.0,0.0,0.9523809523809526,0.0,0.4761904761904763,0.9523809523809528,2.3809523809523814,1.4285714285714288,0.4761904761904763,1.904761904761902,1.4285714285714288,4.761904761904763,1.904761904761905,2.8571428571428577,3.333333333333334,2.3809523809523814,1.4285714285714288,0.4761904761904763,0.0,0.0,0.0,0.0,0.0,0.0,0.0,0.0,0.0,0.0,0.0,0.0,0.0,0.0,0.4761904761904763,0.0,0.0,0.0,0.0,0.0,0.0,0.0,0.0,0.4761904761904763,0.0,0.0,0.0,0.0,0.0,0.0,0.0,0.0,0.0,0.0,0.0,0.0,0.0,0.0,0.0,0.0,0.9523809523809524,0.4761904761904761,0.0,0.0,0.0,0.0,0.0,0.0,1.4285714285714288,0.0,0.0,0.0,0.4761904761904763,1.4285714285714288,0.4761904761904763,0.0,0.4761904761904763,0.4761904761904763,0.4761904761904763,0.0,0.0,0.0,0.0,0.0,0.0,0.0,0.0,0.0,0.0,0.0,0.4761904761904761,0.4761904761904761,0.0,0.0,0.4761904761904763,0.0,0.4761904761904763,0.0,0.4761904761904763,0.4761904761904763,0.0,0.952380952380951,0.0,1.4285714285714288,0.9523809523809526,1.4285714285714288,2.8571428571428577,1.4285714285714288,0.9523809523809526,0.0,0.0,0.0,0.0,0.0,0.0,0.0,0.0,0.0,0.0,0.0,12,5429096.715386032,2.677045791454613,4.881269917412661,63,1.9047619047619049,0.9523809523809524,0.0,0.0,0.9523809523809528,0.0,0.4761904761904763,0.9523809523809528,2.3809523809523814,1.4285714285714288,0.4761904761904763,1.904761904761902,1.4285714285714288,4.761904761904763,1.904761904761905,2.8571428571428577,3.3333333333333344,2.3809523809523814,1.4285714285714288,0.4761904761904763,0.0,0.0,0.0,0.0,0.0,0.0,0.0,0.0,0.0,0.0,4.547313915102279,29.959436,-92.031691,12,12,132075,C
0.3479272435201822,3.1609074650235494,3.154907145763916,88.43615984019264,1.0179765453878284,2.8186714542190305,0.0,0.6642728904847397,0.1327433628318584,0.3982300884955753,0.1327433628318583,0.3982300884955753,0.7964601769911506,1.3274336283185832,1.0619469026548676,1.194690265486726,1.4601769911504427,3.7168141592920367,2.7876106194690267,2.9203539823008806,3.8495575221238942,2.3893805309734515,1.9911504424778763,2.5221238938053103,0.929203539823009,1.1946902654867255,0.7964601769911506,0.0,0.0,0.0,0.0,0.0,0.0,0.0,0.0,0.0,0.0,0.0,0.1327433628318584,0.1327433628318584,0.0,0.1327433628318584,0.0,0.1327433628318583,0.0,0.2654867256637169,0.0,0.3982300884955753,0.0,0.1327433628318582,0.2654867256637169,0.0,0.2654867256637169,0.0,0.0,0.0,0.1327433628318584,0.0,0.0,0.0,0.0,0.0,0.0,0.0,0.0,0.0,0.0,0.0,0.0,0.0,0.1327433628318583,0.1327433628318584,0.1327433628318584,0.1327433628318583,0.2654867256637169,0.5309734513274338,0.2654867256637169,1.0619469026548676,1.592920353982301,1.4601769911504403,1.3274336283185844,0.7964601769911505,0.6637168141592922,1.3274336283185844,0.6637168141592922,0.7964601769911505,0.2654867256637169,0.0,0.0,0.0,0.0,0.0,0.0,0.0,0.0,0.0,0.0,0.0,0.0,0.2654867256637168,0.0,0.1327433628318584,0.2654867256637168,0.3982300884955749,0.5309734513274337,0.2654867256637168,0.3982300884955752,0.5309734513274337,0.7964601769911505,0.9292035398230076,1.592920353982301,1.1946902654867255,0.9292035398230092,1.0619469026548674,0.2654867256637168,0.3982300884955752,0.3982300884955752,0.0,0.0,0.0,0.0,0.0,0.0,0.0,0.0,0.0,0.0,0.0,12,18505062.40352784,4.357552380446345,4.081902261695068,226,0.1327433628318584,0.3982300884955752,0.1327433628318583,0.3982300884955753,0.7964601769911506,1.3274336283185832,1.0619469026548676,1.194690265486726,1.4601769911504427,3.716814159292036,2.787610619469027,2.920353982300881,3.849557522123895,2.389380530973452,1.9911504424778763,2.5221238938053103,0.9292035398230092,1.194690265486726,0.7964601769911506,0.0,0.0,0.0,0.0,0.0,0.0,0.0,0.0,0.0,0.0,0.0,8.546114121297295,27.3456723,62.36601335,12,13,13477975,C
0.0616701679527618,3.51514603489426,3.4736262947829117,75.21161633513807,1.0978599970332903,2.2889518413597734,0.0,0.6317280453257791,1.25,0.625,0.6249999999999998,0.6250000000000001,2.5000000000000004,1.8749999999999991,3.125000000000001,4.375000000000001,1.2500000000000004,0.6250000000000001,2.5000000000000004,0.6249999999999991,1.8750000000000004,1.8750000000000004,1.2500000000000002,1.8750000000000004,1.2500000000000002,0.6250000000000002,0.6250000000000002,0.0,0.6250000000000002,0.0,0.0,0.0,0.0,0.0,0.0,0.0,0.0,0.0,0.625,0.625,0.0,0.0,0.6250000000000002,0.6249999999999997,0.0,0.6250000000000002,0.0,0.0,0.0,0.0,0.0,1.2500000000000004,0.0,0.0,0.0,0.6250000000000002,0.6250000000000002,0.0,0.6250000000000002,0.0,0.0,0.0,0.0,0.0,0.0,0.0,0.0,0.0,0.0,0.0,0.6249999999999998,0.6250000000000001,1.2500000000000002,0.0,0.6250000000000001,1.875,0.6250000000000001,0.0,1.2500000000000002,0.0,1.2500000000000002,0.6250000000000001,1.2500000000000002,1.2500000000000002,0.6250000000000001,0.0,0.0,0.0,0.0,0.0,0.0,0.0,0.0,0.0,0.0,0.0,0.0,0.0,0.0,0.0,0.0,0.0,0.6250000000000001,0.0,1.2500000000000002,0.6250000000000001,0.0,0.0,0.0,0.6249999999999991,0.0,0.0,0.0,0.6250000000000001,0.6250000000000001,0.0,0.0,0.0,0.0,0.0,0.0,0.0,0.0,0.0,0.0,0.0,0.0,0.0,12,8269059.327063363,4.819488669150509,6.868424330144422,48,1.25,0.625,0.6249999999999999,0.6250000000000001,2.5000000000000004,1.874999999999999,3.1250000000000004,4.375000000000001,1.2500000000000002,0.6250000000000001,2.5000000000000004,0.6249999999999991,1.875,1.875,1.2500000000000002,1.875,1.2500000000000002,0.6250000000000001,0.6250000000000001,0.0,0.6250000000000001,0.0,0.0,0.0,0.0,0.0,0.0,0.0,0.0,0.0,7.823312631322626,44.08010765,0.9158066,12,12,135213,C
0.479075946621656,2.9724080087977587,3.130537558931408,93.6055296919323,1.1020195266536672,2.386861313868613,0.0,0.6788321167883211,0.7894736842105263,0.0,0.0,0.0,0.0,2.368421052631577,2.36842105263158,0.0,3.157894736842106,3.9473684210526327,1.578947368421053,0.7894736842105253,1.578947368421053,0.7894736842105265,0.0,3.157894736842106,1.578947368421053,3.9473684210526327,3.157894736842106,0.7894736842105265,0.0,0.0,0.0,0.0,0.0,0.0,0.0,0.0,0.0,0.0,0.0,0.0,0.0,0.0,0.0,0.7894736842105258,0.0,0.0,0.7894736842105265,0.0,0.0,0.0,0.7894736842105265,0.0,0.0,1.578947368421053,0.0,0.0,0.0,0.0,0.0,0.0,0.0,0.0,0.0,0.0,0.0,0.0,0.0,0.0,0.0,0.0,0.0,0.0,0.0,0.0,0.7894736842105265,0.0,1.578947368421053,3.157894736842106,1.578947368421053,0.7894736842105253,0.7894736842105265,0.7894736842105265,0.0,0.7894736842105265,1.578947368421053,3.157894736842106,1.578947368421053,0.0,0.0,0.0,0.0,0.0,0.0,0.0,0.0,0.0,0.0,0.0,0.0,0.0,0.0,0.0,0.0,1.5789473684210515,1.578947368421053,0.0,0.7894736842105265,0.7894736842105265,0.0,0.0,0.0,0.0,0.0,0.7894736842105265,0.0,0.7894736842105265,0.7894736842105265,0.7894736842105265,0.0,0.0,0.0,0.0,0.0,0.0,0.0,0.0,0.0,0.0,12,689388.3815202706,3.768789651016705,3.8126878226134,38,0.7894736842105263,0.0,0.0,0.0,0.0,2.368421052631577,2.368421052631579,0.0,3.157894736842106,3.947368421052632,1.578947368421053,0.7894736842105252,1.578947368421053,0.7894736842105265,0.0,3.157894736842106,1.578947368421053,3.947368421052632,3.157894736842106,0.7894736842105265,0.0,0.0,0.0,0.0,0.0,0.0,0.0,0.0,0.0,0.0,4.24870672207413,30.6733494,-97.59454615,12,13,13565253,C
0.0297467285710342,3.551061543222433,3.541827235587541,69.39228623431289,1.174962109606317,2.790336496980155,0.0,0.639344262295082,1.0796915167095116,1.9280205655526996,2.2365038560411308,2.159383033419024,1.6195372750642678,1.6195372750642665,2.082262210796916,2.853470437017996,2.390745501285348,3.08483290488432,1.7737789203084835,1.07969151670951,1.15681233933162,0.925449871465296,1.002570694087404,0.5398457583547559,1.15681233933162,0.5398457583547559,0.5398457583547559,0.0771208226221079,0.0771208226221079,0.0,0.0,0.0,0.0,0.077120822622108,0.0,0.0,0.0,0.0,0.2313624678663239,0.6169665809768637,0.5398457583547558,1.002570694087404,1.233933161953728,0.7712082262210793,0.77120822622108,1.079691516709512,0.616966580976864,0.539845758354756,0.77120822622108,0.3856041131105392,0.616966580976864,0.308483290488432,0.2313624678663239,0.154241645244216,0.308483290488432,0.077120822622108,0.154241645244216,0.0,0.0,0.0,0.0,0.0,0.0,0.077120822622108,0.0,0.0,0.0,0.0,0.0771208226221079,0.8483290488431876,0.8483290488431875,0.7712082262210798,0.3856041131105399,0.4627249357326475,0.6169665809768639,0.3856041131105399,0.3856041131105399,0.2313624678663239,0.2313624678663239,0.2313624678663235,0.2313624678663239,0.2313624678663239,0.3084832904884319,0.1542416452442159,0.4627249357326479,0.3084832904884319,0.1542416452442159,0.0771208226221079,0.0771208226221079,0.0,0.0,0.0,0.0,0.0,0.0,0.0,0.0,0.0,0.4627249357326479,0.4627249357326479,0.2313624678663238,0.077120822622108,0.0,0.0771208226221079,0.539845758354756,0.38560411311054,0.2313624678663239,0.308483290488432,0.077120822622108,0.1542416452442157,0.154241645244216,0.308483290488432,0.38560411311054,0.077120822622108,0.2313624678663239,0.077120822622108,0.0,0.0,0.0,0.0,0.0,0.0,0.0,0.0,0.0,0.0,0.0,0.0,12,38605809.36028881,2.8426392604056745,4.689803504299256,389,1.0796915167095116,1.9280205655526992,2.2365038560411308,2.159383033419024,1.6195372750642676,1.6195372750642665,2.0822622107969155,2.8534704370179957,2.390745501285348,3.0848329048843195,1.7737789203084835,1.07969151670951,1.15681233933162,0.9254498714652958,1.002570694087404,0.5398457583547559,1.15681233933162,0.5398457583547559,0.5398457583547559,0.0771208226221079,0.0771208226221079,0.0,0.0,0.0,0.0,0.0771208226221079,0.0,0.0,0.0,0.0,8.279163728536735,38.85512405,-104.913797,12,12,13578474,C
0.2410336086392931,3.3008685244181684,3.348977232012152,76.73951405190599,1.1104182698094878,2.8439306358381504,0.0,0.7774566473988439,0.2542372881355932,0.2542372881355932,2.2881355932203387,1.2711864406779665,1.016949152542373,1.2711864406779654,2.033898305084746,2.796610169491526,1.5254237288135597,3.3050847457627124,1.016949152542373,0.7627118644067785,2.288135593220339,1.779661016949153,2.796610169491526,1.016949152542373,1.5254237288135597,1.016949152542373,1.2711864406779665,0.2542372881355932,0.2542372881355932,0.0,0.0,0.0,0.0,0.0,0.0,0.0,0.0,0.0,0.0,0.0,0.5084745762711863,0.5084745762711865,0.0,0.254237288135593,1.2711864406779665,1.2711864406779665,0.7627118644067797,1.5254237288135597,0.0,0.2542372881355928,0.0,0.5084745762711865,0.7627118644067797,0.5084745762711865,0.5084745762711865,0.0,0.2542372881355932,0.0,0.0,0.0,0.0,0.0,0.0,0.0,0.0,0.0,0.0,0.0,0.0,0.2542372881355932,1.2711864406779658,0.5084745762711865,0.7627118644067797,0.5084745762711862,0.5084745762711865,1.016949152542373,0.7627118644067797,0.7627118644067797,0.5084745762711865,0.0,1.2711864406779665,0.0,0.2542372881355932,0.0,0.0,0.7627118644067797,0.5084745762711865,0.0,0.2542372881355932,0.0,0.0,0.0,0.0,0.0,0.0,0.0,0.0,0.0,0.0,0.0,0.5084745762711864,0.0,0.2542372881355932,0.5084745762711862,0.2542372881355932,0.2542372881355932,0.0,0.0,0.0,0.0,0.5084745762711865,1.016949152542373,0.7627118644067798,0.5084745762711865,0.5084745762711865,0.2542372881355932,0.5084745762711865,0.2542372881355932,0.0,0.0,0.0,0.0,0.0,0.0,0.0,0.0,0.0,0.0,12,5751885.511982926,2.35555478789052,4.429028635446564,118,0.2542372881355932,0.2542372881355932,2.2881355932203387,1.2711864406779665,1.016949152542373,1.2711864406779654,2.033898305084746,2.796610169491526,1.5254237288135597,3.305084745762713,1.016949152542373,0.7627118644067786,2.2881355932203395,1.7796610169491531,2.796610169491526,1.016949152542373,1.5254237288135597,1.016949152542373,1.2711864406779665,0.2542372881355932,0.2542372881355932,0.0,0.0,0.0,0.0,0.0,0.0,0.0,0.0,0.0,7.772734255709256,32.260559,-90.4082145,13,12,13650954,C
0.4098448146175508,3.07453785632435,3.085076300432489,134.4623570984724,1.132964669673002,2.4615384615384617,0.0,0.6581196581196581,0.0,0.0,2.6086956521739126,0.0,6.521739130434783,0.0,1.3043478260869568,2.608695652173913,1.3043478260869568,5.217391304347827,1.3043478260869568,1.3043478260869548,2.608695652173913,1.3043478260869568,1.3043478260869568,1.3043478260869568,0.0,0.0,1.3043478260869568,0.0,0.0,0.0,0.0,0.0,0.0,0.0,0.0,0.0,0.0,0.0,0.0,0.0,2.6086956521739126,0.0,2.608695652173913,0.0,0.0,0.0,0.0,1.3043478260869568,0.0,0.0,0.0,0.0,1.3043478260869568,0.0,0.0,0.0,0.0,0.0,0.0,0.0,0.0,0.0,0.0,0.0,0.0,0.0,0.0,0.0,0.0,0.0,0.0,0.0,1.3043478260869568,0.0,0.0,2.608695652173913,0.0,2.608695652173913,1.3043478260869568,1.3043478260869548,1.3043478260869568,1.3043478260869568,0.0,0.0,0.0,0.0,0.0,0.0,0.0,0.0,0.0,0.0,0.0,0.0,0.0,0.0,0.0,0.0,0.0,0.0,0.0,0.0,2.608695652173913,0.0,1.3043478260869568,0.0,1.3043478260869568,1.3043478260869568,0.0,0.0,0.0,0.0,0.0,1.3043478260869568,0.0,0.0,0.0,0.0,0.0,0.0,0.0,0.0,0.0,0.0,0.0,0.0,0.0,0.0,12,566543.3031200075,4.084522542392835,2.110617605882813,23,0.0,0.0,2.6086956521739126,0.0,6.521739130434784,0.0,1.3043478260869568,2.608695652173913,1.3043478260869568,5.217391304347827,1.3043478260869568,1.3043478260869548,2.608695652173913,1.3043478260869568,1.3043478260869568,1.3043478260869568,0.0,0.0,1.3043478260869568,0.0,0.0,0.0,0.0,0.0,0.0,0.0,0.0,0.0,0.0,0.0,7.637939420420383,34.9686322,-90.90438465,12,13,13653988,C
0.7583286404657276,2.466538587403252,2.895424398843364,97.61639852320104,1.0680840830233784,2.9945355191256837,0.0,0.4098360655737705,0.3333333333333333,0.0,0.3333333333333332,1.0000000000000002,1.6666666666666672,0.6666666666666663,2.6666666666666674,1.6666666666666672,2.6666666666666674,2.333333333333334,1.0,1.3333333333333317,2.0000000000000004,2.0000000000000004,2.0000000000000004,1.6666666666666672,2.6666666666666674,0.6666666666666669,3.3333333333333344,0.0,0.0,0.0,0.0,0.0,0.0,0.0,0.0,0.0,0.0,0.0,0.0,0.0,0.0,0.0,0.3333333333333334,0.3333333333333331,1.3333333333333337,1.3333333333333337,0.3333333333333334,0.0,0.0,0.0,0.0,0.3333333333333334,0.0,0.0,0.0,0.3333333333333334,1.3333333333333337,0.0,0.0,0.0,0.0,0.0,0.0,0.0,0.0,0.0,0.0,0.0,0.0,0.0,0.0,0.6666666666666669,1.0000000000000002,0.3333333333333331,0.3333333333333334,0.3333333333333334,1.0000000000000002,0.0,0.0,0.3333333333333328,1.3333333333333337,1.3333333333333337,1.6666666666666672,1.6666666666666672,1.3333333333333337,0.3333333333333334,0.3333333333333334,0.0,0.0,0.0,0.0,0.0,0.0,0.0,0.0,0.0,0.0,0.0,0.0,0.0,0.3333333333333332,0.3333333333333334,0.3333333333333334,0.0,0.3333333333333334,0.0,1.0,1.0,1.0,0.9999999999999986,0.6666666666666669,0.3333333333333334,0.3333333333333334,0.0,0.6666666666666669,0.0,1.3333333333333337,0.0,0.0,0.0,0.0,0.0,0.0,0.0,0.0,0.0,0.0,0.0,12,2621568.606598709,2.837850960400887,2.646519364327484,90,0.3333333333333333,0.0,0.3333333333333332,1.0000000000000002,1.666666666666667,0.6666666666666663,2.6666666666666674,1.666666666666667,2.6666666666666674,2.333333333333334,1.0000000000000002,1.3333333333333317,2.0000000000000004,2.0000000000000004,2.0000000000000004,1.666666666666667,2.6666666666666674,0.6666666666666669,3.333333333333334,0.0,0.0,0.0,0.0,0.0,0.0,0.0,0.0,0.0,0.0,0.0,4.230079959287848,47.7278762,-94.54632495,12,13,137368,C
0.4137519345903888,3.068939095332679,3.127068582288495,131.5907539713426,1.1798350353886573,2.7804878048780486,0.0,0.7317073170731707,1.0909090909090908,0.0,0.0,0.5454545454545455,0.5454545454545455,1.0909090909090904,1.0909090909090913,2.1818181818181825,0.5454545454545455,2.7272727272727275,0.0,1.636363636363634,1.090909090909091,1.636363636363637,3.2727272727272734,2.1818181818181825,2.1818181818181825,3.8181818181818192,3.8181818181818192,0.5454545454545456,0.0,0.0,0.0,0.0,0.0,0.0,0.0,0.0,0.0,0.0,0.5454545454545454,0.0,0.0,0.0,0.5454545454545455,0.0,0.5454545454545455,0.5454545454545455,0.0,0.0,0.0,0.0,0.0,0.0,0.0,0.0,0.0,0.0,0.0,0.0,0.0,0.0,0.0,0.0,0.0,0.0,0.0,0.0,0.0,0.0,0.0,0.0,0.0,0.5454545454545455,0.0,0.0,0.0,0.5454545454545455,0.5454545454545455,1.6363636363636365,0.0,0.5454545454545446,1.090909090909091,0.5454545454545455,0.5454545454545455,1.090909090909091,0.0,1.090909090909091,1.090909090909091,0.0,0.0,0.0,0.0,0.0,0.0,0.0,0.0,0.0,0.0,0.0,0.0,0.0,0.0,0.0,0.0,1.0909090909090904,0.0,0.0,0.0,0.5454545454545456,0.0,0.0,0.0,0.5454545454545456,1.636363636363637,1.0909090909090913,1.636363636363637,2.727272727272728,2.1818181818181825,0.5454545454545456,0.0,0.0,0.0,0.0,0.0,0.0,0.0,0.0,0.0,0.0,12,3063572.048664856,3.0805663139526733,3.271587507129647,55,1.0909090909090908,0.0,0.0,0.5454545454545456,0.5454545454545456,1.0909090909090902,1.0909090909090913,2.1818181818181825,0.5454545454545456,2.727272727272728,0.0,1.636363636363634,1.0909090909090913,1.636363636363637,3.2727272727272734,2.1818181818181825,2.1818181818181825,3.8181818181818192,3.8181818181818192,0.5454545454545456,0.0,0.0,0.0,0.0,0.0,0.0,0.0,0.0,0.0,0.0,5.34158992038393,31.162443,-90.80312,12,13,13745333,C
0.8552626166517674,2.222215178875339,2.463662017899504,56.58802145696588,1.0717306998703136,3.0444145356662182,0.0,0.5450874831763123,0.3252032520325203,0.2439024390243902,0.9756097560975608,1.544715447154472,1.7886178861788624,2.276422764227641,2.0325203252032527,2.520325203252033,1.3008130081300815,1.8699186991869925,1.544715447154472,1.7073170731707292,0.8943089430894311,1.9512195121951224,2.195121951219513,1.6260162601626018,1.1382113821138211,0.9756097560975612,2.6016260162601634,0.3252032520325204,0.0813008130081301,0.0,0.0,0.0,0.0,0.0,0.0813008130081301,0.0,0.0,0.0,0.1626016260162602,0.1626016260162602,0.6504065040650406,0.7317073170731709,0.6504065040650409,0.3252032520325201,0.6504065040650409,0.8943089430894312,0.2439024390243903,0.5691056910569108,0.5691056910569108,0.2439024390243899,0.2439024390243903,0.5691056910569108,0.4878048780487806,0.2439024390243903,0.5691056910569108,0.0813008130081301,0.9756097560975612,0.0,0.0,0.0,0.0,0.0,0.0,0.0,0.0,0.0,0.0,0.0,0.0,0.08130081300813,0.3252032520325202,0.813008130081301,0.5691056910569108,0.24390243902439,0.4878048780487806,0.4065040650406505,0.4065040650406505,0.5691056910569108,0.2439024390243903,0.6504065040650397,0.3252032520325204,0.813008130081301,0.9756097560975612,0.9756097560975612,0.4065040650406505,0.4065040650406505,0.5691056910569108,0.0813008130081301,0.0813008130081301,0.0,0.0,0.0,0.0,0.0,0.0813008130081301,0.0,0.0,0.0,0.0,0.0,0.0,0.0,0.4878048780487806,0.8943089430894302,0.1626016260162602,0.4878048780487806,0.3252032520325204,0.5691056910569108,0.6504065040650409,0.4878048780487798,0.2439024390243903,0.5691056910569108,0.6504065040650409,0.2439024390243903,0.0813008130081301,0.0813008130081301,0.4878048780487806,0.1626016260162602,0.0,0.0,0.0,0.0,0.0,0.0,0.0,0.0,0.0,0.0,12,10957705.939312007,4.262090095670894,4.515725409181672,369,0.3252032520325203,0.2439024390243902,0.9756097560975608,1.544715447154472,1.7886178861788622,2.276422764227641,2.032520325203252,2.520325203252033,1.3008130081300815,1.8699186991869925,1.544715447154472,1.7073170731707292,0.8943089430894311,1.9512195121951224,2.195121951219513,1.626016260162602,1.1382113821138216,0.9756097560975612,2.6016260162601634,0.3252032520325204,0.0813008130081301,0.0,0.0,0.0,0.0,0.0,0.0813008130081301,0.0,0.0,0.0,6.5690127473184,46.5269586,-93.704942,12,12,137496,C
0.4871465908101097,2.9600709773996328,3.022494199401861,117.96797573152269,1.134436090230804,2.5625,0.0,0.6875,2.25,1.5,1.4999999999999998,1.5000000000000002,0.7500000000000001,0.0,1.5000000000000002,1.5000000000000002,0.0,6.000000000000001,0.0,0.749999999999999,2.2500000000000004,3.0000000000000004,2.2500000000000004,0.7500000000000001,0.7500000000000001,2.2500000000000004,1.5000000000000002,0.0,0.0,0.0,0.0,0.0,0.0,0.0,0.0,0.0,0.0,0.0,0.0,0.75,1.4999999999999998,0.7500000000000001,0.7500000000000001,0.0,0.0,0.0,0.0,1.5000000000000002,0.0,0.749999999999999,0.0,0.0,0.0,0.7500000000000001,0.0,0.0,0.0,0.0,0.0,0.0,0.0,0.0,0.0,0.0,0.0,0.0,0.0,0.0,0.75,0.75,0.0,0.7500000000000001,0.0,0.0,1.5000000000000002,0.0,0.0,3.750000000000001,0.0,0.0,1.5000000000000002,0.7500000000000001,0.7500000000000001,0.0,0.0,0.7500000000000001,1.5000000000000002,0.0,0.0,0.0,0.0,0.0,0.0,0.0,0.0,0.0,0.0,0.0,0.0,0.0,0.0,0.0,0.0,0.0,0.0,0.0,0.0,0.7500000000000001,0.0,0.0,0.7500000000000001,2.2500000000000004,1.5000000000000002,0.0,0.7500000000000001,0.7500000000000001,0.0,0.0,0.0,0.0,0.0,0.0,0.0,0.0,0.0,0.0,0.0,0.0,12,1102802.1430503705,2.465960021250881,2.5707254809720905,40,2.25,1.5,1.4999999999999996,1.5000000000000004,0.7500000000000002,0.0,1.5000000000000004,1.5000000000000004,0.0,6.000000000000002,0.0,0.7499999999999989,2.2500000000000004,3.000000000000001,2.2500000000000004,0.7500000000000002,0.7500000000000002,2.2500000000000004,1.5000000000000004,0.0,0.0,0.0,0.0,0.0,0.0,0.0,0.0,0.0,0.0,0.0,4.261920904273363,31.42401815,-87.34041415,12,13,13810939,C
0.0673033342414484,3.508745359763949,3.3945221753953887,102.5852356253752,1.0567363294227283,2.6402439024390243,0.0,0.7439024390243902,0.2912621359223301,0.5825242718446602,0.29126213592233,0.5825242718446604,1.7475728155339811,1.4563106796116496,0.8737864077669906,1.4563106796116507,4.368932038834952,0.5825242718446604,1.747572815533981,2.038834951456308,1.747572815533981,0.5825242718446604,3.495145631067962,1.7475728155339811,1.1650485436893208,2.330097087378641,1.1650485436893208,1.4563106796116507,0.2912621359223301,0.0,0.0,0.0,0.0,0.0,0.0,0.0,0.0,0.0,0.0,0.0,0.29126213592233,0.5825242718446604,1.1650485436893208,0.5825242718446598,0.2912621359223302,0.8737864077669905,0.8737864077669905,0.2912621359223302,0.8737864077669905,0.2912621359223297,0.0,0.0,1.1650485436893208,0.0,0.2912621359223302,0.0,0.0,0.0,0.0,0.0,0.0,0.0,0.0,0.0,0.0,0.0,0.0,0.0,0.0,0.0,0.0,0.0,0.2912621359223301,0.2912621359223299,0.2912621359223301,0.5825242718446603,1.1650485436893203,0.0,0.2912621359223301,0.5825242718446594,0.8737864077669905,0.0,0.8737864077669905,0.2912621359223301,0.2912621359223301,1.1650485436893203,0.0,0.0,0.0,0.0,0.0,0.0,0.0,0.0,0.0,0.0,0.0,0.0,0.0,0.0,0.0,0.0,0.0,0.2912621359223299,0.0,0.0,1.1650485436893203,0.2912621359223301,0.2912621359223301,0.5825242718446593,0.5825242718446603,0.2912621359223301,0.2912621359223301,0.2912621359223301,0.0,0.0,0.0,0.0,0.2912621359223301,0.0,0.0,0.0,0.0,0.0,0.0,0.0,0.0,0.0,12,22939930.21191455,4.57467114511691,5.212666873679264,103,0.2912621359223301,0.5825242718446602,0.29126213592233,0.5825242718446604,1.747572815533981,1.4563106796116496,0.8737864077669905,1.4563106796116507,4.368932038834952,0.5825242718446604,1.747572815533981,2.038834951456308,1.747572815533981,0.5825242718446604,3.495145631067962,1.747572815533981,1.1650485436893208,2.330097087378641,1.1650485436893208,1.4563106796116507,0.2912621359223302,0.0,0.0,0.0,0.0,0.0,0.0,0.0,0.0,0.0,7.70506127428115,46.4414139,4.92685875,12,12,138958,C
0.1696196539284045,3.388932063117089,3.327986653358447,57.474694992493525,1.073052072054642,2.471281296023564,0.0,0.6406480117820325,0.1986754966887417,0.1986754966887417,0.5960264900662251,0.9933774834437088,2.1854304635761594,1.3907284768211912,0.9933774834437088,1.9867549668874176,1.589403973509934,2.18543046357616,1.589403973509934,2.5827814569536387,2.1854304635761594,3.3774834437086096,1.9867549668874176,1.1920529801324506,1.1920529801324506,1.3907284768211925,0.7947019867549671,0.794701986754967,0.0,0.1986754966887417,0.3973509933774835,0.0,0.0,0.0,0.0,0.0,0.0,0.0,0.0,0.1986754966887417,0.5960264900662251,0.7947019867549671,0.3973509933774835,0.5960264900662248,0.3973509933774835,0.7947019867549671,0.3973509933774835,0.9933774834437088,0.7947019867549671,1.1920529801324486,0.7947019867549671,0.7947019867549671,0.5960264900662253,0.1986754966887417,0.5960264900662253,0.5960264900662253,0.3973509933774835,0.0,0.0,0.0,0.0,0.0,0.0,0.0,0.0,0.0,0.0,0.0,0.0,0.0,0.0,0.1986754966887417,0.1986754966887417,0.1986754966887416,0.1986754966887417,0.5960264900662253,0.0,0.1986754966887417,0.3973509933774835,0.3973509933774829,0.1986754966887417,0.7947019867549671,0.3973509933774835,0.3973509933774835,0.0,0.3973509933774835,0.0,0.1986754966887417,0.0,0.0,0.1986754966887417,0.0,0.0,0.0,0.0,0.0,0.0,0.0,0.0,0.0,0.0,0.0,0.0,0.0,0.1986754966887417,0.0,0.3973509933774835,0.1986754966887417,0.3973509933774835,0.3973509933774829,0.5960264900662252,0.7947019867549671,0.3973509933774835,0.0,0.3973509933774835,0.3973509933774835,0.1986754966887417,0.5960264900662252,0.0,0.1986754966887417,0.1986754966887417,0.0,0.0,0.0,0.0,0.0,0.0,0.0,12,13180203.797372784,3.3762079794202,4.233416631851403,151,0.1986754966887417,0.1986754966887417,0.5960264900662251,0.9933774834437088,2.1854304635761594,1.3907284768211912,0.9933774834437088,1.9867549668874176,1.589403973509934,2.1854304635761594,1.589403973509934,2.5827814569536387,2.1854304635761594,3.37748344370861,1.9867549668874176,1.1920529801324504,1.1920529801324504,1.3907284768211925,0.7947019867549671,0.7947019867549671,0.0,0.1986754966887417,0.3973509933774835,0.0,0.0,0.0,0.0,0.0,0.0,0.0,6.38006101588384,46.31571595,6.0821912000000005,12,12,139261,C
0.1723225831366808,3.3856695844713287,3.4082209996009114,61.05639524061977,1.0887122835902423,2.535135135135135,0.0,0.5891891891891892,1.2903225806451617,2.419354838709677,1.9354838709677415,1.1290322580645165,1.451612903225807,1.7741935483870956,1.1290322580645165,1.451612903225807,1.9354838709677424,1.612903225806452,1.612903225806452,0.9677419354838696,2.903225806451614,0.806451612903226,1.4516129032258067,1.9354838709677424,1.7741935483870972,1.4516129032258067,0.6451612903225807,0.3225806451612903,0.0,0.0,0.0,0.0,0.0,0.0,0.0,0.0,0.0,0.0,0.8064516129032259,1.4516129032258065,1.129032258064516,1.1290322580645165,1.1290322580645165,0.9677419354838704,0.806451612903226,0.806451612903226,0.4838709677419355,0.4838709677419355,0.6451612903225808,0.3225806451612898,0.1612903225806452,0.3225806451612904,0.1612903225806452,0.3225806451612904,0.6451612903225808,0.3225806451612904,0.4838709677419355,0.0,0.0,0.0,0.0,0.0,0.0,0.0,0.0,0.0,0.0,0.0,0.1612903225806451,0.4838709677419355,0.3225806451612902,0.0,0.3225806451612904,0.4838709677419351,0.1612903225806452,0.3225806451612904,0.4838709677419355,0.1612903225806452,0.1612903225806452,0.3225806451612898,0.8064516129032261,0.1612903225806452,0.1612903225806452,0.4838709677419355,0.1612903225806452,0.1612903225806452,0.0,0.1612903225806452,0.0,0.0,0.0,0.0,0.0,0.0,0.0,0.0,0.0,0.0,0.0,0.0,0.0,0.0,0.0,0.0,0.0,0.1612903225806451,0.1612903225806451,0.6451612903225807,0.3225806451612903,0.1612903225806449,0.4838709677419355,0.3225806451612903,0.3225806451612903,0.6451612903225807,0.3225806451612903,0.3225806451612903,0.1612903225806451,0.1612903225806451,0.0,0.0,0.0,0.0,0.0,0.0,0.0,0.0,0.0,0.0,12,13778784.07654042,3.6502463731039314,3.0436372677331094,186,1.2903225806451613,2.419354838709677,1.935483870967741,1.1290322580645165,1.4516129032258067,1.7741935483870956,1.1290322580645165,1.4516129032258067,1.9354838709677424,1.612903225806452,1.612903225806452,0.9677419354838696,2.903225806451613,0.806451612903226,1.4516129032258067,1.9354838709677424,1.774193548387097,1.4516129032258067,0.6451612903225808,0.3225806451612904,0.0,0.0,0.0,0.0,0.0,0.0,0.0,0.0,0.0,0.0,5.696580670360237,46.277962,6.095302950000001,12,13,139875,C
0.6897625431895252,2.6102632242669848,2.510583137528805,95.08125652504818,1.120404122649311,2.598425196850393,0.0,0.6666666666666666,0.6521739130434783,0.0,0.652173913043478,0.6521739130434784,1.3043478260869568,0.9782608695652169,1.6304347826086958,2.2826086956521743,2.9347826086956528,0.9782608695652176,1.3043478260869568,1.6304347826086931,3.5869565217391317,1.956521739130435,2.9347826086956523,1.956521739130435,1.956521739130435,0.9782608695652176,0.9782608695652176,0.6521739130434784,0.0,0.0,0.0,0.0,0.0,0.0,0.0,0.0,0.0,0.0,0.0,0.0,0.326086956521739,0.0,0.0,0.3260869565217389,0.0,0.3260869565217392,0.6521739130434784,0.0,0.0,0.3260869565217386,0.6521739130434784,0.0,0.9782608695652176,0.3260869565217392,0.3260869565217392,0.0,0.0,0.0,0.0,0.0,0.0,0.0,0.0,0.0,0.0,0.0,0.0,0.0,0.0,0.0,0.3260869565217391,0.6521739130434784,1.3043478260869568,0.6521739130434778,0.9782608695652176,0.6521739130434784,0.3260869565217392,0.0,0.6521739130434784,0.0,0.6521739130434784,0.0,0.0,0.0,0.6521739130434784,0.6521739130434784,0.0,0.0,0.0,0.0,0.0,0.0,0.0,0.0,0.0,0.0,0.0,0.0,0.0,0.0,0.0,0.0,0.0,0.0,0.6521739130434784,1.3043478260869568,1.630434782608696,0.9782608695652176,0.6521739130434784,0.978260869565216,0.9782608695652176,0.6521739130434784,0.9782608695652176,0.9782608695652176,0.0,0.3260869565217392,0.9782608695652176,0.3260869565217392,0.0,0.0,0.0,0.0,0.0,0.0,0.0,0.0,0.0,0.0,12,8448329.466328125,2.5354749426729977,1.631933331825072,92,0.6521739130434783,0.0,0.6521739130434782,0.6521739130434784,1.3043478260869568,0.9782608695652169,1.630434782608696,2.2826086956521747,2.9347826086956528,0.9782608695652176,1.3043478260869568,1.6304347826086931,3.5869565217391317,1.956521739130435,2.9347826086956528,1.956521739130435,1.956521739130435,0.9782608695652176,0.9782608695652176,0.6521739130434784,0.0,0.0,0.0,0.0,0.0,0.0,0.0,0.0,0.0,0.0,3.3431190173566594,38.594025,-90.381787,12,14,139997,C
0.4798971734019953,2.971157044671469,3.001422647166208,72.97536869769556,1.114906588184739,2.7455621301775146,0.0,0.665680473372781,0.0,2.3076923076923075,1.7307692307692304,0.576923076923077,0.8653846153846156,1.7307692307692295,0.2884615384615385,1.4423076923076923,0.0,2.3076923076923084,1.7307692307692313,2.8846153846153806,2.884615384615385,2.307692307692308,2.0192307692307696,2.3076923076923075,2.0192307692307696,1.4423076923076927,0.8653846153846154,0.2884615384615385,0.0,0.0,0.0,0.0,0.0,0.0,0.0,0.0,0.0,0.0,0.0,0.8653846153846154,1.1538461538461535,0.576923076923077,0.0,1.153846153846153,0.0,0.576923076923077,0.0,0.576923076923077,0.0,0.5769230769230761,0.2884615384615385,0.8653846153846155,0.576923076923077,0.2884615384615385,0.0,0.576923076923077,0.0,0.0,0.0,0.0,0.0,0.0,0.0,0.0,0.0,0.0,0.0,0.0,0.0,1.4423076923076923,0.5769230769230768,0.0,0.5769230769230771,0.5769230769230765,0.0,0.8653846153846154,0.0,1.4423076923076923,1.1538461538461542,0.288461538461538,0.2884615384615385,0.5769230769230771,0.8653846153846154,0.8653846153846154,0.8653846153846154,0.5769230769230771,0.8653846153846154,0.0,0.0,0.0,0.0,0.0,0.0,0.0,0.0,0.0,0.0,0.0,0.0,0.0,0.0,0.0,0.0,0.0,0.2884615384615385,0.0,0.0,0.2884615384615385,0.2884615384615385,0.288461538461538,1.4423076923076923,0.8653846153846154,0.2884615384615385,0.8653846153846154,0.5769230769230771,0.2884615384615385,0.0,0.0,0.0,0.0,0.0,0.0,0.0,0.0,0.0,0.0,0.0,0.0,12,3769750.2657213374,2.9545730671556667,1.797336256442708,104,0.0,2.3076923076923075,1.7307692307692304,0.5769230769230771,0.8653846153846155,1.7307692307692295,0.2884615384615385,1.4423076923076923,0.0,2.3076923076923084,1.730769230769231,2.88461538461538,2.884615384615385,2.3076923076923084,2.0192307692307696,2.3076923076923084,2.0192307692307696,1.4423076923076923,0.8653846153846155,0.2884615384615385,0.0,0.0,0.0,0.0,0.0,0.0,0.0,0.0,0.0,0.0,2.392308756065772,38.674429,-90.2920235,12,14,140047,C
0.6536962329824954,2.6794698080860013,2.7143941383737205,109.68618215402408,1.0593314992801328,2.9176470588235293,0.0,0.6823529411764706,0.4137931034482759,0.0,0.0,0.4137931034482759,0.0,0.6206896551724135,0.4137931034482759,1.0344827586206895,2.06896551724138,3.517241379310345,1.2413793103448278,1.8620689655172389,1.655172413793104,0.8275862068965519,2.275862068965518,2.275862068965518,1.03448275862069,3.517241379310345,5.172413793103449,1.655172413793104,0.0,0.0,0.0,0.0,0.0,0.0,0.0,0.0,0.0,0.0,0.0,0.0,0.0,0.2068965517241379,0.0,0.2068965517241378,0.0,0.6206896551724138,0.2068965517241379,0.4137931034482759,0.2068965517241379,0.0,0.0,0.0,0.0,0.4137931034482759,0.2068965517241379,0.0,0.0,0.0,0.0,0.0,0.0,0.0,0.0,0.0,0.0,0.0,0.0,0.0,0.2068965517241379,0.0,0.0,0.0,0.0,0.2068965517241378,0.2068965517241379,0.4137931034482759,1.03448275862069,1.03448275862069,0.4137931034482759,0.620689655172413,0.4137931034482759,0.0,0.8275862068965519,0.2068965517241379,0.0,0.4137931034482759,0.4137931034482759,0.0,0.0,0.0,0.0,0.0,0.0,0.0,0.0,0.0,0.0,0.0,0.0,0.0,0.0,0.2068965517241379,0.0,0.2068965517241378,0.2068965517241379,0.0,0.0,0.2068965517241379,0.2068965517241379,0.2068965517241376,0.6206896551724139,0.6206896551724139,0.6206896551724139,1.03448275862069,0.4137931034482759,2.482758620689656,4.551724137931036,1.655172413793104,0.0,0.0,0.0,0.0,0.0,0.0,0.0,0.0,0.0,0.0,12,24289078.71118265,3.1636353678461164,4.856334555626759,145,0.4137931034482758,0.0,0.0,0.4137931034482759,0.0,0.6206896551724134,0.4137931034482759,1.03448275862069,2.06896551724138,3.5172413793103456,1.2413793103448278,1.8620689655172389,1.655172413793104,0.8275862068965519,2.275862068965518,2.275862068965518,1.03448275862069,3.5172413793103456,5.172413793103449,1.655172413793104,0.0,0.0,0.0,0.0,0.0,0.0,0.0,0.0,0.0,0.0,5.956509687006112,36.232788,-89.74079900000001,12,12,140161,C
0.728699067235808,2.5308625033488066,2.5473586478190904,99.29908265202796,1.0263610236067455,3.152647975077881,0.0,0.6043613707165109,0.0,0.1675977653631284,0.1675977653631284,0.1675977653631285,0.1675977653631285,0.0,1.1731843575418996,1.8435754189944136,2.178770949720671,2.6815642458100566,1.005586592178771,1.5083798882681545,1.1731843575418996,2.3463687150837997,3.3519553072625703,2.513966480446928,1.6759776536312854,2.0111731843575424,4.860335195530728,1.0055865921787712,0.0,0.0,0.0,0.0,0.0,0.0,0.0,0.0,0.0,0.0,0.0,0.1675977653631284,0.0,0.1675977653631285,0.0,0.0,0.3351955307262571,0.0,0.1675977653631285,0.0,0.0,0.0,0.0,0.0,0.0,0.0,0.0,0.0,0.0,0.0,0.0,0.0,0.0,0.0,0.0,0.0,0.0,0.0,0.0,0.0,0.0,0.0,0.1675977653631284,0.0,0.1675977653631285,0.0,0.0,0.335195530726257,0.1675977653631285,0.8379888268156426,0.1675977653631285,0.0,0.5027932960893855,0.8379888268156426,2.011173184357542,1.340782122905028,0.1675977653631285,0.8379888268156426,0.5027932960893855,0.0,0.0,0.0,0.0,0.0,0.0,0.0,0.0,0.0,0.0,0.0,0.0,0.0,0.0,0.0,0.0,0.0,0.1675977653631285,1.0055865921787712,0.6703910614525141,0.8379888268156426,0.0,0.8379888268156411,0.1675977653631285,0.6703910614525141,1.0055865921787712,1.0055865921787712,1.1731843575419,1.1731843575419,4.357541899441342,1.0055865921787712,0.0,0.0,0.0,0.0,0.0,0.0,0.0,0.0,0.0,0.0,12,16774549.717692845,2.4621994157824667,2.446411130558816,179,0.0,0.1675977653631284,0.1675977653631284,0.1675977653631285,0.1675977653631285,0.0,1.1731843575419,1.8435754189944136,2.178770949720671,2.6815642458100566,1.005586592178771,1.5083798882681545,1.1731843575419,2.3463687150838,3.3519553072625703,2.513966480446928,1.6759776536312851,2.011173184357542,4.860335195530728,1.005586592178771,0.0,0.0,0.0,0.0,0.0,0.0,0.0,0.0,0.0,0.0,3.3528145085511163,36.7789295,-89.38762485,12,13,140310,C
0.1224921077464652,3.4449850992872304,3.3325647902667144,143.9304886542097,1.0781284191445146,2.299065420560748,0.0,0.6822429906542056,6.923076923076923,2.307692307692308,4.615384615384615,0.0,0.0,0.0,2.3076923076923084,2.3076923076923084,2.3076923076923084,0.0,4.615384615384617,0.0,0.0,0.0,0.0,2.3076923076923084,0.0,2.3076923076923084,0.0,0.0,0.0,0.0,0.0,0.0,0.0,0.0,0.0,0.0,0.0,0.0,0.0,0.0,2.3076923076923075,0.0,0.0,0.0,0.0,0.0,0.0,0.0,2.3076923076923084,0.0,0.0,0.0,0.0,0.0,0.0,0.0,0.0,0.0,0.0,0.0,0.0,0.0,0.0,0.0,0.0,0.0,0.0,0.0,0.0,0.0,0.0,0.0,0.0,0.0,2.3076923076923084,2.3076923076923084,2.3076923076923084,0.0,0.0,0.0,0.0,0.0,0.0,0.0,0.0,0.0,0.0,0.0,0.0,0.0,0.0,0.0,0.0,0.0,0.0,0.0,0.0,0.0,2.307692307692308,0.0,2.3076923076923075,0.0,0.0,0.0,0.0,0.0,0.0,0.0,2.3076923076923084,0.0,0.0,0.0,0.0,2.3076923076923084,0.0,0.0,0.0,0.0,0.0,0.0,0.0,0.0,0.0,0.0,0.0,0.0,0.0,0.0,12,368475.5538925316,2.5539310203641654,2.8477191047039816,13,6.923076923076923,2.3076923076923075,4.615384615384614,0.0,0.0,0.0,2.3076923076923084,2.3076923076923084,2.3076923076923084,0.0,4.615384615384617,0.0,0.0,0.0,0.0,2.3076923076923084,0.0,2.3076923076923084,0.0,0.0,0.0,0.0,0.0,0.0,0.0,0.0,0.0,0.0,0.0,0.0,4.034524759019259,38.0144415,-90.218715,12,13,140579,C
0.4084046942374809,3.076596819937002,3.014260883473795,133.58210847398792,1.0975202493382998,2.613636363636364,0.0,0.7045454545454546,1.4634146341463414,2.1951219512195124,0.0,2.195121951219513,0.0,0.0,0.7317073170731709,3.658536585365855,0.0,4.390243902439025,1.4634146341463417,1.4634146341463394,2.9268292682926838,0.7317073170731709,3.6585365853658542,1.463414634146342,0.0,2.195121951219513,1.463414634146342,0.0,0.0,0.0,0.0,0.0,0.0,0.0,0.0,0.0,0.0,0.0,0.0,0.7317073170731707,0.0,0.0,0.0,0.0,0.0,0.7317073170731709,0.0,0.0,0.0,0.0,0.0,0.0,0.0,0.0,0.0,0.0,0.0,0.0,0.0,0.0,0.0,0.0,0.0,0.0,0.0,0.0,0.0,0.0,0.0,0.0,0.0,1.463414634146342,0.0,0.0,0.7317073170731709,1.463414634146342,0.0,1.463414634146342,0.0,0.7317073170731697,0.0,0.7317073170731709,2.195121951219513,0.7317073170731709,0.0,1.463414634146342,0.7317073170731709,0.0,0.0,0.0,0.0,0.0,0.0,0.0,0.0,0.0,0.0,0.0,0.7317073170731707,1.4634146341463414,0.0,0.7317073170731708,0.0,0.0,0.0,0.7317073170731708,0.0,0.7317073170731708,1.4634146341463417,0.7317073170731697,2.1951219512195124,0.0,1.4634146341463417,0.7317073170731708,0.0,0.7317073170731708,0.7317073170731708,0.0,0.0,0.0,0.0,0.0,0.0,0.0,0.0,0.0,0.0,0.0,12,2790645.9004363306,2.3597806176254528,5.776834982946748,41,1.4634146341463414,2.1951219512195124,0.0,2.1951219512195124,0.0,0.0,0.7317073170731709,3.6585365853658542,0.0,4.390243902439025,1.463414634146342,1.4634146341463394,2.926829268292684,0.7317073170731709,3.6585365853658542,1.463414634146342,0.0,2.1951219512195124,1.463414634146342,0.0,0.0,0.0,0.0,0.0,0.0,0.0,0.0,0.0,0.0,0.0,3.031372304164382,38.856832,-91.2980475,12,12,140837,C
0.4880295660401428,2.958715361541496,3.0557256258802776,95.87135233364576,1.0731032441578816,2.776119402985074,0.0,0.6063432835820896,0.3125,0.46875,0.1562499999999999,0.0,1.4062500000000004,0.3124999999999998,1.4062500000000002,1.7187500000000002,1.0937500000000002,2.3437500000000004,2.1875,2.1874999999999964,1.2500000000000002,1.0937500000000002,2.5000000000000004,1.5625000000000004,1.7187500000000002,6.093750000000001,1.7187500000000004,0.3125,0.15625,0.0,0.0,0.0,0.0,0.0,0.0,0.0,0.0,0.0,0.0,0.0,0.1562499999999999,0.0,1.0937500000000004,0.3124999999999998,0.3125,0.15625,0.0,0.0,0.3125,0.1562499999999997,0.15625,0.15625,0.15625,0.15625,0.0,0.0,0.15625,0.0,0.0,0.0,0.0,0.0,0.0,0.0,0.0,0.0,0.0,0.0,0.0,0.15625,0.0,0.0,0.15625,0.0,0.6250000000000001,0.46875,0.3125,0.46875,0.46875,0.3124999999999996,0.0,0.0,0.3125,0.3125,0.9375,3.75,0.6250000000000001,0.0,0.0,0.0,0.0,0.0,0.0,0.0,0.0,0.0,0.0,0.0,0.0,0.3125,0.0,0.0,0.15625,0.0,0.15625,0.6250000000000001,0.15625,1.0937500000000002,0.46875,0.6249999999999991,0.3125,0.3125,1.875,0.3125,0.6250000000000001,2.1875000000000004,0.6250000000000001,0.3125,0.15625,0.0,0.0,0.0,0.0,0.0,0.0,0.0,0.0,0.0,12,23187022.572562788,4.386663542627357,4.743059504426317,192,0.3125,0.46875,0.1562499999999999,0.0,1.4062500000000002,0.3124999999999998,1.4062500000000002,1.7187500000000002,1.0937500000000002,2.3437500000000004,2.1875000000000004,2.187499999999997,1.2500000000000002,1.0937500000000002,2.5000000000000004,1.5625000000000002,1.7187500000000002,6.093750000000001,1.7187500000000002,0.3125,0.15625,0.0,0.0,0.0,0.0,0.0,0.0,0.0,0.0,0.0,8.28132782568052,38.0668385,-91.40514,12,12,140901,C
0.6177693995331013,2.7449091234876906,2.766759328386705,109.6452055197786,1.0817674594083029,2.98961937716263,0.0,0.6262975778546713,0.2238805970149253,0.6716417910447762,0.671641791044776,0.4477611940298508,0.0,0.895522388059701,0.6716417910447762,1.3432835820895526,2.46268656716418,2.238805970149254,1.1194029850746272,1.1194029850746254,2.4626865671641798,0.8955223880597016,2.0149253731343286,0.8955223880597017,1.3432835820895526,2.46268656716418,6.940298507462688,1.119402985074627,0.0,0.0,0.0,0.0,0.0,0.0,0.0,0.0,0.0,0.0,0.0,0.2238805970149253,0.0,0.2238805970149254,0.0,0.4477611940298505,0.0,0.0,0.8955223880597016,0.2238805970149254,0.2238805970149254,0.223880597014925,0.4477611940298508,0.2238805970149254,0.2238805970149254,0.0,0.0,0.2238805970149254,0.0,0.0,0.0,0.0,0.0,0.0,0.0,0.0,0.0,0.0,0.0,0.0,0.0,0.0,0.671641791044776,0.2238805970149254,0.0,0.2238805970149252,0.0,0.4477611940298508,0.6716417910447762,1.119402985074627,0.4477611940298508,0.4477611940298501,0.8955223880597016,0.2238805970149254,0.8955223880597016,0.0,0.4477611940298508,0.0,0.4477611940298508,0.0,0.0,0.0,0.0,0.0,0.0,0.0,0.0,0.0,0.0,0.0,0.0,0.4477611940298507,0.0,0.0,0.0,0.0,0.0,0.4477611940298509,0.6716417910447763,0.4477611940298509,0.2238805970149254,0.223880597014925,0.2238805970149254,0.4477611940298509,0.6716417910447763,0.6716417910447763,0.8955223880597017,2.014925373134329,6.044776119402987,1.119402985074627,0.0,0.0,0.0,0.0,0.0,0.0,0.0,0.0,0.0,0.0,12,7591644.780374285,2.64037917153351,3.259387074019527,134,0.2238805970149253,0.6716417910447762,0.6716417910447761,0.4477611940298509,0.0,0.895522388059701,0.6716417910447762,1.3432835820895523,2.4626865671641798,2.238805970149254,1.119402985074627,1.1194029850746252,2.4626865671641798,0.8955223880597017,2.0149253731343286,0.8955223880597017,1.3432835820895523,2.4626865671641798,6.940298507462688,1.119402985074627,0.0,0.0,0.0,0.0,0.0,0.0,0.0,0.0,0.0,0.0,6.604298931556835,40.129331,-91.527173,12,13,140938,C
0.7004980336382978,2.588894466648892,2.630122025871701,86.70900582154518,1.0701690904134746,2.871287128712871,0.0,0.4686468646864686,0.2439024390243902,0.3658536585365853,0.3658536585365853,1.5853658536585369,1.8292682926829276,0.9756097560975604,2.073170731707317,1.0975609756097564,2.4390243902439037,2.0731707317073176,0.7317073170731708,0.9756097560975596,1.9512195121951224,3.7804878048780495,1.0975609756097564,1.2195121951219514,1.2195121951219514,1.3414634146341469,4.02439024390244,0.4878048780487806,0.0,0.1219512195121951,0.0,0.0,0.0,0.0,0.0,0.0,0.0,0.0,0.1219512195121951,0.1219512195121951,0.0,0.1219512195121951,0.3658536585365854,0.7317073170731703,0.7317073170731708,0.1219512195121951,0.2439024390243903,0.2439024390243903,0.0,0.1219512195121949,0.2439024390243903,0.1219512195121951,0.1219512195121951,0.0,0.2439024390243903,0.0,0.2439024390243903,0.2439024390243903,0.0,0.0,0.0,0.0,0.0,0.0,0.0,0.0,0.0,0.0,0.0,0.2439024390243902,0.3658536585365853,1.3414634146341466,1.0975609756097564,0.0,0.7317073170731708,0.4878048780487806,0.6097560975609758,0.3658536585365854,0.3658536585365854,0.3658536585365848,0.9756097560975612,1.4634146341463417,0.2439024390243903,0.1219512195121951,0.4878048780487806,0.2439024390243903,0.0,0.1219512195121951,0.0,0.0,0.0,0.0,0.0,0.0,0.0,0.0,0.0,0.0,0.0,0.0,0.0,0.0,0.1219512195121951,0.0,0.0,0.0,0.1219512195121951,0.3658536585365854,0.2439024390243903,0.3658536585365848,0.2439024390243903,0.6097560975609757,0.2439024390243903,0.6097560975609757,0.2439024390243903,0.9756097560975612,3.78048780487805,0.0,0.0,0.0,0.0,0.0,0.0,0.0,0.0,0.0,0.0,0.0,12,22216740.365695696,4.617358055565506,2.9073905994876403,246,0.2439024390243902,0.3658536585365853,0.3658536585365853,1.585365853658537,1.8292682926829276,0.9756097560975604,2.0731707317073176,1.0975609756097564,2.439024390243903,2.0731707317073176,0.7317073170731708,0.9756097560975596,1.9512195121951224,3.78048780487805,1.0975609756097564,1.2195121951219514,1.2195121951219514,1.3414634146341466,4.02439024390244,0.4878048780487806,0.0,0.1219512195121951,0.0,0.0,0.0,0.0,0.0,0.0,0.0,0.0,8.608400699848447,39.719203,-92.949424,12,13,141098,C
0.8012185842287698,2.3659763114482057,2.446986862022868,100.30326604942688,1.0904392954798032,2.958801498127341,0.0,0.6704119850187266,0.2553191489361702,0.0,0.127659574468085,0.3829787234042554,0.5106382978723406,0.127659574468085,0.3829787234042554,1.021276595744681,1.7872340425531923,2.5531914893617023,2.042553191489362,2.170212765957444,2.1702127659574475,2.1702127659574475,1.6595744680851068,2.1702127659574475,2.297872340425533,2.297872340425533,4.72340425531915,1.148936170212766,0.0,0.0,0.0,0.0,0.0,0.0,0.0,0.0,0.0,0.0,0.1276595744680851,0.0,0.127659574468085,0.2553191489361702,0.3829787234042554,0.0,0.0,0.0,0.1276595744680851,0.2553191489361702,0.1276595744680851,0.0,0.2553191489361702,0.1276595744680851,0.0,0.0,0.0,0.0,0.0,0.0,0.0,0.0,0.0,0.0,0.0,0.0,0.0,0.0,0.0,0.0,0.0,0.0,0.0,0.1276595744680851,0.1276595744680851,0.127659574468085,0.2553191489361703,0.7659574468085107,0.5106382978723406,1.2765957446808511,0.6382978723404256,0.5106382978723397,0.5106382978723406,0.8936170212765959,0.6382978723404256,0.5106382978723406,1.1489361702127665,1.1489361702127665,3.3191489361702136,0.8936170212765959,0.0,0.0,0.0,0.0,0.0,0.0,0.0,0.0,0.0,0.0,0.0,0.0,0.0,0.0,0.0,0.0,0.1276595744680851,0.1276595744680851,0.6382978723404258,0.1276595744680851,0.3829787234042554,0.3829787234042548,0.3829787234042554,0.6382978723404258,0.893617021276596,1.1489361702127665,1.1489361702127665,1.0212765957446812,1.2765957446808516,0.1276595744680851,0.0,0.0,0.0,0.0,0.0,0.0,0.0,0.0,0.0,0.0,12,35083596.325676456,3.316532936335541,6.196112857404748,235,0.2553191489361702,0.0,0.127659574468085,0.3829787234042554,0.5106382978723405,0.127659574468085,0.3829787234042554,1.021276595744681,1.787234042553192,2.5531914893617027,2.042553191489362,2.1702127659574435,2.1702127659574475,2.1702127659574475,1.6595744680851068,2.1702127659574475,2.297872340425533,2.297872340425533,4.72340425531915,1.1489361702127665,0.0,0.0,0.0,0.0,0.0,0.0,0.0,0.0,0.0,0.0,8.444124466396428,38.630982,-92.5599035,12,12,141178,C
0.400246792923246,3.088213292464268,3.1824260619252347,105.32557503753988,1.0321134900354334,2.8351648351648358,0.0,0.6016483516483516,0.6040268456375839,0.0,0.4026845637583891,0.2013422818791946,0.2013422818791946,0.6040268456375835,0.2013422818791946,1.0067114093959733,1.0067114093959733,2.0134228187919465,1.0067114093959733,1.208053691275166,1.6107382550335574,3.02013422818792,3.02013422818792,4.832214765100672,4.026845637583893,1.812080536912752,3.2214765100671148,0.0,0.0,0.0,0.0,0.0,0.0,0.0,0.0,0.0,0.0,0.0,0.0,0.0,0.2013422818791946,0.2013422818791946,0.2013422818791946,0.0,0.0,0.2013422818791946,0.2013422818791946,0.2013422818791946,0.2013422818791946,0.0,0.0,0.0,0.0,0.0,0.0,0.0,0.0,0.0,0.0,0.0,0.0,0.0,0.0,0.0,0.0,0.0,0.0,0.0,0.0,0.0,0.2013422818791945,0.0,0.0,0.4026845637583889,0.2013422818791946,0.2013422818791946,0.4026845637583893,1.2080536912751678,0.4026845637583893,0.8053691275167774,1.0067114093959733,1.2080536912751678,0.6040268456375839,3.2214765100671143,1.0067114093959733,0.4026845637583893,0.6040268456375839,0.0,0.0,0.0,0.0,0.0,0.0,0.0,0.0,0.0,0.0,0.0,0.4026845637583893,0.0,0.0,0.0,0.0,0.2013422818791945,0.0,0.2013422818791946,0.2013422818791946,0.0,0.4026845637583893,0.2013422818791943,0.4026845637583893,0.8053691275167787,1.4093959731543628,0.604026845637584,1.6107382550335574,1.0067114093959733,2.0134228187919465,0.0,0.0,0.0,0.0,0.0,0.0,0.0,0.0,0.0,0.0,0.0,12,22535908.00792491,4.19035273998836,2.966247883897158,149,0.6040268456375839,0.0,0.4026845637583892,0.2013422818791946,0.2013422818791946,0.6040268456375835,0.2013422818791946,1.0067114093959733,1.0067114093959733,2.0134228187919465,1.0067114093959733,1.208053691275166,1.6107382550335574,3.02013422818792,3.02013422818792,4.832214765100672,4.026845637583893,1.812080536912752,3.2214765100671148,0.0,0.0,0.0,0.0,0.0,0.0,0.0,0.0,0.0,0.0,0.0,5.550051576271307,36.525329,-91.5393,12,13,141190,C
0.3453504748853631,3.1644109211124225,3.240953644655859,147.00628733949964,1.1265917885658432,2.443298969072165,0.0,0.6701030927835051,0.0,0.0,0.0,0.8333333333333335,0.8333333333333336,0.8333333333333328,0.8333333333333335,1.666666666666667,1.6666666666666672,3.333333333333334,3.333333333333334,3.3333333333333286,3.333333333333334,3.333333333333334,3.333333333333334,0.0,0.8333333333333336,0.8333333333333335,1.666666666666667,0.0,0.0,0.0,0.0,0.0,0.0,0.0,0.0,0.0,0.0,0.0,0.0,0.0,0.0,0.0,0.0,0.0,0.8333333333333335,0.0,0.0,0.0,0.0,0.0,0.0,0.0,0.0,0.0,0.0,0.0,0.0,0.0,0.0,0.0,0.0,0.0,0.0,0.0,0.0,0.0,0.0,0.0,0.0,0.0,0.0,0.8333333333333335,0.0,0.8333333333333328,0.0,1.666666666666667,0.0,0.8333333333333335,0.0,0.8333333333333321,0.0,0.0,0.0,0.0,0.0,0.8333333333333335,0.8333333333333335,0.0,0.0,0.0,0.0,0.0,0.0,0.0,0.0,0.0,0.0,0.0,0.0,0.0,0.0,0.0,0.8333333333333336,0.0,0.0,0.0,1.6666666666666672,0.0,2.5000000000000004,0.8333333333333321,0.8333333333333336,2.5000000000000004,1.6666666666666672,0.0,0.8333333333333336,0.0,0.8333333333333336,0.0,0.0,0.0,0.0,0.0,0.0,0.0,0.0,0.0,0.0,0.0,12,8857639.849220898,4.071752631390467,3.500620784560102,36,0.0,0.0,0.0,0.8333333333333335,0.8333333333333335,0.8333333333333328,0.8333333333333335,1.666666666666667,1.666666666666667,3.333333333333334,3.333333333333334,3.3333333333333286,3.333333333333334,3.333333333333334,3.333333333333334,0.0,0.8333333333333335,0.8333333333333335,1.666666666666667,0.0,0.0,0.0,0.0,0.0,0.0,0.0,0.0,0.0,0.0,0.0,8.85392402103832,38.6037035,-91.21955,12,13,141255,C
0.8754943263873147,2.161572245751677,2.4140747101360773,102.44345273673304,1.0833737489360264,2.6375,0.0,0.61875,0.6,0.0,0.0,0.0,0.0,1.1999999999999993,0.0,1.2000000000000004,1.2000000000000004,1.2000000000000002,1.2000000000000004,1.1999999999999984,1.8000000000000005,3.600000000000001,1.8000000000000005,4.200000000000001,1.2000000000000002,0.6000000000000001,9.000000000000002,0.0,0.0,0.0,0.0,0.0,0.0,0.0,0.0,0.0,0.0,0.0,0.0,0.0,0.0,0.0,0.0,0.0,0.0,0.0,0.6000000000000002,0.0,0.0,0.0,0.0,0.0,0.0,0.0,0.0,0.0,0.0,0.0,0.0,0.0,0.0,0.0,0.0,0.0,0.0,0.0,0.0,0.0,0.0,0.0,0.0,0.0,0.0,1.1999999999999993,0.0,1.2000000000000004,0.6000000000000002,0.0,1.2000000000000004,0.5999999999999992,1.2000000000000004,3.000000000000001,0.6000000000000002,2.400000000000001,0.6000000000000002,0.0,4.200000000000001,0.0,0.0,0.0,0.0,0.0,0.0,0.0,0.0,0.0,0.0,0.0,0.0,0.0,0.0,0.0,0.0,0.0,0.0,0.0,0.0,0.6000000000000001,0.0,0.5999999999999991,0.6000000000000001,0.0,1.2000000000000002,1.8000000000000005,0.6000000000000001,0.6000000000000001,4.800000000000001,0.0,0.0,0.0,0.0,0.0,0.0,0.0,0.0,0.0,0.0,0.0,12,1087559.1183728685,3.165993586782366,2.089243301918614,50,0.6,0.0,0.0,0.0,0.0,1.1999999999999993,0.0,1.2000000000000002,1.2000000000000002,1.2000000000000002,1.2000000000000002,1.1999999999999984,1.8000000000000005,3.6000000000000005,1.8000000000000005,4.200000000000001,1.2000000000000002,0.6000000000000001,9.000000000000002,0.0,0.0,0.0,0.0,0.0,0.0,0.0,0.0,0.0,0.0,0.0,1.9158363669155472,39.0183185,-91.8950155,12,13,141328,C
0.5983368040511708,2.779024349722849,2.813270234333256,109.28254298356246,1.0880219688446873,2.417391304347826,0.0,0.7217391304347827,0.0,0.0,0.0,0.0,1.5000000000000002,0.0,3.0000000000000004,3.0000000000000004,3.000000000000001,3.0000000000000004,6.000000000000001,1.4999999999999978,3.000000000000001,1.5000000000000004,1.5000000000000002,1.5000000000000004,1.5000000000000004,0.0,0.0,0.0,0.0,0.0,0.0,0.0,0.0,0.0,0.0,0.0,0.0,0.0,0.0,0.0,0.0,0.0,1.5000000000000002,0.0,1.5000000000000002,3.0000000000000004,0.0,3.0000000000000004,1.5000000000000002,0.0,0.0,0.0,0.0,0.0,0.0,0.0,0.0,0.0,0.0,0.0,0.0,0.0,0.0,0.0,0.0,0.0,0.0,0.0,0.0,0.0,0.0,0.0,0.0,0.0,1.5000000000000002,0.0,0.0,0.0,4.500000000000001,1.4999999999999978,1.5000000000000002,0.0,1.5000000000000002,0.0,0.0,0.0,0.0,0.0,0.0,0.0,0.0,0.0,0.0,0.0,0.0,0.0,0.0,0.0,0.0,0.0,0.0,0.0,0.0,0.0,0.0,0.0,3.000000000000001,0.0,0.0,0.0,0.0,0.0,0.0,1.5000000000000004,1.5000000000000004,0.0,0.0,0.0,0.0,0.0,0.0,0.0,0.0,0.0,0.0,0.0,0.0,0.0,12,474642.4486375688,4.869323344335891,3.464560488362331,20,0.0,0.0,0.0,0.0,1.5000000000000004,0.0,3.000000000000001,3.000000000000001,3.000000000000001,3.000000000000001,6.000000000000002,1.4999999999999978,3.000000000000001,1.5000000000000004,1.5000000000000004,1.5000000000000004,1.5000000000000004,0.0,0.0,0.0,0.0,0.0,0.0,0.0,0.0,0.0,0.0,0.0,0.0,0.0,4.061907757730666,38.720189,-92.088181,12,13,141340,C
0.440930947683898,3.0294648282898424,2.982574539005162,76.321588448965,1.0299757039350066,2.596009975062344,0.0,0.6309226932668329,0.1255230125523012,0.3765690376569037,0.6276150627615061,0.7531380753138077,0.7531380753138077,0.7531380753138069,0.7531380753138077,2.1338912133891217,3.138075313807532,1.6317991631799167,1.757322175732218,2.259414225941419,2.384937238493724,2.384937238493724,2.6359832635983267,2.6359832635983267,1.7573221757322175,1.757322175732218,1.2552301255230127,0.1255230125523012,0.0,0.0,0.0,0.0,0.0,0.0,0.0,0.0,0.0,0.0,0.0,0.1255230125523012,0.0,0.1255230125523013,0.0,0.0,0.0,0.0,0.3765690376569038,0.0,0.0,0.2510460251046021,0.1255230125523013,0.1255230125523013,0.1255230125523013,0.1255230125523013,0.0,0.0,0.0,0.0,0.0,0.0,0.0,0.0,0.0,0.0,0.0,0.0,0.0,0.0,0.1255230125523012,0.2510460251046025,0.3765690376569037,0.2510460251046025,0.5020920502092051,0.1255230125523011,0.1255230125523012,0.6276150627615064,0.5020920502092051,0.7531380753138076,0.878661087866109,0.3765690376569032,0.7531380753138076,1.0041841004184102,1.2552301255230127,1.2552301255230127,1.1297071129707117,1.0041841004184102,1.1297071129707117,0.1255230125523012,0.0,0.0,0.0,0.0,0.0,0.0,0.0,0.0,0.0,0.0,0.0,0.0,0.1255230125523012,0.3765690376569038,0.2510460251046025,0.6276150627615058,0.3765690376569038,0.6276150627615064,0.3765690376569038,0.1255230125523012,0.5020920502092051,0.5020920502092042,0.6276150627615064,0.7531380753138076,1.2552301255230127,0.8786610878661089,0.3765690376569038,0.7531380753138076,0.1255230125523012,0.0,0.0,0.0,0.0,0.0,0.0,0.0,0.0,0.0,0.0,0.0,12,27738755.483234342,2.573226625391748,3.160354569253628,239,0.1255230125523012,0.3765690376569037,0.6276150627615061,0.7531380753138076,0.7531380753138076,0.753138075313807,0.7531380753138076,2.1338912133891217,3.138075313807532,1.6317991631799167,1.757322175732218,2.2594142259414194,2.384937238493724,2.384937238493724,2.6359832635983267,2.6359832635983267,1.757322175732218,1.757322175732218,1.2552301255230127,0.1255230125523012,0.0,0.0,0.0,0.0,0.0,0.0,0.0,0.0,0.0,0.0,6.859356572471853,25.28209175,60.70277725,12,13,14333195,C
0.4616623628416124,2.9987054740373864,2.952999368105338,78.34975998040855,1.0822259069348814,2.932926829268293,0.0,0.6402439024390244,0.7368421052631579,0.9473684210526316,0.7368421052631577,1.473684210526316,1.2631578947368425,1.2631578947368411,2.0000000000000004,2.6315789473684217,2.842105263157895,2.0000000000000004,1.6842105263157898,1.368421052631577,1.4736842105263162,1.5789473684210529,1.6842105263157898,1.1578947368421055,2.526315789473685,1.2631578947368425,1.0526315789473686,0.2105263157894737,0.0,0.1052631578947368,0.0,0.0,0.0,0.0,0.0,0.0,0.0,0.0,0.1052631578947368,0.4210526315789473,0.3157894736842104,0.6315789473684211,0.5263157894736843,0.6315789473684207,0.5263157894736843,0.5263157894736843,0.2105263157894737,0.5263157894736843,0.5263157894736843,0.2105263157894734,0.1052631578947368,0.3157894736842105,0.3157894736842105,0.1052631578947368,0.0,0.1052631578947368,0.1052631578947368,0.0,0.0,0.0,0.0,0.0,0.0,0.0,0.0,0.0,0.0,0.0,0.3157894736842105,0.4210526315789474,0.3157894736842104,0.8421052631578949,0.4210526315789474,0.1052631578947367,0.1052631578947368,0.1052631578947368,0.2105263157894737,0.8421052631578949,0.4210526315789474,0.2105263157894733,0.4210526315789474,0.2105263157894737,0.2105263157894737,0.3157894736842105,0.2105263157894737,0.3157894736842105,0.0,0.1052631578947368,0.0,0.0,0.0,0.0,0.0,0.0,0.0,0.0,0.0,0.0,0.0,0.0,0.0,0.0,0.2105263157894737,0.2105263157894735,0.7368421052631581,0.5263157894736844,0.6315789473684212,0.1052631578947368,0.1052631578947368,0.1052631578947367,0.3157894736842106,0.7368421052631581,0.6315789473684212,0.6315789473684212,1.578947368421053,0.6315789473684212,0.3157894736842106,0.0,0.0,0.1052631578947368,0.0,0.0,0.0,0.0,0.0,0.0,0.0,0.0,12,19769024.393800832,3.634943772149272,4.422858595072816,285,0.7368421052631579,0.9473684210526316,0.7368421052631577,1.4736842105263162,1.2631578947368425,1.2631578947368414,2.0000000000000004,2.631578947368421,2.842105263157896,2.0000000000000004,1.6842105263157898,1.368421052631577,1.4736842105263162,1.578947368421053,1.6842105263157898,1.1578947368421055,2.5263157894736845,1.2631578947368425,1.0526315789473686,0.2105263157894737,0.0,0.1052631578947368,0.0,0.0,0.0,0.0,0.0,0.0,0.0,0.0,6.686307258326622,52.10775435,-101.259869,12,12,14472926,C
0.6579961460675754,2.671414480676854,2.6568332192031794,108.83205953947106,1.108254087561101,2.985200845665962,0.0,0.6173361522198731,0.4186046511627907,0.558139534883721,0.8372093023255813,0.976744186046512,1.3953488372093026,0.5581395348837206,0.8372093023255816,1.2558139534883723,3.069767441860466,2.372093023255814,2.232558139534884,1.6744186046511604,1.8139534883720931,2.0930232558139537,1.3953488372093028,2.232558139534884,3.4883720930232567,0.9767441860465118,1.5348837209302328,0.2790697674418605,0.0,0.0,0.0,0.0,0.0,0.0,0.0,0.0,0.0,0.0,0.4186046511627907,0.1395348837209302,0.1395348837209302,0.1395348837209302,0.6976744186046513,0.1395348837209301,0.0,0.1395348837209302,0.1395348837209302,0.4186046511627907,0.4186046511627907,0.0,0.0,0.2790697674418605,0.0,0.0,0.0,0.0,0.1395348837209302,0.0,0.0,0.0,0.0,0.0,0.0,0.0,0.0,0.0,0.0,0.0,0.0,0.2790697674418605,0.6976744186046511,0.6976744186046514,0.4186046511627908,0.2790697674418603,0.2790697674418606,0.4186046511627908,0.976744186046512,0.4186046511627908,0.5581395348837211,0.8372093023255803,0.2790697674418606,0.2790697674418606,0.2790697674418606,0.4186046511627908,0.5581395348837211,0.1395348837209303,0.6976744186046514,0.1395348837209303,0.0,0.0,0.0,0.0,0.0,0.0,0.0,0.0,0.0,0.0,0.0,0.0,0.0,0.1395348837209302,0.1395348837209302,0.0,0.0,0.2790697674418605,0.1395348837209302,0.4186046511627908,0.8372093023255817,0.5581395348837201,0.558139534883721,0.8372093023255817,0.8372093023255817,1.5348837209302328,2.5116279069767447,0.558139534883721,0.558139534883721,0.0,0.0,0.0,0.0,0.0,0.0,0.0,0.0,0.0,0.0,0.0,12,39043832.27218117,2.537353457252495,2.5393543538448866,215,0.4186046511627907,0.5581395348837209,0.8372093023255812,0.976744186046512,1.3953488372093026,0.5581395348837206,0.8372093023255816,1.2558139534883723,3.0697674418604657,2.3720930232558146,2.232558139534884,1.6744186046511604,1.8139534883720936,2.093023255813954,1.3953488372093026,2.232558139534884,3.488372093023256,0.976744186046512,1.5348837209302328,0.2790697674418605,0.0,0.0,0.0,0.0,0.0,0.0,0.0,0.0,0.0,0.0,6.143579179502826,50.13390750000001,-97.3276437,12,13,14499441,C
0.8913986207448799,2.110344819725284,2.184112616698362,138.25306135884654,1.0635401402415376,2.776470588235294,0.0,0.6784313725490196,0.3370786516853932,1.0112359550561798,0.0,0.6741573033707866,0.6741573033707866,0.337078651685393,1.01123595505618,0.6741573033707866,1.3483146067415732,2.02247191011236,1.3483146067415732,2.0224719101123565,3.03370786516854,2.359550561797753,1.6853932584269669,3.3707865168539337,3.03370786516854,2.02247191011236,3.03370786516854,0.0,0.0,0.0,0.0,0.0,0.0,0.0,0.0,0.0,0.0,0.0,0.0,0.3370786516853932,0.0,0.0,0.0,0.0,0.3370786516853933,0.0,0.0,0.0,0.3370786516853933,0.0,0.0,0.0,0.0,0.0,0.0,0.0,0.0,0.0,0.0,0.0,0.0,0.0,0.0,0.0,0.0,0.0,0.0,0.0,0.0,0.3370786516853932,0.0,0.6741573033707866,0.3370786516853933,0.0,0.0,0.6741573033707866,0.3370786516853933,0.6741573033707866,0.0,0.3370786516853927,0.0,0.3370786516853933,0.0,0.0,0.3370786516853933,0.0,0.0,0.0,0.0,0.0,0.0,0.0,0.0,0.0,0.0,0.0,0.0,0.0,0.0,0.0,0.0,0.0,0.3370786516853933,0.337078651685393,0.6741573033707867,0.0,0.3370786516853933,1.01123595505618,0.3370786516853933,1.0112359550561782,1.01123595505618,0.6741573033707867,0.3370786516853933,2.02247191011236,2.02247191011236,1.3483146067415734,2.02247191011236,0.0,0.0,0.0,0.0,0.0,0.0,0.0,0.0,0.0,0.0,0.0,12,17314123.52908241,4.160894905240275,2.3497785555139417,89,0.3370786516853932,1.0112359550561798,0.0,0.6741573033707867,0.6741573033707867,0.3370786516853931,1.01123595505618,0.6741573033707867,1.3483146067415734,2.02247191011236,1.3483146067415734,2.0224719101123565,3.03370786516854,2.359550561797753,1.6853932584269666,3.3707865168539333,3.03370786516854,2.02247191011236,3.03370786516854,0.0,0.0,0.0,0.0,0.0,0.0,0.0,0.0,0.0,0.0,0.0,8.029663342811295,49.1070993,-97.5632622,12,13,14507690,C
0.6979762228929499,2.5939480452629944,2.638869656250123,135.47660318557672,1.1065833284269393,2.435643564356436,0.0,0.5148514851485149,1.5789473684210529,1.5789473684210529,3.157894736842104,1.578947368421053,1.578947368421053,1.5789473684210515,0.0,0.0,0.0,0.0,4.736842105263159,3.1578947368421004,4.736842105263159,1.578947368421053,0.0,0.0,0.0,1.578947368421053,3.157894736842106,0.0,0.0,0.0,0.0,0.0,0.0,0.0,0.0,0.0,0.0,0.0,0.0,1.5789473684210529,0.0,0.0,0.0,0.0,0.0,0.0,0.0,0.0,0.0,0.0,1.5789473684210529,0.0,0.0,0.0,0.0,0.0,1.5789473684210529,0.0,0.0,0.0,0.0,0.0,0.0,0.0,0.0,0.0,0.0,0.0,0.0,0.0,3.157894736842104,1.578947368421053,1.578947368421053,0.0,0.0,0.0,0.0,0.0,1.578947368421053,0.0,0.0,0.0,0.0,0.0,0.0,0.0,0.0,0.0,0.0,0.0,0.0,0.0,0.0,0.0,0.0,0.0,0.0,0.0,0.0,0.0,0.0,0.0,0.0,1.5789473684210515,0.0,0.0,0.0,0.0,3.157894736842106,3.1578947368421004,3.157894736842106,1.578947368421053,0.0,0.0,0.0,1.578947368421053,1.578947368421053,0.0,0.0,0.0,0.0,0.0,0.0,0.0,0.0,0.0,0.0,0.0,12,332669.40871800674,2.769699354507029,2.584365362197277,19,1.5789473684210529,1.5789473684210529,3.1578947368421044,1.578947368421053,1.578947368421053,1.5789473684210518,0.0,0.0,0.0,0.0,4.736842105263158,3.157894736842101,4.736842105263158,1.578947368421053,0.0,0.0,0.0,1.578947368421053,3.157894736842106,0.0,0.0,0.0,0.0,0.0,0.0,0.0,0.0,0.0,0.0,0.0,3.9491309949723874,49.66887475,-96.64877085,12,13,14510604,C
0.1135391993638857,3.4554619991380364,3.425793048001241,69.08270535495619,1.1368249270083637,2.5754527162977867,0.0,0.5895372233400402,1.889763779527559,5.433070866141732,4.488188976377952,2.5984251968503944,2.125984251968504,1.4173228346456683,0.7086614173228348,1.1811023622047248,1.8897637795275597,0.7086614173228348,0.7086614173228348,2.125984251968501,0.9448818897637798,0.7086614173228348,0.2362204724409449,0.9448818897637796,0.2362204724409449,0.9448818897637796,0.4724409448818899,0.2362204724409449,0.0,0.0,0.0,0.0,0.0,0.0,0.0,0.0,0.0,0.0,0.0,1.8897637795275597,1.8897637795275584,0.9448818897637796,0.9448818897637796,0.7086614173228343,0.2362204724409449,0.7086614173228348,0.4724409448818898,0.4724409448818898,0.2362204724409449,0.4724409448818891,0.4724409448818898,0.2362204724409449,0.0,0.0,0.0,0.2362204724409449,0.0,0.0,0.0,0.0,0.0,0.0,0.0,0.0,0.0,0.0,0.0,0.0,0.9448818897637796,3.307086614173228,0.4724409448818896,0.2362204724409449,0.7086614173228347,0.0,0.2362204724409449,0.2362204724409449,0.7086614173228347,0.0,0.0,0.4724409448818891,0.0,0.0,0.0,0.2362204724409449,0.2362204724409449,0.4724409448818898,0.2362204724409449,0.0,0.0,0.0,0.0,0.0,0.0,0.0,0.0,0.0,0.0,0.0,0.2362204724409449,0.0,0.9448818897637794,0.0,0.0,0.0,0.0,0.2362204724409449,0.4724409448818899,0.2362204724409449,0.2362204724409449,0.2362204724409445,0.2362204724409449,0.2362204724409449,0.2362204724409449,0.7086614173228348,0.0,0.0,0.2362204724409449,0.2362204724409449,0.0,0.0,0.0,0.0,0.0,0.0,0.0,0.0,0.0,0.0,12,3875402.389020535,3.617519884642213,2.752622667324496,127,1.889763779527559,5.433070866141732,4.488188976377952,2.598425196850394,2.1259842519685046,1.4173228346456683,0.7086614173228347,1.1811023622047243,1.8897637795275597,0.7086614173228347,0.7086614173228347,2.1259842519685006,0.9448818897637796,0.7086614173228347,0.2362204724409449,0.9448818897637796,0.2362204724409449,0.9448818897637796,0.4724409448818898,0.2362204724409449,0.0,0.0,0.0,0.0,0.0,0.0,0.0,0.0,0.0,0.0,5.267068192606983,45.82035795,4.9354351,12,13,147270,C
0.1729961505902648,3.384855748993336,3.4283472407524127,133.56655721261075,1.104833286181443,2.5539906103286385,0.0,0.6197183098591549,1.0714285714285714,1.6071428571428572,1.6071428571428568,1.0714285714285716,2.1428571428571432,4.285714285714283,1.6071428571428574,2.678571428571429,2.678571428571429,0.5357142857142858,3.214285714285715,4.821428571428564,1.0714285714285716,0.5357142857142858,0.5357142857142858,0.0,0.0,0.0,0.0,0.5357142857142858,0.0,0.0,0.0,0.0,0.0,0.0,0.0,0.0,0.0,0.0,0.5357142857142857,1.0714285714285714,0.5357142857142856,1.0714285714285716,1.6071428571428574,2.678571428571427,1.0714285714285716,0.5357142857142858,0.0,0.0,0.5357142857142858,2.14285714285714,0.0,0.0,0.0,0.0,0.0,0.0,0.0,0.0,0.0,0.0,0.0,0.0,0.0,0.0,0.0,0.0,0.0,0.0,0.5357142857142857,0.5357142857142857,1.0714285714285712,0.0,0.0,0.0,0.0,0.0,0.5357142857142858,0.0,1.0714285714285716,1.0714285714285698,0.0,0.5357142857142858,0.5357142857142858,0.0,0.0,0.0,0.0,0.5357142857142858,0.0,0.0,0.0,0.0,0.0,0.0,0.0,0.0,0.0,0.0,0.0,0.0,0.0,0.0,0.0,1.0714285714285707,0.5357142857142858,0.5357142857142858,0.5357142857142858,0.0,0.5357142857142858,0.0,0.0,0.0,0.0,0.0,0.0,0.0,0.0,0.0,0.0,0.0,0.0,0.0,0.0,0.0,0.0,0.0,0.0,0.0,12,5330504.501025576,4.268193685009145,3.365192085504183,56,1.0714285714285714,1.6071428571428572,1.607142857142857,1.0714285714285716,2.1428571428571432,4.285714285714283,1.6071428571428574,2.6785714285714293,2.6785714285714293,0.5357142857142858,3.214285714285715,4.821428571428564,1.0714285714285716,0.5357142857142858,0.5357142857142858,0.0,0.0,0.0,0.0,0.5357142857142858,0.0,0.0,0.0,0.0,0.0,0.0,0.0,0.0,0.0,0.0,8.2242259091307,43.144694900000005,0.9382883,12,13,1475079,C
0.1163707954914082,3.452154144138023,3.207891257820904,99.68060512571284,1.0646555742194763,2.341463414634146,0.0,0.6097560975609756,0.0,0.0,2.727272727272726,0.0,4.090909090909092,1.3636363636363629,0.0,5.454545454545455,2.7272727272727275,6.818181818181819,0.0,1.3636363636363615,1.363636363636364,2.7272727272727275,0.0,0.0,0.0,0.0,0.0,0.0,0.0,1.3636363636363638,0.0,0.0,0.0,0.0,0.0,0.0,0.0,0.0,0.0,0.0,1.363636363636363,0.0,1.3636363636363638,0.0,0.0,1.3636363636363638,2.7272727272727275,0.0,0.0,1.3636363636363615,0.0,0.0,0.0,0.0,0.0,0.0,0.0,0.0,0.0,0.0,0.0,0.0,0.0,0.0,0.0,0.0,0.0,0.0,0.0,0.0,1.363636363636363,0.0,2.7272727272727275,0.0,0.0,0.0,0.0,1.3636363636363638,0.0,0.0,0.0,2.7272727272727275,0.0,0.0,0.0,0.0,0.0,0.0,0.0,1.3636363636363638,0.0,0.0,0.0,0.0,0.0,0.0,0.0,0.0,0.0,0.0,0.0,0.0,0.0,1.3636363636363629,0.0,4.090909090909092,0.0,4.090909090909092,0.0,0.0,1.363636363636364,0.0,0.0,0.0,0.0,0.0,0.0,0.0,0.0,0.0,0.0,0.0,0.0,0.0,0.0,0.0,0.0,0.0,12,392986.4969646086,2.8499293920900675,2.0361939758931986,22,0.0,0.0,2.727272727272726,0.0,4.090909090909092,1.3636363636363629,0.0,5.454545454545456,2.727272727272728,6.818181818181819,0.0,1.3636363636363618,1.363636363636364,2.727272727272728,0.0,0.0,0.0,0.0,0.0,0.0,0.0,1.363636363636364,0.0,0.0,0.0,0.0,0.0,0.0,0.0,0.0,3.368046096728243,47.10663975,5.536277650000001,12,13,148733,C
0.1354464689031915,3.4297305296073226,3.4310186220470764,66.54998237273018,1.069528042802577,2.49,0.0,0.6,0.3550295857988166,2.840236686390533,1.9526627218934909,0.8875739644970416,1.06508875739645,0.3550295857988164,1.597633136094675,1.597633136094675,0.5325443786982249,3.372781065088758,3.372781065088758,1.5976331360946725,1.9526627218934915,1.775147928994083,1.5976331360946747,0.8875739644970416,1.4201183431952664,1.2426035502958583,0.7100591715976333,0.8875739644970415,0.0,0.0,0.0,0.0,0.0,0.0,0.0,0.0,0.0,0.0,0.1775147928994083,2.485207100591716,1.4201183431952662,0.532544378698225,1.06508875739645,0.0,0.7100591715976333,0.3550295857988166,0.1775147928994083,0.7100591715976333,0.3550295857988166,0.177514792899408,0.1775147928994083,0.1775147928994083,0.1775147928994083,0.1775147928994083,0.0,0.532544378698225,0.1775147928994083,0.0,0.0,0.0,0.0,0.0,0.0,0.0,0.0,0.0,0.0,0.0,0.0,0.1775147928994082,0.3550295857988165,0.1775147928994083,0.0,0.1775147928994081,0.3550295857988166,0.3550295857988166,0.1775147928994083,0.7100591715976332,0.3550295857988166,0.355029585798816,0.5325443786982249,0.8875739644970415,0.0,0.1775147928994083,0.3550295857988166,0.1775147928994083,0.0,0.0,0.0,0.0,0.0,0.0,0.0,0.0,0.0,0.0,0.0,0.0,0.0,0.0,0.0,0.0,0.0,0.0,0.1775147928994083,0.1775147928994083,0.1775147928994083,0.3550295857988166,0.5325443786982249,0.0,0.1775147928994083,0.3550295857988166,0.1775147928994083,0.1775147928994083,0.7100591715976333,0.3550295857988166,0.0,0.5325443786982249,0.0,0.0,0.0,0.0,0.0,0.0,0.0,0.0,0.0,0.0,12,38694641.66269074,4.5870877429088575,3.776411648460897,169,0.3550295857988165,2.8402366863905324,1.9526627218934909,0.8875739644970416,1.0650887573964498,0.3550295857988164,1.597633136094675,1.597633136094675,0.5325443786982249,3.372781065088758,3.372781065088758,1.5976331360946725,1.9526627218934915,1.7751479289940832,1.597633136094675,0.8875739644970416,1.4201183431952666,1.2426035502958583,0.7100591715976333,0.8875739644970416,0.0,0.0,0.0,0.0,0.0,0.0,0.0,0.0,0.0,0.0,8.230356140720685,46.0234558,4.76826765,12,12,149049,C
0.2947949283058293,3.231803229813288,3.2015297877376367,107.65495333689644,1.0472473091796903,2.629213483146068,0.0,0.6910112359550562,0.5357142857142857,0.5357142857142857,0.5357142857142856,2.6785714285714293,0.5357142857142858,0.5357142857142854,1.0714285714285716,2.1428571428571432,0.5357142857142858,1.0714285714285718,0.5357142857142858,1.6071428571428548,2.678571428571429,1.0714285714285716,2.1428571428571432,4.821428571428572,3.214285714285715,2.1428571428571432,1.6071428571428574,0.0,0.0,0.0,0.0,0.0,0.0,0.0,0.0,0.0,0.0,0.0,0.0,0.0,0.0,0.5357142857142859,0.0,0.0,0.5357142857142859,0.5357142857142859,0.0,1.0714285714285718,0.0,0.5357142857142849,0.5357142857142859,0.0,1.0714285714285718,0.0,0.5357142857142859,0.0,0.0,0.0,0.0,0.0,0.0,0.0,0.0,0.0,0.0,0.0,0.0,0.0,0.0,0.5357142857142857,0.5357142857142856,2.1428571428571432,0.5357142857142858,0.0,0.5357142857142858,1.6071428571428572,0.0,0.0,0.5357142857142858,0.5357142857142849,1.0714285714285716,0.5357142857142858,0.0,0.5357142857142858,1.6071428571428572,0.5357142857142858,1.0714285714285716,0.0,0.0,0.0,0.0,0.0,0.0,0.0,0.0,0.0,0.0,0.0,0.0,0.0,0.0,0.0,0.0,0.5357142857142854,0.0,0.0,0.5357142857142858,0.0,0.0,0.0,0.5357142857142858,0.5357142857142858,0.0,1.6071428571428572,1.0714285714285716,1.0714285714285716,0.5357142857142858,0.0,0.0,0.0,0.0,0.0,0.0,0.0,0.0,0.0,0.0,0.0,12,9489062.411603523,2.8756753592775204,3.787701015274972,56,0.5357142857142857,0.5357142857142857,0.5357142857142856,2.6785714285714293,0.5357142857142858,0.5357142857142854,1.0714285714285716,2.1428571428571432,0.5357142857142858,1.0714285714285716,0.5357142857142858,1.6071428571428548,2.6785714285714293,1.0714285714285716,2.1428571428571432,4.821428571428572,3.214285714285715,2.1428571428571432,1.6071428571428574,0.0,0.0,0.0,0.0,0.0,0.0,0.0,0.0,0.0,0.0,0.0,5.91688561409662,34.390331,58.7003374,12,13,15314741,C
0.281024002356781,3.24973810277032,3.20701843585564,51.59707431170425,1.0865121495414127,2.596837944664032,0.0,0.6561264822134387,0.8076923076923077,2.1923076923076925,1.846153846153846,1.730769230769231,2.192307692307693,1.2692307692307685,0.8076923076923079,1.6153846153846156,2.7692307692307696,2.192307692307693,1.961538461538462,1.846153846153844,1.7307692307692313,1.7307692307692313,1.5000000000000004,1.2692307692307696,0.4615384615384617,0.5769230769230771,1.0384615384615388,0.4615384615384615,0.0,0.0,0.0,0.0,0.0,0.0,0.0,0.0,0.0,0.0,0.4615384615384615,1.3846153846153846,1.2692307692307692,1.2692307692307694,1.615384615384616,0.346153846153846,0.3461538461538462,0.4615384615384617,0.576923076923077,0.6923076923076925,0.9230769230769234,0.2307692307692304,0.4615384615384617,0.4615384615384617,0.6923076923076925,0.4615384615384617,0.0,0.1153846153846154,0.2307692307692308,0.1153846153846154,0.0,0.0,0.0,0.0,0.0,0.0,0.0,0.0,0.0,0.0,0.1153846153846153,0.6923076923076924,0.4615384615384615,0.3461538461538462,0.3461538461538462,0.4615384615384612,0.1153846153846154,0.2307692307692308,0.4615384615384617,0.1153846153846154,0.3461538461538462,0.2307692307692304,0.3461538461538462,0.2307692307692308,0.1153846153846154,0.1153846153846154,0.1153846153846154,0.2307692307692308,0.2307692307692308,0.0,0.0,0.0,0.0,0.0,0.0,0.0,0.0,0.0,0.0,0.0,0.0,0.0,0.0,0.0,0.1153846153846154,0.3461538461538459,0.0,0.2307692307692308,0.4615384615384616,0.2307692307692308,0.3461538461538461,0.4615384615384608,0.2307692307692308,0.3461538461538461,0.2307692307692308,0.0,0.1153846153846154,0.1153846153846154,0.4615384615384616,0.3461538461538461,0.0,0.0,0.0,0.0,0.0,0.0,0.0,0.0,0.0,0.0,12,8886298.21484102,3.1495873102284966,2.907717595795635,260,0.8076923076923077,2.1923076923076925,1.8461538461538456,1.7307692307692313,2.192307692307693,1.2692307692307685,0.8076923076923079,1.615384615384616,2.7692307692307696,2.192307692307693,1.961538461538462,1.846153846153844,1.7307692307692313,1.7307692307692313,1.5000000000000004,1.2692307692307694,0.4615384615384617,0.576923076923077,1.0384615384615388,0.4615384615384617,0.0,0.0,0.0,0.0,0.0,0.0,0.0,0.0,0.0,0.0,3.994035037239866,43.6714263,1.42433925,12,13,155471,C
0.0376004759271434,3.5422811575253546,3.464507918140195,101.21306585574251,1.1215331634273644,2.341317365269461,0.0,0.6497005988023952,0.5882352941176471,0.5882352941176471,0.588235294117647,0.5882352941176472,1.7647058823529416,2.352941176470587,2.9411764705882355,1.1764705882352944,2.941176470588236,4.11764705882353,4.117647058823531,1.7647058823529385,2.3529411764705888,3.529411764705883,0.0,0.5882352941176472,0.0,0.0,0.0,0.0,0.0,0.0,0.0,0.0,0.0,0.0,0.0,0.0,0.0,0.0,0.5882352941176471,0.5882352941176471,0.0,0.5882352941176472,1.1764705882352944,0.5882352941176467,1.7647058823529411,0.0,0.0,0.0,0.5882352941176472,0.5882352941176462,0.0,0.5882352941176472,0.0,0.0,0.0,0.0,0.0,0.0,0.0,0.0,0.0,0.0,0.0,0.0,0.0,0.0,0.0,0.0,0.0,0.0,0.588235294117647,0.0,0.0,0.5882352941176467,1.1764705882352944,0.5882352941176472,0.0,2.3529411764705888,1.1764705882352944,0.5882352941176462,0.0,0.0,0.0,0.0,0.0,0.0,0.0,0.0,0.0,0.0,0.0,0.0,0.0,0.0,0.0,0.0,0.0,0.0,0.0,0.0,0.0,0.0,0.5882352941176472,1.1764705882352935,0.0,0.5882352941176472,1.7647058823529411,0.0,1.1764705882352944,0.5882352941176462,0.5882352941176472,0.5882352941176472,0.0,0.0,0.0,0.0,0.0,0.0,0.0,0.0,0.0,0.0,0.0,0.0,0.0,0.0,0.0,0.0,12,7641933.403291365,3.203998702437617,3.243038370475289,51,0.5882352941176471,0.5882352941176471,0.588235294117647,0.5882352941176472,1.7647058823529411,2.352941176470587,2.941176470588236,1.1764705882352944,2.941176470588236,4.117647058823531,4.117647058823531,1.764705882352939,2.3529411764705888,3.5294117647058827,0.0,0.5882352941176472,0.0,0.0,0.0,0.0,0.0,0.0,0.0,0.0,0.0,0.0,0.0,0.0,0.0,0.0,6.255639484678477,43.03848055,-0.07325715,12,13,159038,C
0.1977721912765767,3.354686414443864,3.4821463448933563,120.42287771932466,1.1887225611380414,2.4615384615384617,0.0,0.6834319526627219,0.410958904109589,0.821917808219178,0.0,0.4109589041095891,0.8219178082191783,1.2328767123287665,4.109589041095891,2.4657534246575343,2.8767123287671232,3.6986301369863015,2.876712328767124,1.2328767123287652,2.054794520547945,1.2328767123287674,1.6438356164383563,1.2328767123287674,0.8219178082191783,2.054794520547945,0.0,0.0,0.0,0.0,0.0,0.0,0.0,0.0,0.0,0.0,0.0,0.0,0.0,0.410958904109589,0.0,0.4109589041095891,0.4109589041095891,0.4109589041095887,2.054794520547945,1.2328767123287672,0.8219178082191781,1.2328767123287672,1.2328767123287672,0.4109589041095884,0.8219178082191781,0.4109589041095891,0.4109589041095891,0.4109589041095891,0.4109589041095891,0.4109589041095891,0.0,0.0,0.0,0.0,0.0,0.0,0.0,0.0,0.0,0.0,0.0,0.0,0.410958904109589,0.0,0.0,0.0,0.0,0.4109589041095888,0.4109589041095891,1.2328767123287674,1.2328767123287674,1.2328767123287674,1.2328767123287674,0.4109589041095884,0.8219178082191783,0.0,0.4109589041095891,0.4109589041095891,0.0,0.0,0.0,0.0,0.0,0.0,0.0,0.0,0.0,0.0,0.0,0.0,0.0,0.0,0.0,0.410958904109589,0.0,0.0,0.4109589041095891,0.0,0.8219178082191783,0.0,0.4109589041095891,0.8219178082191783,0.0,0.0,0.4109589041095891,0.4109589041095891,0.4109589041095891,0.0,0.4109589041095891,1.6438356164383563,0.0,0.0,0.0,0.0,0.0,0.0,0.0,0.0,0.0,0.0,0.0,0.0,12,2383359.7682126267,3.988574177918956,4.4559539972182245,73,0.410958904109589,0.821917808219178,0.0,0.4109589041095891,0.8219178082191783,1.2328767123287665,4.109589041095891,2.4657534246575348,2.876712328767124,3.698630136986302,2.876712328767124,1.2328767123287654,2.054794520547945,1.2328767123287674,1.6438356164383563,1.2328767123287674,0.8219178082191783,2.054794520547945,0.0,0.0,0.0,0.0,0.0,0.0,0.0,0.0,0.0,0.0,0.0,0.0,7.587310209728393,43.0788283,0.1303012,12,12,162635,C
0.0444182506445315,3.534629881997628,3.534394710771519,109.48179589820218,1.1033466144401325,2.5438202247191013,0.0,0.7460674157303371,0.2586206896551724,0.7758620689655172,0.5172413793103446,0.2586206896551725,0.517241379310345,1.034482758620689,0.517241379310345,1.5517241379310347,4.137931034482759,2.06896551724138,2.5862068965517246,3.879310344827581,3.1034482758620694,2.06896551724138,1.03448275862069,1.03448275862069,1.5517241379310347,1.5517241379310347,0.517241379310345,0.7758620689655175,0.0,0.2586206896551725,0.0,0.0,0.0,0.0,0.0,0.0,0.0,0.0,0.0,0.7758620689655172,0.5172413793103446,0.0,0.517241379310345,0.2586206896551722,0.517241379310345,0.7758620689655173,1.03448275862069,0.2586206896551725,0.0,0.258620689655172,0.517241379310345,0.0,0.2586206896551725,0.2586206896551725,0.0,0.517241379310345,0.0,0.0,0.0,0.2586206896551725,0.0,0.0,0.0,0.0,0.0,0.0,0.0,0.0,0.0,0.0,0.0,0.0,0.0,0.2586206896551722,0.0,0.7758620689655173,0.2586206896551724,0.5172413793103449,0.2586206896551724,1.0344827586206882,0.7758620689655173,0.7758620689655173,0.2586206896551724,0.2586206896551724,0.0,0.7758620689655173,0.2586206896551724,0.2586206896551724,0.0,0.0,0.0,0.0,0.0,0.0,0.0,0.0,0.0,0.0,0.0,0.0,0.0,0.2586206896551725,0.0,0.5172413793103445,0.0,0.0,1.5517241379310347,0.0,0.7758620689655173,0.5172413793103441,0.2586206896551725,0.517241379310345,0.517241379310345,0.517241379310345,0.7758620689655173,0.2586206896551725,0.2586206896551725,0.2586206896551725,0.0,0.0,0.0,0.0,0.0,0.0,0.0,0.0,0.0,0.0,12,29223447.79662044,3.9687467962503433,3.478682610932679,116,0.2586206896551724,0.7758620689655172,0.5172413793103448,0.2586206896551725,0.517241379310345,1.034482758620689,0.517241379310345,1.5517241379310347,4.13793103448276,2.06896551724138,2.5862068965517246,3.879310344827581,3.1034482758620694,2.06896551724138,1.03448275862069,1.03448275862069,1.5517241379310347,1.5517241379310347,0.517241379310345,0.7758620689655173,0.0,0.2586206896551725,0.0,0.0,0.0,0.0,0.0,0.0,0.0,0.0,7.952787167448448,43.3313913,3.3174613500000003,12,13,164080,C
0.0240578998468605,3.557399405459127,3.445159562483017,78.0650843732677,1.1847808819229526,2.637037037037037,0.0,0.7296296296296296,0.0,0.4026845637583892,0.2013422818791946,1.4093959731543628,2.214765100671141,1.2080536912751672,1.4093959731543626,0.0,1.6107382550335576,1.812080536912752,3.02013422818792,3.221476510067109,2.214765100671141,2.0134228187919465,2.0134228187919465,1.4093959731543626,1.2080536912751685,1.812080536912752,1.812080536912752,0.0,0.2013422818791947,0.0,0.0,0.0,0.6040268456375841,0.0,0.2013422818791946,0.0,0.0,0.0,0.0,0.2013422818791946,0.2013422818791946,0.8053691275167788,1.208053691275168,0.402684563758389,0.604026845637584,0.0,0.2013422818791947,0.8053691275167788,0.604026845637584,0.604026845637583,0.4026845637583894,0.4026845637583894,0.8053691275167788,0.4026845637583894,0.4026845637583894,0.2013422818791947,0.4026845637583894,0.0,0.0,0.0,0.0,0.0,0.4026845637583894,0.0,0.0,0.0,0.0,0.0,0.0,0.2013422818791946,0.0,0.4026845637583893,0.8053691275167787,0.402684563758389,0.4026845637583893,0.0,0.4026845637583893,0.2013422818791946,0.4026845637583893,0.604026845637583,0.604026845637584,0.4026845637583893,0.604026845637584,0.4026845637583893,0.4026845637583893,0.604026845637584,0.2013422818791946,0.0,0.0,0.0,0.0,0.0,0.2013422818791946,0.0,0.2013422818791946,0.0,0.0,0.0,0.0,0.0,0.0,0.0,0.2013422818791946,0.2013422818791945,0.4026845637583893,0.0,0.2013422818791946,0.4026845637583893,0.6040268456375839,0.604026845637583,0.6040268456375839,0.8053691275167787,0.6040268456375839,0.6040268456375839,0.2013422818791946,0.8053691275167787,0.8053691275167787,0.0,0.0,0.0,0.0,0.0,0.0,0.0,0.0,0.0,0.0,0.0,12,16273072.11823766,3.8430215251306072,3.4009794711136494,149,0.0,0.4026845637583892,0.2013422818791946,1.4093959731543628,2.214765100671141,1.208053691275167,1.4093959731543628,0.0,1.6107382550335574,1.812080536912752,3.02013422818792,3.221476510067109,2.214765100671141,2.0134228187919465,2.0134228187919465,1.4093959731543628,1.208053691275168,1.812080536912752,1.812080536912752,0.0,0.2013422818791946,0.0,0.0,0.0,0.604026845637584,0.0,0.2013422818791946,0.0,0.0,0.0,7.175107589323968,43.944736000000006,3.7039931,12,13,164263,C
0.0295292162787851,3.551304212390737,3.5455049389302573,47.110557362479,1.0946996411965375,2.6821152703505646,0.0,0.6636957813428401,0.8139534883720929,0.5232558139534883,0.6395348837209301,0.6976744186046512,1.5116279069767444,1.569767441860464,1.8023255813953487,1.918604651162791,2.44186046511628,2.6744186046511635,2.5000000000000004,2.558139534883717,1.5116279069767449,1.9767441860465125,1.6279069767441865,1.5116279069767449,1.744186046511628,0.6976744186046513,0.7558139534883722,0.3488372093023256,0.1162790697674419,0.0,0.0,0.0,0.0581395348837209,0.0,0.0,0.0,0.0,0.0,0.3488372093023255,0.3488372093023255,0.5813953488372092,0.6395348837209303,0.8139534883720931,0.8139534883720925,0.6976744186046513,0.8720930232558141,0.5813953488372093,1.104651162790698,0.8720930232558141,0.6976744186046501,0.4651162790697676,0.4651162790697676,0.6976744186046513,0.3488372093023256,0.8139534883720931,0.4069767441860465,0.1744186046511628,0.1162790697674419,0.0581395348837209,0.0,0.0,0.0,0.0581395348837209,0.0,0.0,0.0,0.0,0.0,0.1162790697674418,0.1162790697674418,0.0581395348837209,0.0,0.4651162790697675,0.2325581395348835,0.4651162790697675,0.2325581395348837,0.5232558139534885,0.2325581395348837,0.2906976744186046,0.4651162790697667,0.5232558139534885,0.6976744186046513,0.3488372093023256,0.4651162790697675,0.4069767441860465,0.1744186046511628,0.2325581395348837,0.2325581395348837,0.0581395348837209,0.0,0.0,0.0,0.0,0.0,0.0,0.0,0.0,0.0,0.0,0.0,0.0,0.0,0.1162790697674418,0.1744186046511626,0.2325581395348837,0.3488372093023256,0.3488372093023256,0.8139534883720934,0.5813953488372094,0.8720930232558127,0.3488372093023256,0.4069767441860467,0.3488372093023256,0.2906976744186047,0.1162790697674418,0.1162790697674418,0.2325581395348837,0.0,0.0,0.0,0.0,0.0,0.0,0.0,0.0,0.0,0.0,0.0,12,26878420.298696168,3.176305575258098,2.793927132875193,516,0.813953488372093,0.5232558139534884,0.6395348837209301,0.6976744186046513,1.5116279069767449,1.569767441860464,1.8023255813953492,1.9186046511627912,2.4418604651162794,2.674418604651163,2.5000000000000004,2.558139534883717,1.5116279069767449,1.976744186046512,1.6279069767441865,1.5116279069767449,1.7441860465116283,0.6976744186046513,0.7558139534883723,0.3488372093023256,0.1162790697674418,0.0,0.0,0.0,0.0581395348837209,0.0,0.0,0.0,0.0,0.0,4.421928230991318,43.30638725,-0.3948563,12,13,166807,C
0.0602128609962322,3.516798766919007,3.5110984910402223,107.04284167810368,1.0816682538470634,2.53,0.0,0.525,0.6521739130434783,2.608695652173913,1.9565217391304344,1.956521739130435,0.6521739130434784,1.9565217391304337,2.608695652173913,0.6521739130434784,1.3043478260869568,1.956521739130435,1.956521739130435,3.260869565217387,1.304347826086957,1.9565217391304357,2.608695652173914,1.9565217391304357,0.0,0.0,0.6521739130434785,0.0,0.0,0.0,0.0,0.0,0.0,0.0,0.0,0.0,0.0,0.0,0.0,0.6521739130434783,1.3043478260869563,1.3043478260869568,0.0,0.0,0.6521739130434784,0.0,0.0,1.3043478260869568,0.0,0.6521739130434774,0.0,0.0,0.0,0.0,0.0,0.0,0.0,0.0,0.0,0.0,0.0,0.0,0.0,0.0,0.0,0.0,0.0,0.0,0.0,1.9565217391304348,0.6521739130434782,0.6521739130434784,0.0,1.304347826086956,1.3043478260869568,0.0,0.6521739130434784,0.0,0.6521739130434784,0.6521739130434773,0.0,0.0,0.0,0.0,0.0,0.0,0.0,0.0,0.0,0.0,0.0,0.0,0.0,0.0,0.0,0.0,0.0,0.0,0.0,0.0,0.0,0.0,0.6521739130434784,0.6521739130434779,0.6521739130434784,0.6521739130434784,0.6521739130434784,0.6521739130434784,1.3043478260869568,0.0,0.0,1.3043478260869568,1.3043478260869568,0.0,0.0,0.0,0.0,0.0,0.0,0.0,0.0,0.0,0.0,0.0,0.0,0.0,0.0,0.0,12,3369270.8035957213,2.466784585183021,2.0693239577561617,46,0.6521739130434783,2.608695652173913,1.9565217391304344,1.956521739130435,0.6521739130434784,1.9565217391304333,2.608695652173913,0.6521739130434784,1.3043478260869568,1.956521739130435,1.956521739130435,3.2608695652173862,1.3043478260869568,1.956521739130435,2.608695652173913,1.956521739130435,0.0,0.0,0.6521739130434784,0.0,0.0,0.0,0.0,0.0,0.0,0.0,0.0,0.0,0.0,0.0,2.4595243840920054,34.19612585,-118.90166255,12,13,16686419,C
0.0725314393572547,3.5027876180787425,3.459921455335809,103.88245840605803,1.125381195000332,2.448132780082988,0.0,0.7136929460580913,0.7317073170731707,1.4634146341463414,0.0,0.7317073170731708,2.1951219512195124,1.4634146341463403,0.0,3.6585365853658542,1.463414634146342,3.6585365853658542,3.658536585365855,1.4634146341463394,0.0,2.1951219512195124,2.1951219512195124,0.7317073170731709,0.7317073170731709,0.7317073170731709,2.195121951219513,0.0,0.0,0.7317073170731709,0.0,0.0,0.0,0.0,0.0,0.0,0.0,0.0,0.7317073170731707,1.4634146341463414,0.0,0.7317073170731708,2.1951219512195124,1.4634146341463403,0.0,0.7317073170731708,0.0,1.4634146341463417,0.0,0.0,0.0,0.0,0.0,0.0,0.0,0.0,0.0,0.0,0.0,0.0,0.0,0.0,0.0,0.0,0.0,0.0,0.0,0.0,0.0,0.0,0.0,0.0,0.0,0.0,0.0,0.0,1.463414634146342,0.0,0.7317073170731709,0.7317073170731697,0.0,0.7317073170731709,0.7317073170731709,0.0,0.0,0.0,0.7317073170731709,0.0,0.0,0.0,0.0,0.0,0.0,0.0,0.0,0.0,0.0,0.0,0.0,0.0,0.0,0.0,0.0,0.0,0.0,1.4634146341463417,0.0,0.0,0.0,0.0,0.0,1.4634146341463417,1.4634146341463417,0.0,0.0,0.0,0.0,0.0,0.0,0.0,0.0,0.0,0.0,0.0,0.0,0.0,0.0,0.0,12,9241483.323173951,2.810180067077279,2.76376040780812,41,0.7317073170731707,1.4634146341463414,0.0,0.7317073170731709,2.1951219512195124,1.4634146341463403,0.0,3.6585365853658542,1.463414634146342,3.6585365853658542,3.6585365853658542,1.4634146341463394,0.0,2.1951219512195124,2.1951219512195124,0.7317073170731709,0.7317073170731709,0.7317073170731709,2.1951219512195124,0.0,0.0,0.7317073170731709,0.0,0.0,0.0,0.0,0.0,0.0,0.0,0.0,3.935642451895172,45.13967955,-0.6411496,12,13,1689073,C
0.8876742773833851,2.1226603562078528,2.2742480846006776,103.4910862676606,1.0756667941015094,3.0240549828178693,0.0,0.4948453608247423,0.218978102189781,0.218978102189781,0.2189781021897809,0.0,0.218978102189781,0.4379562043795618,0.4379562043795622,1.3138686131386863,3.722627737226278,2.408759124087592,0.8759124087591242,1.532846715328465,0.8759124087591244,1.5328467153284675,1.5328467153284675,5.912408759124088,3.0656934306569354,0.6569343065693432,4.16058394160584,0.6569343065693432,0.0,0.0,0.0,0.0,0.0,0.0,0.0,0.0,0.0,0.0,0.0,0.0,0.0,0.0,0.218978102189781,0.2189781021897809,0.0,0.218978102189781,0.0,0.0,0.0,0.0,0.0,0.0,0.0,0.0,0.0,0.0,0.0,0.0,0.0,0.0,0.0,0.0,0.0,0.0,0.0,0.0,0.0,0.0,0.0,0.218978102189781,0.2189781021897809,0.0,0.0,0.0,0.0,0.2189781021897811,0.8759124087591244,0.2189781021897811,0.2189781021897811,0.2189781021897807,0.4379562043795622,0.8759124087591244,0.8759124087591244,4.379562043795621,3.0656934306569354,0.2189781021897811,0.8759124087591244,0.2189781021897811,0.0,0.0,0.0,0.0,0.0,0.0,0.0,0.0,0.0,0.0,0.0,0.0,0.0,0.0,0.0,0.2189781021897809,0.0,0.6569343065693432,0.218978102189781,0.218978102189781,0.0,0.8759124087591228,0.218978102189781,0.4379562043795621,0.4379562043795621,1.094890510948905,0.0,0.4379562043795621,3.284671532846716,0.4379562043795621,0.0,0.0,0.0,0.0,0.0,0.0,0.0,0.0,0.0,0.0,12,15127954.36255184,3.129781475492753,3.2172533526693003,137,0.218978102189781,0.218978102189781,0.2189781021897809,0.0,0.2189781021897811,0.4379562043795618,0.4379562043795622,1.3138686131386863,3.7226277372262784,2.408759124087592,0.8759124087591244,1.5328467153284648,0.8759124087591244,1.5328467153284675,1.5328467153284675,5.912408759124089,3.065693430656935,0.6569343065693432,4.16058394160584,0.6569343065693432,0.0,0.0,0.0,0.0,0.0,0.0,0.0,0.0,0.0,0.0,4.38942800365786,40.605029,-97.8625675,12,13,169261,C
0.8994340270626731,2.083032804621637,2.261634488231874,91.6276368454733,1.052805089143635,3.143297380585516,0.0,0.5947611710323575,0.1704545454545454,0.0,0.6818181818181817,0.5965909090909092,0.2556818181818182,0.6818181818181814,1.1931818181818186,1.7897727272727275,1.2784090909090913,1.619318181818182,2.301136363636364,2.982954545454541,4.517045454545456,2.301136363636364,3.5795454545454555,3.4090909090909096,0.9375000000000002,0.340909090909091,1.022727272727273,0.340909090909091,0.0,0.0,0.0,0.0,0.0,0.0,0.0,0.0,0.0,0.0,0.0,0.0,0.3409090909090908,0.2556818181818182,0.0,0.0852272727272726,0.0852272727272727,0.0852272727272727,0.1704545454545455,0.1704545454545455,0.0852272727272727,0.0,0.0852272727272727,0.0,0.0,0.0,0.0852272727272727,0.0,0.0,0.0,0.0,0.0,0.0,0.0,0.0,0.0,0.0,0.0,0.0,0.0,0.0,0.0,0.3409090909090908,0.340909090909091,0.1704545454545455,0.255681818181818,0.340909090909091,0.2556818181818182,0.4261363636363637,0.9375000000000002,0.0852272727272727,1.4488636363636342,2.6420454545454555,1.1931818181818186,1.619318181818182,1.960227272727273,0.4261363636363637,0.1704545454545455,0.681818181818182,0.2556818181818182,0.0,0.0,0.0,0.0,0.0,0.0,0.0,0.0,0.0,0.0,0.0,0.0,0.0,0.0,0.0852272727272727,0.3409090909090906,0.4261363636363637,0.8522727272727274,0.340909090909091,0.340909090909091,0.681818181818182,0.426136363636363,0.9375,0.4261363636363637,0.8522727272727274,0.7670454545454547,0.0,0.0852272727272727,0.340909090909091,0.0,0.0,0.0,0.0,0.0,0.0,0.0,0.0,0.0,0.0,0.0,12,53599500.306073,4.218081172310748,3.9578830483485934,352,0.1704545454545454,0.0,0.6818181818181817,0.5965909090909093,0.2556818181818182,0.6818181818181814,1.1931818181818186,1.7897727272727275,1.2784090909090913,1.619318181818182,2.301136363636364,2.982954545454541,4.517045454545456,2.301136363636364,3.579545454545455,3.4090909090909096,0.9375,0.340909090909091,1.022727272727273,0.340909090909091,0.0,0.0,0.0,0.0,0.0,0.0,0.0,0.0,0.0,0.0,6.794760890138042,40.8585413,-99.9908435,12,12,169274,C
0.9195821331182868,2.0093098107285017,2.129490035024883,86.84018653600162,1.0588186653059264,3.2242990654205608,0.0,0.5186915887850467,0.0,0.0,0.4799999999999999,0.4800000000000001,0.7200000000000001,0.2399999999999998,0.9600000000000002,0.7200000000000002,0.9600000000000002,2.4000000000000004,1.2000000000000002,1.6799999999999975,2.880000000000001,1.6800000000000004,1.6800000000000004,3.120000000000001,0.9600000000000002,3.600000000000001,4.800000000000001,1.4400000000000002,0.0,0.0,0.0,0.0,0.0,0.0,0.0,0.0,0.0,0.0,0.0,0.0,0.0,0.24,0.48,0.2399999999999998,0.48,0.0,0.24,0.7200000000000001,0.48,0.2399999999999996,0.24,0.0,0.0,0.0,0.0,0.0,0.96,0.0,0.0,0.0,0.0,0.0,0.0,0.0,0.0,0.0,0.0,0.0,0.0,0.0,0.4799999999999999,0.24,0.0,0.0,0.24,0.4800000000000001,0.0,1.4400000000000004,0.24,0.0,0.7200000000000002,0.24,0.4800000000000001,2.1600000000000006,0.0,0.9600000000000004,0.4800000000000001,0.0,0.0,0.0,0.0,0.0,0.0,0.0,0.0,0.0,0.0,0.0,0.0,0.0,0.0,0.0,0.0,0.0,0.24,0.0,0.0,0.0,0.0,0.719999999999999,1.6800000000000002,0.4800000000000001,0.9600000000000002,0.7200000000000001,0.7200000000000001,2.640000000000001,2.8800000000000003,1.4400000000000002,0.0,0.0,0.0,0.0,0.0,0.0,0.0,0.0,0.0,0.0,12,6361749.771685905,2.694105725169182,2.4498439659076974,125,0.0,0.0,0.4799999999999998,0.4800000000000001,0.7200000000000001,0.2399999999999998,0.9600000000000002,0.7200000000000001,0.9600000000000002,2.4000000000000004,1.2000000000000002,1.6799999999999975,2.8800000000000003,1.6800000000000004,1.6800000000000004,3.120000000000001,0.9600000000000002,3.600000000000001,4.800000000000001,1.4400000000000002,0.0,0.0,0.0,0.0,0.0,0.0,0.0,0.0,0.0,0.0,2.6229318042961807,41.117127,-97.589265,12,13,169509,C
0.934280038461901,1.949477187703912,2.003540916722212,84.29728601199544,1.026952121070439,3.2131147540983607,0.0,0.4389799635701275,0.1834862385321101,0.091743119266055,0.18348623853211,0.091743119266055,0.3669724770642202,1.376146788990825,1.1926605504587158,1.009174311926606,1.284403669724771,1.0091743119266057,1.1009174311926608,1.7431192660550434,1.1009174311926608,1.559633027522936,3.211009174311927,10.000000000000002,1.009174311926606,0.7339449541284405,1.9266055045871564,0.8256880733944956,0.0,0.0,0.0,0.0,0.0,0.0,0.0,0.0,0.0,0.0,0.091743119266055,0.0,0.18348623853211,0.091743119266055,0.091743119266055,0.091743119266055,0.091743119266055,0.1834862385321101,0.091743119266055,0.0,0.091743119266055,0.2752293577981647,0.4587155963302753,0.0,0.091743119266055,0.0,0.0,0.0,0.091743119266055,0.0,0.0,0.0,0.0,0.0,0.0,0.0,0.0,0.0,0.0,0.0,0.0,0.091743119266055,0.0,0.0,0.091743119266055,0.091743119266055,0.0,0.0,0.0,0.2752293577981652,0.1834862385321101,0.0,0.0,0.6422018348623855,2.018348623853212,8.71559633027523,0.8256880733944957,0.3669724770642202,0.3669724770642202,0.091743119266055,0.0,0.0,0.0,0.0,0.0,0.0,0.0,0.0,0.0,0.0,0.0,0.0,0.0,0.0,0.0,0.091743119266055,0.091743119266055,0.0,0.1834862385321101,0.3669724770642202,0.2752293577981652,0.5504587155963295,0.5504587155963304,0.7339449541284405,0.7339449541284405,1.0091743119266057,0.1834862385321101,0.3669724770642202,1.467889908256881,0.7339449541284405,0.0,0.0,0.0,0.0,0.0,0.0,0.0,0.0,0.0,0.0,12,28049810.06971316,3.607387755207717,2.4516647258315354,327,0.1834862385321101,0.091743119266055,0.18348623853211,0.091743119266055,0.3669724770642202,1.3761467889908248,1.192660550458716,1.0091743119266057,1.284403669724771,1.0091743119266057,1.1009174311926608,1.7431192660550434,1.1009174311926608,1.5596330275229362,3.211009174311928,10.000000000000004,1.0091743119266057,0.7339449541284405,1.9266055045871564,0.8256880733944956,0.0,0.0,0.0,0.0,0.0,0.0,0.0,0.0,0.0,0.0,5.333865099044659,40.3911765,-95.843493,12,13,169595,C
0.9315341542428776,1.9611282186479744,1.9670223731944747,81.33931283440566,1.054377350183964,3.1266149870801034,0.0,0.5478036175710594,0.2955665024630541,0.147783251231527,0.147783251231527,0.1477832512315271,0.0,0.5911330049261081,1.3300492610837442,0.8866995073891628,1.7733990147783256,2.216748768472907,1.7733990147783256,1.477832512315269,0.8866995073891626,2.364532019704434,2.807881773399015,6.798029556650247,1.182266009852217,2.216748768472907,2.364532019704434,0.5911330049261085,0.0,0.0,0.0,0.0,0.0,0.0,0.0,0.0,0.0,0.0,0.0,0.147783251231527,0.0,0.0,0.0,0.443349753694581,0.0,0.1477832512315271,0.1477832512315271,0.2955665024630542,0.2955665024630542,0.0,0.0,0.1477832512315271,0.0,0.1477832512315271,0.0,0.0,0.0,0.0,0.0,0.0,0.0,0.0,0.0,0.0,0.0,0.0,0.0,0.0,0.147783251231527,0.0,0.147783251231527,0.0,0.0,0.0,0.0,0.1477832512315271,0.8866995073891628,0.8866995073891628,0.1477832512315271,0.0,0.0,0.8866995073891628,1.6256157635467985,5.320197044334976,0.7389162561576357,0.8866995073891628,1.182266009852217,0.2955665024630542,0.0,0.0,0.0,0.0,0.0,0.0,0.0,0.0,0.0,0.0,0.0,0.0,0.0,0.1477832512315271,0.0,0.0,0.0,0.0,0.0,0.0,0.2955665024630542,0.7389162561576342,0.4433497536945813,0.5911330049261084,0.8866995073891626,1.1822660098522169,0.2955665024630542,1.1822660098522169,1.1822660098522169,0.1477832512315271,0.0,0.0,0.0,0.0,0.0,0.0,0.0,0.0,0.0,0.0,12,22483100.371084034,2.51927605415415,2.2721374354555737,203,0.2955665024630542,0.1477832512315271,0.147783251231527,0.1477832512315271,0.0,0.591133004926108,1.3300492610837442,0.8866995073891627,1.7733990147783254,2.216748768472907,1.7733990147783254,1.477832512315269,0.8866995073891627,2.364532019704434,2.807881773399015,6.798029556650247,1.182266009852217,2.216748768472907,2.364532019704434,0.5911330049261085,0.0,0.0,0.0,0.0,0.0,0.0,0.0,0.0,0.0,0.0,3.235819710835923,41.365746,-97.974705,12,13,169659,C
0.9771392828662284,1.7183323457918989,1.8374750561394464,50.786814843988616,1.035054568624007,3.363013698630137,0.0,0.4006849315068493,0.0384122919334186,0.3841229193341869,0.729833546734955,0.8450704225352115,1.843790012804098,1.536491677336747,1.19078104993598,2.151088348271448,2.3047375160051224,3.1113956466069155,1.8437900128040976,1.1139564660691406,0.9987195902688863,1.3828425096030734,1.4596670934699103,2.919334186939821,0.8834827144686301,0.9218950064020488,3.6491677336747768,0.6530089628681179,0.0384122919334187,0.0,0.0,0.0,0.0,0.0,0.0,0.0,0.0,0.0,0.0,0.0768245838668374,0.1536491677336747,0.4225352112676057,0.4993597951344432,0.691421254801536,0.2304737516005122,0.3457106274007683,0.5761843790012806,1.1523687580025612,1.037131882202305,0.422535211267605,0.3457106274007683,0.0768245838668374,0.0,0.0,0.0384122919334187,0.3072983354673496,1.690140845070423,0.3072983354673496,0.0,0.0,0.0,0.0,0.0,0.0,0.0,0.0,0.0,0.0,0.0,0.3072983354673495,0.5761843790012803,0.2304737516005121,0.6914212548015366,0.3841229193341867,0.3457106274007683,0.7298335467349553,0.4225352112676057,0.4993597951344432,0.0768245838668374,0.0768245838668372,0.2688860435339309,0.5761843790012805,0.88348271446863,2.4583866837387967,0.5377720870678618,0.3457106274007683,1.1907810499359797,0.3072983354673496,0.0384122919334187,0.0,0.0,0.0,0.0,0.0,0.0,0.0,0.0,0.0,0.0,0.0,0.0,0.0768245838668374,0.3457106274007683,0.3072983354673494,0.4609475032010244,0.3457106274007683,0.5377720870678618,0.768245838668374,0.6530089628681179,0.422535211267605,0.1920614596670935,0.5377720870678618,0.4609475032010244,0.4225352112676057,0.2304737516005122,0.1920614596670935,0.4993597951344432,0.0384122919334187,0.0,0.0,0.0,0.0,0.0,0.0,0.0,0.0,0.0,0.0,12,47683701.91630489,2.613808004865423,3.524168460769346,781,0.0384122919334186,0.3841229193341869,0.729833546734955,0.8450704225352114,1.8437900128040976,1.536491677336747,1.19078104993598,2.151088348271448,2.304737516005122,3.1113956466069146,1.8437900128040976,1.1139564660691406,0.9987195902688863,1.3828425096030732,1.4596670934699107,2.919334186939821,0.8834827144686301,0.9218950064020488,3.649167733674776,0.6530089628681179,0.0384122919334187,0.0,0.0,0.0,0.0,0.0,0.0,0.0,0.0,0.0,4.228595546975429,41.404946,-99.6364595,12,13,169753,C
0.2400471494974758,3.302112536141653,3.10161834333093,259.79456610533856,1.0243371254224496,2.466666666666667,0.0,0.7333333333333333,0.0,0.0,0.0,3.750000000000001,0.0,0.0,0.0,11.250000000000004,7.500000000000002,0.0,0.0,3.7499999999999942,0.0,0.0,3.750000000000001,0.0,0.0,0.0,0.0,0.0,0.0,0.0,0.0,0.0,0.0,0.0,0.0,0.0,0.0,0.0,0.0,0.0,0.0,3.750000000000001,0.0,0.0,0.0,0.0,0.0,0.0,0.0,3.7499999999999942,0.0,0.0,0.0,0.0,0.0,0.0,0.0,0.0,0.0,0.0,0.0,0.0,0.0,0.0,0.0,0.0,0.0,0.0,0.0,0.0,0.0,0.0,0.0,0.0,0.0,0.0,0.0,0.0,0.0,0.0,0.0,0.0,0.0,0.0,0.0,0.0,0.0,0.0,0.0,0.0,0.0,0.0,0.0,0.0,0.0,0.0,0.0,0.0,0.0,0.0,0.0,0.0,0.0,0.0,0.0,3.750000000000001,3.750000000000001,0.0,0.0,0.0,0.0,0.0,3.750000000000001,0.0,0.0,0.0,0.0,0.0,0.0,0.0,0.0,0.0,0.0,0.0,0.0,0.0,0.0,0.0,12,742671.6015779689,2.9631696587577463,2.765841972953873,8,0.0,0.0,0.0,3.750000000000001,0.0,0.0,0.0,11.250000000000002,7.500000000000002,0.0,0.0,3.7499999999999942,0.0,0.0,3.750000000000001,0.0,0.0,0.0,0.0,0.0,0.0,0.0,0.0,0.0,0.0,0.0,0.0,0.0,0.0,0.0,4.739224466182354,48.4461785,6.395338,12,13,1707903,C
0.7101638987865984,2.5693246940407315,2.6799164791375736,107.52551151509594,1.038859965905905,2.6132075471698117,0.0,0.6792452830188679,0.4545454545454546,0.4545454545454545,0.909090909090909,0.9090909090909094,0.0,0.4545454545454543,1.363636363636364,0.9090909090909094,1.8181818181818183,1.363636363636364,5.000000000000002,1.818181818181816,3.1818181818181825,2.2727272727272734,2.2727272727272734,0.0,2.2727272727272734,2.272727272727273,0.9090909090909094,0.4545454545454547,0.4545454545454547,0.0,0.4545454545454547,0.0,0.0,0.0,0.0,0.0,0.0,0.0,0.0,0.0,0.0,0.0,0.0,0.4545454545454543,0.0,0.4545454545454547,0.0,0.4545454545454547,0.4545454545454547,0.0,0.0,0.0,0.0,0.0,0.0,0.0,0.0,0.0,0.4545454545454547,0.0,0.0,0.0,0.0,0.0,0.0,0.0,0.0,0.0,0.4545454545454546,0.0,0.4545454545454545,0.4545454545454547,0.0,0.0,0.4545454545454547,0.0,0.9090909090909094,0.0,0.4545454545454547,0.0,0.9090909090909094,1.363636363636364,0.9090909090909094,0.0,0.4545454545454547,0.4545454545454547,0.4545454545454547,0.4545454545454547,0.0,0.0,0.4545454545454547,0.0,0.0,0.0,0.0,0.0,0.0,0.0,0.0,0.4545454545454545,0.4545454545454544,0.4545454545454546,0.0,0.0,0.0,0.0,0.4545454545454546,0.9090909090909092,3.636363636363637,1.3636363636363618,1.8181818181818183,0.9090909090909092,1.3636363636363638,0.0,1.8181818181818183,1.3636363636363638,0.4545454545454546,0.0,0.0,0.0,0.0,0.0,0.0,0.0,0.0,0.0,0.0,0.0,12,2931176.424953877,3.715839262112509,1.9675282706953003,66,0.4545454545454545,0.4545454545454545,0.9090909090909088,0.9090909090909092,0.0,0.4545454545454542,1.3636363636363638,0.9090909090909092,1.8181818181818183,1.3636363636363638,5.000000000000001,1.818181818181816,3.1818181818181825,2.2727272727272734,2.2727272727272734,0.0,2.2727272727272734,2.2727272727272734,0.9090909090909092,0.4545454545454546,0.4545454545454546,0.0,0.4545454545454546,0.0,0.0,0.0,0.0,0.0,0.0,0.0,2.3824935619646013,30.74728775,56.625784550000006,12,14,17509870,C
0.3823432715532833,3.1134332569157896,3.113753367832691,86.74239525327826,1.1087572209357042,2.3401360544217686,0.0,0.6190476190476191,0.0,1.875,1.875,1.8750000000000004,0.0,1.874999999999999,1.8750000000000004,1.8750000000000004,5.625000000000002,0.0,0.0,1.8749999999999971,3.750000000000001,0.0,1.8750000000000004,0.0,1.8750000000000004,1.8750000000000004,1.8750000000000004,0.0,0.0,0.0,0.0,0.0,0.0,0.0,0.0,0.0,0.0,0.0,0.0,0.0,0.0,0.0,0.0,1.874999999999999,0.0,0.0,3.750000000000001,0.0,0.0,0.0,0.0,0.0,1.8750000000000004,0.0,0.0,1.8750000000000004,0.0,0.0,0.0,0.0,0.0,0.0,0.0,0.0,0.0,0.0,0.0,0.0,0.0,1.875,1.875,1.8750000000000004,0.0,0.0,0.0,0.0,0.0,0.0,0.0,0.0,1.8750000000000004,0.0,0.0,0.0,1.8750000000000004,0.0,0.0,0.0,0.0,0.0,0.0,0.0,0.0,0.0,0.0,0.0,0.0,0.0,0.0,0.0,0.0,0.0,0.0,0.0,0.0,1.8750000000000004,1.8750000000000004,0.0,0.0,1.8749999999999971,1.8750000000000004,0.0,0.0,0.0,0.0,0.0,1.8750000000000004,0.0,0.0,0.0,0.0,0.0,0.0,0.0,0.0,0.0,0.0,0.0,12,370762.76558408095,3.0151535475519484,2.045074561621353,16,0.0,1.875,1.875,1.8750000000000004,0.0,1.874999999999999,1.8750000000000004,1.8750000000000004,5.625000000000001,0.0,0.0,1.8749999999999971,3.750000000000001,0.0,1.8750000000000004,0.0,1.8750000000000004,1.8750000000000004,1.8750000000000004,0.0,0.0,0.0,0.0,0.0,0.0,0.0,0.0,0.0,0.0,0.0,2.620432239850337,35.3107585,-82.44046800000001,12,13,176782,C
0.2598452970552919,3.2769887259011585,3.376401574794182,50.88374644451934,1.1004795323521894,2.526570048309179,0.0,0.5640096618357487,0.7317073170731707,0.2926829268292683,1.756097560975609,1.463414634146342,0.7317073170731709,0.8780487804878043,2.1951219512195124,2.341463414634146,2.9268292682926838,2.1951219512195124,1.0243902439024393,2.926829268292679,3.365853658536586,1.3170731707317076,0.7317073170731709,1.1707317073170735,1.3170731707317076,1.3170731707317076,0.8780487804878051,0.1463414634146342,0.2926829268292683,0.0,0.0,0.0,0.0,0.0,0.0,0.0,0.0,0.0,0.0,0.2926829268292683,1.4634146341463412,1.3170731707317076,0.5853658536585368,0.4390243902439022,1.4634146341463417,0.7317073170731708,0.878048780487805,0.5853658536585368,0.1463414634146342,0.4390243902439018,0.1463414634146342,0.4390243902439025,0.2926829268292684,0.2926829268292684,0.2926829268292684,0.0,0.0,0.0,0.0,0.0,0.0,0.0,0.0,0.0,0.0,0.0,0.0,0.0,0.0,0.0,0.1463414634146341,0.0,0.1463414634146342,0.4390243902439021,0.4390243902439025,0.7317073170731708,1.1707317073170735,0.878048780487805,0.2926829268292684,0.4390243902439018,0.7317073170731708,0.2926829268292684,0.2926829268292684,0.5853658536585368,0.4390243902439025,0.1463414634146342,0.2926829268292684,0.1463414634146342,0.0,0.0,0.0,0.0,0.0,0.0,0.0,0.0,0.0,0.0,0.0,0.0,0.0,0.1463414634146341,0.0,0.0,0.2926829268292683,0.2926829268292683,0.4390243902439025,0.1463414634146341,0.2926829268292683,1.756097560975607,1.75609756097561,0.2926829268292683,0.1463414634146341,0.2926829268292683,0.4390243902439025,0.5853658536585367,0.2926829268292683,0.0,0.2926829268292683,0.0,0.0,0.0,0.0,0.0,0.0,0.0,0.0,0.0,12,7605211.250468172,2.600514340623282,4.977627495720604,205,0.7317073170731707,0.2926829268292683,1.7560975609756095,1.4634146341463417,0.7317073170731708,0.8780487804878043,2.195121951219513,2.341463414634147,2.9268292682926838,2.195121951219513,1.0243902439024393,2.9268292682926784,3.365853658536586,1.3170731707317076,0.7317073170731708,1.1707317073170735,1.3170731707317076,1.3170731707317076,0.878048780487805,0.1463414634146342,0.2926829268292684,0.0,0.0,0.0,0.0,0.0,0.0,0.0,0.0,0.0,4.365106325485259,35.2005141,-83.82081225,12,12,179788,C
0.3920635944230438,3.0997866828660485,3.340563230199762,68.83868624279171,1.1016813919811312,2.711267605633803,0.0,0.6302816901408451,0.3333333333333333,0.0,0.3333333333333332,0.6666666666666669,0.3333333333333334,0.9999999999999992,1.6666666666666667,3.333333333333334,4.000000000000001,3.333333333333334,3.3333333333333344,2.33333333333333,1.0000000000000002,1.3333333333333337,1.666666666666667,2.666666666666667,1.3333333333333337,0.3333333333333334,0.6666666666666669,0.3333333333333334,0.0,0.0,0.0,0.0,0.0,0.0,0.0,0.0,0.0,0.0,0.0,0.0,0.3333333333333332,0.6666666666666669,0.3333333333333334,0.9999999999999992,1.6666666666666667,1.3333333333333337,1.6666666666666667,0.3333333333333334,0.3333333333333334,0.0,0.0,0.3333333333333334,0.3333333333333334,0.0,0.3333333333333334,0.0,0.0,0.0,0.0,0.0,0.0,0.0,0.0,0.0,0.0,0.0,0.0,0.0,0.0,0.0,0.0,0.0,0.0,0.0,0.0,0.6666666666666669,1.666666666666667,1.0,2.333333333333334,0.6666666666666657,0.6666666666666669,0.3333333333333334,0.3333333333333334,1.666666666666667,1.0,0.3333333333333334,0.6666666666666669,0.3333333333333334,0.0,0.0,0.0,0.0,0.0,0.0,0.0,0.0,0.0,0.0,0.0,0.0,0.0,0.0,0.0,0.0,0.0,0.0,0.3333333333333334,0.3333333333333334,0.6666666666666669,1.6666666666666643,0.3333333333333334,0.6666666666666669,1.0000000000000002,1.0000000000000002,0.0,0.0,0.0,0.0,0.0,0.0,0.0,0.0,0.0,0.0,0.0,0.0,0.0,0.0,12,2318148.1062995647,3.028108936690725,1.254611638162576,90,0.3333333333333333,0.0,0.3333333333333332,0.6666666666666669,0.3333333333333334,0.9999999999999992,1.666666666666667,3.333333333333334,4.000000000000001,3.333333333333334,3.333333333333334,2.33333333333333,1.0000000000000002,1.3333333333333337,1.666666666666667,2.6666666666666674,1.3333333333333337,0.3333333333333334,0.6666666666666669,0.3333333333333334,0.0,0.0,0.0,0.0,0.0,0.0,0.0,0.0,0.0,0.0,1.9135112718378469,36.09111155,-81.92644849999999,12,14,180149,C
0.9003609960721515,2.0798129101798537,2.2694130505503347,93.67890674295928,1.0540502345593536,3.1074918566775245,0.0,0.5244299674267101,0.0,0.0,0.0,0.0,0.1796407185628742,0.3592814371257482,0.1796407185628742,1.25748502994012,0.8982035928143715,1.6167664670658686,0.3592814371257485,2.874251497005984,2.8742514970059885,1.976047904191617,3.0538922155688626,10.598802395209582,0.7185628742514971,1.25748502994012,1.4371257485029945,0.3592814371257485,0.0,0.0,0.0,0.0,0.0,0.0,0.0,0.0,0.0,0.0,0.0,0.0,0.0,0.0,0.1796407185628742,0.0,0.0,0.1796407185628742,0.0,0.0,0.0,0.0,0.0,0.0,0.0,0.1796407185628742,0.0,0.0,0.0,0.0,0.0,0.0,0.0,0.0,0.0,0.0,0.0,0.0,0.0,0.0,0.0,0.0,0.0,0.0,0.0,0.3592814371257482,0.1796407185628742,0.5389221556886228,0.3592814371257485,0.1796407185628742,0.1796407185628742,0.3592814371257479,0.3592814371257485,0.3592814371257485,1.4371257485029942,9.520958083832337,0.0,0.8982035928143713,0.7185628742514971,0.0,0.0,0.0,0.0,0.0,0.0,0.0,0.0,0.0,0.0,0.0,0.0,0.0,0.0,0.0,0.0,0.0,0.0,0.3592814371257485,0.3592814371257485,0.7185628742514971,0.1796407185628742,0.538922155688622,0.7185628742514971,0.5389221556886229,0.8982035928143716,0.7185628742514971,0.3592814371257485,0.1796407185628742,0.5389221556886229,0.3592814371257485,0.0,0.0,0.0,0.0,0.0,0.0,0.0,0.0,0.0,0.0,12,24267368.88823493,3.38760741989687,2.572954391534324,167,0.0,0.0,0.0,0.0,0.1796407185628743,0.3592814371257483,0.1796407185628743,1.25748502994012,0.8982035928143715,1.6167664670658686,0.3592814371257486,2.874251497005984,2.874251497005989,1.976047904191617,3.053892215568863,10.598802395209583,0.7185628742514972,1.25748502994012,1.4371257485029945,0.3592814371257486,0.0,0.0,0.0,0.0,0.0,0.0,0.0,0.0,0.0,0.0,4.022012276802916,46.0068245,-98.523497,12,13,181583,C
0.0948777349930688,3.477131346231161,3.481987216569105,88.94364763275388,1.1249619578186285,2.6465256797583083,0.0,0.6948640483383686,0.3448275862068966,0.6896551724137931,0.3448275862068964,0.6896551724137933,2.758620689655173,2.068965517241378,2.06896551724138,2.758620689655173,3.793103448275864,2.06896551724138,1.03448275862069,2.0689655172413763,0.6896551724137933,1.03448275862069,2.06896551724138,2.758620689655173,1.03448275862069,0.3448275862068966,0.6896551724137934,0.0,0.6896551724137933,0.0,0.0,0.0,0.0,0.0,0.0,0.0,0.0,0.0,0.0,0.3448275862068965,0.3448275862068964,0.6896551724137933,0.6896551724137933,1.034482758620689,0.6896551724137933,1.0344827586206895,1.724137931034483,1.3793103448275863,0.0,0.6896551724137922,0.3448275862068966,0.3448275862068966,1.0344827586206895,0.0,0.3448275862068966,0.3448275862068966,0.0,0.0,0.3448275862068966,0.0,0.0,0.0,0.0,0.0,0.0,0.0,0.0,0.0,0.3448275862068966,0.3448275862068966,0.0,0.0,1.3793103448275867,0.3448275862068963,0.6896551724137934,0.6896551724137934,1.3793103448275867,0.6896551724137934,0.6896551724137934,0.0,0.0,0.0,0.0,1.3793103448275867,0.6896551724137934,0.0,0.3448275862068967,0.0,0.0,0.0,0.0,0.0,0.0,0.0,0.0,0.0,0.0,0.0,0.0,0.0,0.0,0.0,0.0,0.3448275862068964,0.3448275862068966,1.03448275862069,0.0,0.0,0.0,1.0344827586206884,0.3448275862068966,0.6896551724137933,1.03448275862069,0.6896551724137933,0.0,0.0,0.3448275862068966,0.0,0.0,0.0,0.0,0.0,0.0,0.0,0.0,0.0,0.0,0.0,12,4888480.1816161,3.39312090993952,3.314487436416501,87,0.3448275862068966,0.6896551724137931,0.3448275862068964,0.6896551724137933,2.758620689655173,2.068965517241378,2.0689655172413794,2.758620689655173,3.793103448275863,2.0689655172413794,1.0344827586206895,2.0689655172413763,0.6896551724137933,1.0344827586206895,2.0689655172413794,2.758620689655173,1.0344827586206895,0.3448275862068966,0.6896551724137933,0.0,0.6896551724137933,0.0,0.0,0.0,0.0,0.0,0.0,0.0,0.0,0.0,7.7003394299484444,42.4379942,1.9606488,12,13,1820709,C
0.0477255253197737,3.5309084482030952,3.5081368249582408,98.02581607971452,1.1322944900403338,2.389610389610389,0.0,0.6029684601113172,1.5189873417721516,0.3797468354430379,0.7594936708860757,1.8987341772151904,1.518987341772152,1.5189873417721511,2.6582278481012667,2.2784810126582284,3.417721518987342,1.5189873417721522,1.8987341772151909,0.7594936708860749,3.037974683544305,1.1392405063291142,0.7594936708860762,1.1392405063291142,2.6582278481012667,0.3797468354430381,0.379746835443038,0.379746835443038,0.0,0.0,0.0,0.0,0.0,0.0,0.0,0.0,0.0,0.0,0.3797468354430379,0.0,0.0,0.0,0.379746835443038,0.3797468354430377,1.139240506329114,0.0,1.139240506329114,0.7594936708860761,0.7594936708860761,0.0,0.0,0.0,0.0,0.0,0.7594936708860761,0.0,0.379746835443038,0.0,0.0,0.0,0.0,0.0,0.0,0.0,0.0,0.0,0.0,0.0,0.7594936708860758,0.3797468354430379,0.7594936708860757,1.5189873417721522,1.139240506329114,0.3797468354430377,0.379746835443038,0.0,1.139240506329114,0.379746835443038,0.0,0.3797468354430374,1.139240506329114,0.0,0.0,0.379746835443038,0.7594936708860761,0.0,0.0,0.379746835443038,0.0,0.0,0.0,0.0,0.0,0.0,0.0,0.0,0.0,0.0,0.0,0.0,0.0,0.3797468354430381,0.0,0.7594936708860756,0.3797468354430381,1.8987341772151904,0.7594936708860762,0.0,0.7594936708860762,0.0,1.1392405063291142,0.0,0.3797468354430381,0.7594936708860762,0.0,0.3797468354430381,0.0,0.0,0.0,0.0,0.0,0.0,0.0,0.0,0.0,0.0,0.0,0.0,12,6264175.293160969,2.703378570741974,3.1424366298248643,79,1.518987341772152,0.379746835443038,0.7594936708860758,1.8987341772151904,1.5189873417721522,1.518987341772151,2.6582278481012667,2.278481012658228,3.4177215189873427,1.5189873417721522,1.8987341772151904,0.7594936708860749,3.0379746835443044,1.139240506329114,0.7594936708860761,1.139240506329114,2.6582278481012667,0.379746835443038,0.379746835443038,0.379746835443038,0.0,0.0,0.0,0.0,0.0,0.0,0.0,0.0,0.0,0.0,6.727574842922587,41.413982,-81.41058469999999,12,13,182113,C
0.2222104419475581,3.324468473827003,3.41960671695832,99.70872544230916,1.0845495732576822,2.632558139534884,0.0,0.5813953488372093,0.4918032786885246,0.7377049180327868,1.2295081967213113,2.213114754098361,1.9672131147540988,2.459016393442622,0.9836065573770494,2.4590163934426235,2.950819672131148,1.9672131147540988,3.442622950819673,1.967213114754096,2.213114754098361,0.9836065573770494,0.4918032786885247,0.4918032786885247,0.4918032786885247,0.9836065573770494,1.475409836065574,0.0,0.0,0.0,0.0,0.0,0.0,0.0,0.0,0.0,0.0,0.0,0.0,0.7377049180327868,0.9836065573770488,1.2295081967213115,0.7377049180327869,0.9836065573770486,0.2459016393442623,0.7377049180327869,0.0,0.2459016393442623,0.0,0.0,0.0,0.0,0.0,0.0,0.0,0.0,0.0,0.0,0.0,0.0,0.0,0.0,0.0,0.0,0.0,0.0,0.0,0.0,0.2459016393442623,0.0,0.2459016393442622,0.737704918032787,0.737704918032787,0.9836065573770488,0.2459016393442623,1.2295081967213115,1.9672131147540988,0.9836065573770494,0.9836065573770494,0.9836065573770478,0.9836065573770494,0.4918032786885247,0.2459016393442623,0.2459016393442623,0.2459016393442623,0.2459016393442623,0.2459016393442623,0.0,0.0,0.0,0.0,0.0,0.0,0.0,0.0,0.0,0.0,0.0,0.0,0.0,0.0,0.0,0.2459016393442623,0.2459016393442621,0.4918032786885247,0.4918032786885247,0.9836065573770496,0.737704918032787,2.213114754098361,0.7377049180327859,1.2295081967213115,0.4918032786885247,0.0,0.2459016393442623,0.2459016393442623,0.4918032786885247,0.737704918032787,0.0,0.0,0.0,0.0,0.0,0.0,0.0,0.0,0.0,0.0,0.0,12,2578803.187974936,4.806360772797838,3.228260321429814,122,0.4918032786885246,0.7377049180327869,1.2295081967213113,2.213114754098361,1.9672131147540988,2.4590163934426217,0.9836065573770494,2.4590163934426235,2.950819672131148,1.9672131147540988,3.442622950819673,1.967213114754096,2.213114754098361,0.9836065573770494,0.4918032786885247,0.4918032786885247,0.4918032786885247,0.9836065573770494,1.475409836065574,0.0,0.0,0.0,0.0,0.0,0.0,0.0,0.0,0.0,0.0,0.0,6.9540195349887055,40.32642445,-80.620214,12,13,182214,C
0.2857443019411836,3.2436100197524094,3.3138451612781927,84.97164831203223,1.1137086623466883,2.365364308342133,0.0,0.6124604012671595,1.926605504587156,0.8256880733944955,1.926605504587156,1.376146788990826,0.8256880733944956,1.65137614678899,1.9266055045871564,2.477064220183487,2.2018348623853217,2.477064220183487,3.3027522935779823,1.100917431192659,0.8256880733944956,1.9266055045871568,2.201834862385321,1.376146788990826,0.2752293577981652,0.8256880733944956,0.2752293577981652,0.2752293577981652,0.0,0.0,0.0,0.0,0.0,0.0,0.0,0.0,0.0,0.0,0.0,0.2752293577981651,1.3761467889908257,0.8256880733944956,0.5504587155963304,0.0,0.8256880733944956,0.5504587155963304,0.8256880733944956,1.1009174311926608,0.8256880733944956,0.2752293577981647,0.2752293577981652,1.1009174311926608,0.8256880733944956,0.5504587155963304,0.0,0.0,0.0,0.0,0.0,0.0,0.0,0.0,0.0,0.0,0.0,0.0,0.0,0.0,0.0,0.2752293577981651,0.5504587155963302,0.2752293577981652,0.2752293577981652,0.275229357798165,0.2752293577981652,1.376146788990826,0.0,1.1009174311926608,0.5504587155963304,0.2752293577981647,0.0,0.2752293577981652,0.5504587155963304,0.2752293577981652,0.0,0.2752293577981652,0.2752293577981652,0.0,0.0,0.0,0.0,0.0,0.0,0.0,0.0,0.0,0.0,0.0,0.0,0.2752293577981651,0.0,0.0,0.0,1.376146788990825,0.5504587155963304,0.2752293577981652,0.8256880733944956,0.0,1.376146788990826,0.0,0.2752293577981652,0.2752293577981652,0.8256880733944956,0.2752293577981652,0.0,0.2752293577981652,0.0,0.2752293577981652,0.0,0.0,0.0,0.0,0.0,0.0,0.0,0.0,0.0,0.0,12,7866848.592686266,3.716664566071704,3.840861560811289,109,1.926605504587156,0.8256880733944955,1.926605504587156,1.376146788990826,0.8256880733944956,1.6513761467889898,1.9266055045871564,2.477064220183487,2.2018348623853217,2.477064220183487,3.3027522935779823,1.100917431192659,0.8256880733944956,1.9266055045871564,2.2018348623853217,1.376146788990826,0.2752293577981652,0.8256880733944956,0.2752293577981652,0.2752293577981652,0.0,0.0,0.0,0.0,0.0,0.0,0.0,0.0,0.0,0.0,8.981729333186061,39.203891,-84.4308351,12,12,182216,C
0.2256047767424063,3.3202340344909094,3.2506458130256504,69.83109937468086,1.0668893370825905,2.5977011494252875,0.0,0.5593869731800766,2.0930232558139537,3.0232558139534884,1.8604651162790693,1.3953488372093026,2.558139534883722,2.55813953488372,2.093023255813954,1.3953488372093026,1.3953488372093024,1.6279069767441865,0.9302325581395352,1.1627906976744171,0.930232558139535,1.3953488372093026,1.86046511627907,2.0930232558139537,0.930232558139535,0.2325581395348838,0.4651162790697675,0.0,0.0,0.0,0.0,0.0,0.0,0.0,0.0,0.0,0.0,0.0,0.930232558139535,1.3953488372093024,0.6976744186046511,0.6976744186046513,1.6279069767441867,1.3953488372093017,1.162790697674419,0.4651162790697675,0.6976744186046513,0.4651162790697675,0.2325581395348837,0.4651162790697668,0.0,0.2325581395348837,0.2325581395348837,0.0,0.0,0.0,0.0,0.0,0.0,0.0,0.0,0.0,0.0,0.0,0.0,0.0,0.0,0.0,0.6976744186046512,1.627906976744186,0.9302325581395348,0.6976744186046513,0.9302325581395352,0.9302325581395344,0.4651162790697676,0.6976744186046513,0.0,0.6976744186046513,0.4651162790697676,0.6976744186046502,0.2325581395348838,0.6976744186046513,0.9302325581395352,1.162790697674419,0.2325581395348838,0.2325581395348838,0.2325581395348838,0.0,0.0,0.0,0.0,0.0,0.0,0.0,0.0,0.0,0.0,0.0,0.2325581395348837,0.0,0.2325581395348836,0.0,0.0,0.2325581395348835,0.4651162790697675,0.2325581395348837,0.2325581395348837,0.2325581395348837,0.2325581395348837,0.0,0.4651162790697675,0.2325581395348837,0.4651162790697675,0.4651162790697675,0.4651162790697675,0.0,0.0,0.0,0.0,0.0,0.0,0.0,0.0,0.0,0.0,0.0,0.0,0.0,12,1806057.0941026544,2.912660860220902,3.024714300678694,129,2.0930232558139537,3.0232558139534884,1.8604651162790693,1.3953488372093026,2.558139534883721,2.5581395348837197,2.093023255813954,1.3953488372093026,1.3953488372093026,1.6279069767441865,0.9302325581395352,1.162790697674417,0.9302325581395352,1.3953488372093026,1.8604651162790704,2.093023255813954,0.9302325581395352,0.2325581395348837,0.4651162790697675,0.0,0.0,0.0,0.0,0.0,0.0,0.0,0.0,0.0,0.0,0.0,4.171091188265908,39.164573,-84.745258,12,13,182228,C
0.2038417766900979,3.347224819618519,3.406369944436329,76.44020995078834,1.2342315814248617,2.825352112676056,0.0,0.6281690140845071,2.0,3.0588235294117645,0.941176470588235,0.8235294117647061,2.2352941176470598,1.8823529411764692,2.4705882352941178,1.882352941176471,1.7647058823529416,1.058823529411765,2.2352941176470598,1.6470588235294092,1.4117647058823533,0.9411764705882356,1.5294117647058827,1.1764705882352944,1.2941176470588238,0.9411764705882356,0.5882352941176472,0.1176470588235294,0.0,0.0,0.0,0.0,0.0,0.0,0.0,0.0,0.0,0.0,0.5882352941176471,1.2941176470588236,0.4705882352941175,0.3529411764705882,1.1764705882352944,1.1764705882352935,1.411764705882353,0.9411764705882356,0.8235294117647061,0.2352941176470588,0.4705882352941177,0.470588235294117,0.4705882352941177,0.1176470588235294,0.3529411764705882,0.3529411764705882,0.3529411764705882,0.0,0.2352941176470588,0.0,0.0,0.0,0.0,0.0,0.0,0.0,0.0,0.0,0.0,0.0,0.3529411764705882,1.7647058823529411,0.3529411764705881,0.0,0.3529411764705883,0.352941176470588,0.2352941176470588,0.3529411764705883,0.3529411764705883,0.5882352941176472,0.4705882352941177,0.3529411764705877,0.2352941176470588,0.1176470588235294,0.5882352941176472,0.2352941176470588,0.3529411764705883,0.2352941176470588,0.2352941176470588,0.0,0.0,0.0,0.0,0.0,0.0,0.0,0.0,0.0,0.0,0.0,0.0,0.0,0.1176470588235293,0.3529411764705883,0.0,0.0,0.3529411764705883,0.0,0.1176470588235294,0.1176470588235294,1.058823529411765,0.3529411764705877,0.2352941176470589,0.4705882352941178,0.5882352941176472,0.4705882352941178,0.2352941176470589,0.1176470588235294,0.0,0.1176470588235294,0.0,0.0,0.0,0.0,0.0,0.0,0.0,0.0,0.0,0.0,12,20529867.719244376,2.288729059041478,3.9029922657519354,255,2.0,3.0588235294117645,0.9411764705882352,0.8235294117647061,2.2352941176470598,1.8823529411764692,2.470588235294118,1.882352941176471,1.7647058823529416,1.058823529411765,2.2352941176470598,1.6470588235294092,1.4117647058823533,0.9411764705882356,1.5294117647058827,1.1764705882352944,1.2941176470588238,0.9411764705882356,0.5882352941176472,0.1176470588235294,0.0,0.0,0.0,0.0,0.0,0.0,0.0,0.0,0.0,0.0,5.93918447073794,39.1228225,-84.35051999999999,13,12,182247,C
0.4892290704076877,2.956871910160118,3.0349359656141903,41.28974366570716,1.0715633433892129,2.730769230769231,0.0,0.5552884615384616,0.2083333333333333,0.2083333333333333,1.0416666666666663,0.4166666666666667,0.6250000000000001,1.6666666666666656,0.8333333333333335,1.666666666666667,1.2500000000000004,3.9583333333333344,1.2500000000000004,2.9166666666666625,3.1250000000000004,1.4583333333333337,3.958333333333334,1.8750000000000004,1.041666666666667,1.041666666666667,1.2500000000000004,0.0,0.2083333333333333,0.0,0.0,0.0,0.0,0.0,0.0,0.0,0.0,0.0,0.0,0.2083333333333333,0.2083333333333333,0.4166666666666667,0.4166666666666667,0.6249999999999996,0.8333333333333335,1.0416666666666667,0.6250000000000001,1.666666666666667,0.2083333333333333,1.4583333333333313,0.2083333333333333,0.2083333333333333,0.8333333333333335,0.4166666666666667,0.6250000000000001,0.2083333333333333,0.2083333333333333,0.0,0.0,0.0,0.0,0.0,0.0,0.0,0.0,0.0,0.0,0.0,0.0,0.0,0.8333333333333331,0.0,0.0,0.6249999999999996,0.0,0.4166666666666667,0.2083333333333333,0.2083333333333333,0.4166666666666667,0.6249999999999991,0.6250000000000001,0.6250000000000001,0.8333333333333335,0.6250000000000001,0.4166666666666667,0.4166666666666667,0.4166666666666667,0.0,0.2083333333333333,0.0,0.0,0.0,0.0,0.0,0.0,0.0,0.0,0.0,0.0,0.0,0.0,0.0,0.0,0.0,0.0,0.0,0.0,0.6250000000000001,0.2083333333333333,0.6249999999999991,1.4583333333333337,0.4166666666666667,1.4583333333333337,0.6250000000000001,0.0,0.2083333333333333,0.2083333333333333,0.0,0.0,0.0,0.0,0.0,0.0,0.0,0.0,0.0,0.0,0.0,12,1048583.2498658174,2.935210257602856,2.1517792192108463,144,0.2083333333333333,0.2083333333333333,1.0416666666666663,0.4166666666666667,0.6250000000000001,1.6666666666666656,0.8333333333333335,1.666666666666667,1.2500000000000002,3.958333333333334,1.2500000000000002,2.9166666666666625,3.125000000000001,1.4583333333333337,3.958333333333334,1.8750000000000004,1.041666666666667,1.041666666666667,1.2500000000000002,0.0,0.2083333333333333,0.0,0.0,0.0,0.0,0.0,0.0,0.0,0.0,0.0,3.3085165335105944,38.87924,-82.38011900000001,12,13,182419,C
0.7736370075414769,2.4317560875355144,2.2832865617205376,63.192776232685645,1.0481924864859118,2.8884381338742395,0.0,0.6118999323867478,0.45,0.1,0.6,0.5000000000000001,1.3000000000000005,1.4999999999999991,1.9500000000000004,2.0000000000000004,2.2,3.8000000000000007,2.650000000000001,1.8499999999999972,2.0500000000000007,2.0500000000000007,1.2000000000000002,1.1500000000000004,1.95,1.2000000000000002,0.9000000000000001,0.4000000000000001,0.1,0.05,0.05,0.0,0.0,0.0,0.0,0.0,0.0,0.0,0.0,0.05,0.2499999999999999,0.2,0.6000000000000001,1.1499999999999992,0.6000000000000001,0.3500000000000001,0.3,0.4000000000000001,0.25,0.2499999999999996,0.3,0.2,0.45,0.25,0.3,0.05,0.05,0.1,0.05,0.05,0.0,0.0,0.0,0.0,0.0,0.0,0.0,0.0,0.0,0.05,0.35,0.3,0.25,0.0499999999999999,0.2,0.15,0.15,1.1000000000000003,0.5000000000000001,0.5999999999999992,0.7000000000000003,0.8500000000000003,0.4000000000000001,0.5500000000000002,0.9500000000000002,0.6000000000000001,0.3,0.15,0.05,0.0,0.0,0.0,0.0,0.0,0.0,0.0,0.0,0.0,0.0,0.0,0.0,0.0,0.25,0.0999999999999999,0.9000000000000002,0.4500000000000001,0.25,0.8500000000000002,0.6500000000000001,0.5499999999999993,0.5500000000000002,0.6000000000000001,0.25,0.15,0.5000000000000001,0.4500000000000001,0.4000000000000001,0.05,0.0,0.0,0.05,0.0,0.0,0.0,0.0,0.0,0.0,0.0,12,86600178.04526065,3.8633559639398007,2.3425641537354096,600,0.45,0.1,0.5999999999999999,0.5000000000000001,1.3000000000000005,1.4999999999999991,1.9500000000000004,2.0000000000000004,2.2,3.8000000000000007,2.650000000000001,1.8499999999999972,2.0500000000000003,2.0500000000000003,1.2000000000000002,1.15,1.9500000000000004,1.2000000000000002,0.9000000000000002,0.4000000000000001,0.1,0.05,0.05,0.0,0.0,0.0,0.0,0.0,0.0,0.0,6.321274037102248,39.964877650000005,-82.9363578,12,13,182497,C
0.4296464171899748,3.0459682258061824,3.1287201501057,71.92156560774997,1.1223666679474815,2.7893915756630263,0.0,0.7363494539781591,0.967741935483871,0.1382488479262673,0.2764976958525345,0.2764976958525346,1.2442396313364057,1.2442396313364048,0.8294930875576039,2.488479262672812,1.9354838709677424,1.5207373271889404,3.0414746543778803,3.31797235023041,3.59447004608295,3.041474654377881,1.3824884792626733,1.1059907834101386,1.382488479262673,0.8294930875576039,0.8294930875576039,0.4147465437788019,0.1382488479262673,0.0,0.0,0.0,0.0,0.0,0.0,0.0,0.0,0.0,0.1382488479262673,0.1382488479262673,0.1382488479262672,0.1382488479262673,0.5529953917050693,0.691244239631336,0.1382488479262673,1.1059907834101386,0.6912442396313365,0.2764976958525346,0.6912442396313365,0.1382488479262671,0.1382488479262673,0.1382488479262673,0.0,0.1382488479262673,0.0,0.0,0.0,0.1382488479262673,0.0,0.0,0.0,0.0,0.0,0.0,0.0,0.0,0.0,0.0,0.0,0.0,0.0,0.1382488479262673,0.6912442396313365,0.5529953917050687,0.2764976958525346,0.9677419354838712,0.9677419354838712,0.6912442396313365,1.1059907834101383,1.6589861751152049,1.5207373271889404,0.8294930875576038,0.9677419354838712,0.2764976958525346,0.6912442396313365,0.5529953917050692,0.5529953917050692,0.1382488479262673,0.1382488479262673,0.0,0.0,0.0,0.0,0.0,0.0,0.0,0.0,0.0,0.0,0.0,0.0,0.0,0.0,0.0,0.2764976958525346,0.1382488479262673,0.0,0.5529953917050693,0.2764976958525346,0.6912442396313353,1.5207373271889404,1.5207373271889404,0.4147465437788019,0.5529953917050693,0.5529953917050693,0.1382488479262673,0.2764976958525346,0.1382488479262673,0.0,0.0,0.0,0.0,0.0,0.0,0.0,0.0,0.0,0.0,12,13410179.392982982,4.334094641419128,4.952675552258967,217,0.967741935483871,0.1382488479262673,0.2764976958525345,0.2764976958525346,1.2442396313364057,1.2442396313364048,0.8294930875576039,2.4884792626728114,1.9354838709677424,1.5207373271889404,3.041474654377881,3.31797235023041,3.59447004608295,3.041474654377881,1.382488479262673,1.1059907834101386,1.382488479262673,0.8294930875576039,0.8294930875576039,0.4147465437788019,0.1382488479262673,0.0,0.0,0.0,0.0,0.0,0.0,0.0,0.0,0.0,8.734912453506421,40.5562245,-82.830082,12,12,182593,C
0.5747101166461008,2.819409287544521,3.029049322910247,92.51859269286226,1.1535943934089998,2.5617433414043584,0.0,0.6997578692493946,1.89873417721519,0.0,0.3797468354430379,1.5189873417721522,0.7594936708860761,1.1392405063291131,1.518987341772152,1.8987341772151904,3.797468354430381,1.8987341772151904,3.0379746835443044,1.5189873417721498,2.658227848101266,1.1392405063291142,1.5189873417721522,0.7594936708860761,1.1392405063291142,0.379746835443038,2.658227848101266,0.379746835443038,0.0,0.0,0.0,0.0,0.0,0.0,0.0,0.0,0.0,0.0,0.379746835443038,0.0,0.3797468354430379,0.7594936708860761,0.379746835443038,0.3797468354430378,1.139240506329114,1.5189873417721522,1.89873417721519,0.379746835443038,0.7594936708860761,0.7594936708860749,0.7594936708860761,0.379746835443038,0.0,0.0,0.0,0.0,0.379746835443038,0.0,0.0,0.0,0.0,0.0,0.0,0.0,0.0,0.0,0.0,0.0,0.0,0.0,0.0,0.7594936708860761,0.379746835443038,0.7594936708860754,0.379746835443038,0.379746835443038,1.5189873417721522,1.1392405063291142,0.7594936708860761,0.0,0.7594936708860761,0.379746835443038,0.7594936708860761,0.7594936708860761,0.7594936708860761,0.0,0.7594936708860761,0.379746835443038,0.0,0.0,0.0,0.0,0.0,0.0,0.0,0.0,0.0,0.0,0.0,0.0,0.0,0.0,0.0,0.0,0.0,0.0,0.379746835443038,0.379746835443038,1.139240506329114,0.7594936708860749,1.139240506329114,0.0,0.379746835443038,0.0,0.379746835443038,0.379746835443038,1.139240506329114,0.0,0.0,0.0,0.0,0.0,0.0,0.0,0.0,0.0,0.0,0.0,12,1320350.135554031,3.853468979009427,3.17222589123738,79,1.8987341772151896,0.0,0.3797468354430379,1.5189873417721522,0.7594936708860761,1.1392405063291131,1.5189873417721522,1.8987341772151904,3.797468354430381,1.8987341772151904,3.0379746835443044,1.5189873417721498,2.6582278481012667,1.139240506329114,1.5189873417721522,0.7594936708860761,1.139240506329114,0.379746835443038,2.6582278481012667,0.379746835443038,0.0,0.0,0.0,0.0,0.0,0.0,0.0,0.0,0.0,0.0,6.736533028390872,41.022555,-81.8684705,12,13,182621,C
0.6007687473450496,2.774800786560696,2.962705603057905,85.213827338476,1.0680038997092496,2.7538940809968846,0.0,0.5856697819314641,0.8035714285714286,0.5357142857142857,1.6071428571428568,2.678571428571429,1.3392857142857144,0.5357142857142854,2.410714285714286,1.3392857142857146,1.6071428571428577,2.410714285714286,0.2678571428571429,1.8749999999999971,0.5357142857142858,1.6071428571428574,2.1428571428571432,1.0714285714285716,0.8035714285714288,1.6071428571428577,4.821428571428573,0.0,0.0,0.0,0.0,0.0,0.0,0.0,0.0,0.0,0.0,0.0,0.0,0.2678571428571428,0.8035714285714284,2.1428571428571432,0.8035714285714286,0.5357142857142854,1.0714285714285716,0.8035714285714286,0.2678571428571429,1.0714285714285716,0.2678571428571429,0.2678571428571424,0.0,0.2678571428571429,0.0,0.2678571428571429,0.2678571428571429,0.0,0.0,0.0,0.0,0.0,0.0,0.0,0.0,0.0,0.0,0.0,0.0,0.0,0.2678571428571428,0.2678571428571428,0.2678571428571428,0.0,0.5357142857142858,0.0,1.0714285714285716,0.2678571428571429,0.8035714285714286,0.5357142857142858,0.0,0.0,0.2678571428571429,1.0714285714285716,1.6071428571428572,0.5357142857142858,0.2678571428571429,1.0714285714285716,3.482142857142858,0.0,0.0,0.0,0.0,0.0,0.0,0.0,0.0,0.0,0.0,0.0,0.5357142857142857,0.0,0.0,0.2678571428571429,0.0,0.0,0.2678571428571429,0.2678571428571429,0.5357142857142859,0.8035714285714287,0.0,1.607142857142855,0.2678571428571429,0.2678571428571429,0.5357142857142859,0.0,0.2678571428571429,0.5357142857142859,0.8035714285714287,0.0,0.0,0.0,0.0,0.0,0.0,0.0,0.0,0.0,0.0,0.0,12,1638130.8749926025,3.299763445010409,3.537853856888367,112,0.8035714285714286,0.5357142857142857,1.607142857142857,2.6785714285714293,1.3392857142857146,0.5357142857142854,2.410714285714286,1.3392857142857146,1.6071428571428574,2.410714285714286,0.2678571428571429,1.874999999999997,0.5357142857142858,1.6071428571428574,2.1428571428571432,1.0714285714285716,0.8035714285714287,1.6071428571428574,4.821428571428572,0.0,0.0,0.0,0.0,0.0,0.0,0.0,0.0,0.0,0.0,0.0,6.812917388980003,38.9425915,-83.6552935,12,13,182732,C
0.5352896717713225,2.8843692457400816,2.815502837820468,50.461263594028985,1.1168458656779323,2.84297520661157,0.0,0.5206611570247934,0.625,2.5,3.437499999999999,2.1875000000000004,2.8125000000000004,2.8124999999999982,3.437500000000001,0.6250000000000001,1.5625000000000002,1.2500000000000002,0.9375,1.5624999999999978,0.3125,0.9375000000000002,1.2500000000000002,0.9375000000000002,0.6250000000000001,1.5625000000000002,0.6250000000000001,0.0,0.0,0.0,0.0,0.0,0.0,0.0,0.0,0.0,0.0,0.0,0.3124999999999999,0.9375,1.875,0.9375,2.1875000000000004,1.562499999999999,0.9375,0.0,1.5625000000000002,0.9375,0.9375,0.9374999999999988,0.0,0.6250000000000001,0.0,0.0,0.0,0.0,0.0,0.0,0.0,0.0,0.0,0.0,0.0,0.0,0.0,0.0,0.0,0.0,0.0,1.5625,1.2499999999999998,1.2500000000000002,0.0,0.3124999999999998,0.3125,0.3125,0.0,0.3125,0.0,0.3124999999999995,0.3125,0.3125,1.2500000000000002,0.3125,0.0,0.6250000000000001,0.6250000000000001,0.0,0.0,0.0,0.0,0.0,0.0,0.0,0.0,0.0,0.0,0.0,0.0,0.0,0.0,0.0,0.0,0.9374999999999994,2.1875000000000004,0.0,0.0,0.0,0.0,0.0,0.0,0.0,0.0,0.3125,0.0,0.3125,0.0,0.0,0.0,0.0,0.0,0.0,0.0,0.0,0.0,0.0,0.0,0.0,12,654128.2582505138,2.837057165254839,1.550832855909015,96,0.625,2.5,3.4375,2.1875000000000004,2.8125000000000004,2.8124999999999982,3.4375000000000004,0.6250000000000001,1.5625000000000002,1.2500000000000002,0.9375,1.5624999999999976,0.3125,0.9375,1.2500000000000002,0.9375,0.6250000000000001,1.5625000000000002,0.6250000000000001,0.0,0.0,0.0,0.0,0.0,0.0,0.0,0.0,0.0,0.0,0.0,1.4354272493417386,39.11983985,-84.13678915,12,14,182746,C
0.6228438273267262,2.7358586629880226,2.9829117080418475,30.647813443643575,1.0682003823963846,2.5839112343966715,0.0,0.4445214979195562,0.375,0.3,1.6499999999999997,1.2750000000000004,2.4750000000000005,1.724999999999999,1.8750000000000004,2.0250000000000004,2.0250000000000004,2.1750000000000007,1.7250000000000003,2.3249999999999966,2.1750000000000003,0.675,0.975,1.2000000000000002,1.0500000000000005,1.8000000000000005,2.0250000000000004,0.075,0.075,0.0,0.0,0.0,0.0,0.0,0.0,0.0,0.0,0.0,0.225,0.075,1.1249999999999998,0.6000000000000002,1.1250000000000002,1.4999999999999991,1.4250000000000005,1.3500000000000003,1.5750000000000002,0.9750000000000004,0.6750000000000002,0.8999999999999987,0.4500000000000001,0.225,0.375,0.15,0.225,0.3000000000000001,0.075,0.0,0.0,0.0,0.0,0.0,0.0,0.0,0.0,0.0,0.0,0.0,0.15,0.225,0.3749999999999999,0.3,0.375,0.2249999999999998,0.075,0.375,0.075,0.375,0.225,0.0,0.3,0.0,0.225,0.15,0.075,0.075,0.15,0.0,0.0,0.0,0.0,0.0,0.0,0.0,0.0,0.0,0.0,0.0,0.0,0.0,0.0,0.375,0.8250000000000002,0.0,0.225,0.3,0.225,0.3,0.075,0.9749999999999984,0.525,0.225,0.075,0.375,0.525,0.7500000000000001,0.3,0.0,0.075,0.0,0.0,0.0,0.0,0.0,0.0,0.0,0.0,0.0,12,8047769.23703147,4.728311826953664,4.300286777142785,400,0.375,0.3,1.6499999999999997,1.2750000000000004,2.4750000000000005,1.7249999999999988,1.875,2.0250000000000004,2.0250000000000004,2.1750000000000007,1.7250000000000003,2.3249999999999966,2.1750000000000007,0.6750000000000002,0.9750000000000004,1.2000000000000002,1.0500000000000005,1.8000000000000005,2.0250000000000004,0.075,0.075,0.0,0.0,0.0,0.0,0.0,0.0,0.0,0.0,0.0,6.731855444090425,39.0569835,-84.04438475,12,12,182747,C
0.3520675994736192,3.15526357707173,3.172311353788137,74.15808131693392,1.1126620558148974,2.90272373540856,0.0,0.6926070038910506,0.6185567010309279,0.3092783505154639,0.3092783505154638,0.618556701030928,0.0,0.6185567010309274,0.309278350515464,0.309278350515464,1.855670103092784,0.927835051546392,1.237113402061856,2.164948453608244,0.927835051546392,4.020618556701032,2.474226804123712,1.855670103092784,2.783505154639176,2.474226804123712,5.257731958762888,0.927835051546392,0.0,0.0,0.0,0.0,0.0,0.0,0.0,0.0,0.0,0.0,0.0,0.3092783505154639,0.3092783505154638,0.309278350515464,0.0,0.3092783505154637,0.309278350515464,0.0,0.9278350515463918,0.309278350515464,0.309278350515464,0.3092783505154635,0.309278350515464,0.0,0.618556701030928,0.309278350515464,0.0,0.309278350515464,0.309278350515464,0.0,0.0,0.0,0.0,0.0,0.0,0.0,0.0,0.0,0.0,0.0,0.0,0.0,0.0,0.309278350515464,0.0,0.3092783505154637,0.0,0.309278350515464,0.618556701030928,0.618556701030928,0.927835051546392,0.618556701030927,0.309278350515464,3.09278350515464,0.618556701030928,0.309278350515464,2.783505154639176,1.855670103092784,4.63917525773196,0.618556701030928,0.0,0.0,0.0,0.0,0.0,0.0,0.0,0.0,0.0,0.0,0.0,0.0,0.0,0.0,0.0,0.0,0.0,0.0,0.309278350515464,0.0,0.0,0.9278350515463905,0.309278350515464,0.927835051546392,1.237113402061856,1.237113402061856,0.0,0.309278350515464,0.309278350515464,0.309278350515464,0.0,0.0,0.0,0.0,0.0,0.0,0.0,0.0,0.0,0.0,12,1003672.6910207174,2.873556175965816,4.4360155037382505,97,0.6185567010309279,0.3092783505154639,0.3092783505154638,0.618556701030928,0.0,0.6185567010309274,0.309278350515464,0.309278350515464,1.855670103092784,0.927835051546392,1.237113402061856,2.164948453608244,0.927835051546392,4.020618556701032,2.474226804123712,1.855670103092784,2.783505154639176,2.474226804123712,5.257731958762888,0.927835051546392,0.0,0.0,0.0,0.0,0.0,0.0,0.0,0.0,0.0,0.0,4.479400900983738,39.6513285,-83.55637315,12,12,182750,C
0.5569108127126168,2.8490974861503777,3.020141332873802,73.26045807870042,1.057581135246301,2.901664145234493,0.0,0.6263237518910741,0.3146853146853147,0.1048951048951049,0.2097902097902097,0.5244755244755246,0.1048951048951049,0.4195804195804193,1.1538461538461542,1.0489510489510492,1.4685314685314688,1.7832167832167838,1.9930069930069936,2.0979020979020957,1.468531468531469,3.4615384615384626,3.3566433566433576,2.517482517482518,1.8881118881118888,1.9930069930069936,4.090909090909093,0.0,0.0,0.0,0.0,0.0,0.0,0.0,0.0,0.0,0.0,0.0,0.1048951048951049,0.0,0.1048951048951048,0.3146853146853147,0.1048951048951049,0.1048951048951048,0.2097902097902098,0.2097902097902098,0.1048951048951049,0.1048951048951049,0.2097902097902098,0.2097902097902095,0.0,0.0,0.6293706293706295,0.1048951048951049,0.0,0.0,0.0,0.0,0.0,0.0,0.0,0.0,0.0,0.0,0.0,0.0,0.0,0.0,0.0,0.0,0.1048951048951048,0.2097902097902098,0.0,0.3146853146853144,0.4195804195804197,0.5244755244755246,0.4195804195804197,0.6293706293706295,0.7342657342657345,0.5244755244755237,0.7342657342657345,1.8881118881118888,1.8881118881118888,1.363636363636364,0.7342657342657345,1.1538461538461542,3.146853146853148,0.0,0.0,0.0,0.0,0.0,0.0,0.0,0.0,0.0,0.0,0.0,0.0,0.1048951048951049,0.0,0.0,0.0,0.0,0.1048951048951049,0.1048951048951049,0.2097902097902098,0.3146853146853147,0.5244755244755246,0.7342657342657332,0.7342657342657345,1.3636363636363642,0.7342657342657345,0.6293706293706295,0.8391608391608393,0.5244755244755246,0.9440559440559444,0.0,0.0,0.0,0.0,0.0,0.0,0.0,0.0,0.0,0.0,0.0,12,17729133.8589354,3.901833944428712,5.57114261339081,286,0.3146853146853147,0.1048951048951049,0.2097902097902097,0.5244755244755246,0.1048951048951049,0.4195804195804193,1.153846153846154,1.0489510489510492,1.468531468531469,1.7832167832167836,1.9930069930069931,2.097902097902095,1.468531468531469,3.461538461538462,3.3566433566433576,2.517482517482518,1.8881118881118888,1.9930069930069931,4.090909090909092,0.0,0.0,0.0,0.0,0.0,0.0,0.0,0.0,0.0,0.0,0.0,6.463965078552977,40.2776145,-81.58804549999999,12,12,182810,C
0.2859584323155595,3.2433315476681432,3.060754391022145,81.42365719310844,1.079415554357535,2.5758513931888545,0.0,0.6780185758513931,0.7228915662650602,0.3614457831325301,0.36144578313253,1.0843373493975903,1.4457831325301207,1.4457831325301196,0.7228915662650603,2.530120481927711,2.168674698795181,1.4457831325301207,1.8072289156626509,2.168674698795177,1.8072289156626509,2.530120481927711,1.0843373493975903,2.8915662650602414,2.168674698795181,1.0843373493975903,1.4457831325301207,0.7228915662650603,0.0,0.0,0.0,0.0,0.0,0.0,0.0,0.0,0.0,0.0,0.0,0.3614457831325301,0.36144578313253,0.7228915662650605,0.7228915662650605,1.0843373493975896,0.3614457831325302,0.7228915662650605,1.445783132530121,0.0,0.0,1.084337349397589,0.3614457831325302,0.3614457831325302,0.0,0.3614457831325302,0.0,0.0,0.0,0.0,0.0,0.0,0.0,0.0,0.0,0.0,0.0,0.0,0.0,0.0,0.0,0.0,0.0,0.3614457831325302,0.7228915662650603,0.0,0.3614457831325302,0.7228915662650603,0.0,0.7228915662650603,0.0,1.0843373493975887,0.7228915662650603,1.4457831325301207,0.7228915662650603,1.8072289156626509,1.0843373493975903,0.7228915662650603,0.3614457831325302,0.3614457831325302,0.0,0.0,0.0,0.0,0.0,0.0,0.0,0.0,0.0,0.0,0.0,0.0,0.0,0.0,0.0,0.3614457831325299,0.0,0.3614457831325302,0.0,0.0,0.0,0.0,0.3614457831325302,0.7228915662650605,0.0,0.7228915662650605,0.3614457831325302,0.3614457831325302,1.0843373493975903,0.3614457831325302,0.0,0.0,0.0,0.0,0.0,0.0,0.0,0.0,0.0,0.0,12,4698286.138983899,4.842672316801735,2.8413438172414898,83,0.7228915662650602,0.3614457831325301,0.36144578313253,1.0843373493975903,1.445783132530121,1.4457831325301196,0.7228915662650605,2.530120481927712,2.168674698795181,1.445783132530121,1.8072289156626509,2.168674698795177,1.8072289156626509,2.530120481927712,1.0843373493975903,2.891566265060242,2.168674698795181,1.0843373493975903,1.445783132530121,0.7228915662650605,0.0,0.0,0.0,0.0,0.0,0.0,0.0,0.0,0.0,0.0,5.804254597451809,40.973380500000005,-81.89675034999999,12,13,183134,C
0.8798101339581763,2.1480116544914014,2.237063181539574,73.57896492017876,1.050750829974533,3.080597014925373,0.0,0.5601990049751244,0.1134215500945179,0.0,0.2268431001890359,0.4536862003780719,0.7939508506616257,0.2268431001890358,1.3043478260869568,1.3610586011342158,1.3043478260869568,1.9281663516068053,1.2476370510396977,1.758034026465026,1.5311909262759928,1.5311909262759926,2.0982986767485827,2.041587901701324,1.8714555765595464,1.1909262759924388,7.826086956521742,1.1909262759924388,0.0,0.0,0.0,0.0,0.0,0.0,0.0,0.0,0.0,0.0,0.0,0.0,0.1701323251417769,0.2268431001890359,0.2268431001890359,0.0,0.1701323251417769,0.1134215500945179,0.2835538752362949,0.2835538752362949,0.1134215500945179,0.0567107750472588,0.1134215500945179,0.0,0.0567107750472589,0.0567107750472589,0.1701323251417769,0.0567107750472589,0.0,0.0,0.0,0.0,0.0,0.0,0.0,0.0,0.0,0.0,0.0,0.0,0.1134215500945179,0.0,0.0567107750472589,0.1701323251417769,0.0567107750472589,0.0567107750472589,0.3402646502835539,0.396975425330813,0.2268431001890359,0.6805293005671079,0.2268431001890359,0.2835538752362945,0.396975425330813,0.2268431001890359,0.907372400756144,1.3043478260869568,0.8506616257088849,0.6805293005671079,6.068052930056713,0.964083175803403,0.0,0.0,0.0,0.0,0.0,0.0,0.0,0.0,0.0,0.0,0.0,0.0,0.0,0.0,0.1134215500945179,0.0567107750472589,0.1701323251417769,0.5103969754253309,0.2835538752362949,0.3969754253308129,0.2268431001890359,0.567107750472589,0.2268431001890359,0.6805293005671078,0.6238185255198488,0.5671077504725898,0.7372400756143669,0.4536862003780719,1.5311909262759928,0.2268431001890359,0.0,0.0,0.0,0.0,0.0,0.0,0.0,0.0,0.0,0.0,12,47482253.25475921,3.976652944359929,3.904327975771856,529,0.1134215500945179,0.0,0.2268431001890358,0.4536862003780719,0.793950850661626,0.2268431001890357,1.3043478260869568,1.3610586011342156,1.3043478260869568,1.9281663516068055,1.2476370510396977,1.7580340264650258,1.5311909262759928,1.5311909262759928,2.0982986767485827,2.041587901701324,1.8714555765595464,1.1909262759924388,7.826086956521741,1.1909262759924388,0.0,0.0,0.0,0.0,0.0,0.0,0.0,0.0,0.0,0.0,7.779424459921404,40.845034,-84.3324755,12,12,183313,C
0.9189635342564793,2.0117025630808625,2.0932732669145917,81.27228754552667,1.054810984054472,2.7467532467532467,0.0,0.4967532467532468,0.0,0.0,0.0,0.2678571428571429,0.0,0.0,0.0,0.2678571428571429,2.410714285714286,3.2142857142857144,0.5357142857142858,2.4107142857142825,1.8750000000000004,1.3392857142857144,4.55357142857143,4.285714285714287,1.3392857142857144,0.5357142857142859,6.160714285714288,0.8035714285714287,0.0,0.0,0.0,0.0,0.0,0.0,0.0,0.0,0.0,0.0,0.0,0.0,0.0,0.0,0.0,0.0,0.0,0.0,0.0,0.8035714285714286,0.0,0.0,0.0,0.0,0.0,0.0,0.0,0.0,0.0,0.0,0.0,0.0,0.0,0.0,0.0,0.0,0.0,0.0,0.0,0.0,0.0,0.0,0.0,0.2678571428571429,0.0,0.0,0.0,0.0,0.8035714285714286,0.8035714285714286,0.0,0.0,0.0,0.2678571428571429,2.1428571428571432,2.410714285714286,0.8035714285714286,0.0,1.6071428571428572,0.0,0.0,0.0,0.0,0.0,0.0,0.0,0.0,0.0,0.0,0.0,0.0,0.0,0.0,0.0,0.0,0.0,0.0,0.2678571428571429,1.6071428571428574,1.0714285714285718,0.0,1.607142857142855,0.8035714285714287,0.8035714285714287,1.8750000000000009,1.6071428571428574,0.0,0.5357142857142859,4.553571428571431,0.8035714285714287,0.0,0.0,0.0,0.0,0.0,0.0,0.0,0.0,0.0,0.0,12,5465784.648439814,2.8454713738271966,2.0412358059565303,112,0.0,0.0,0.0,0.2678571428571429,0.0,0.0,0.0,0.2678571428571429,2.410714285714286,3.214285714285715,0.5357142857142858,2.410714285714282,1.8750000000000004,1.3392857142857146,4.55357142857143,4.285714285714287,1.3392857142857146,0.5357142857142858,6.160714285714287,0.8035714285714287,0.0,0.0,0.0,0.0,0.0,0.0,0.0,0.0,0.0,0.0,2.690121564792147,34.7947439,-96.9605365,12,13,184239,C
0.7253358339563507,2.537936898292065,2.586065229306952,87.34955489982674,1.0972618409706176,2.75801749271137,0.0,0.6880466472303207,1.5517241379310345,0.0,0.2586206896551724,0.2586206896551725,0.2586206896551725,0.2586206896551722,0.7758620689655173,1.551724137931035,1.5517241379310351,2.06896551724138,1.8103448275862075,0.5172413793103441,2.844827586206897,2.06896551724138,3.362068965517242,2.06896551724138,1.8103448275862075,3.1034482758620694,3.362068965517242,0.517241379310345,0.0,0.0,0.0,0.0,0.0,0.0,0.0,0.0,0.0,0.0,0.0,0.0,0.0,0.2586206896551725,0.2586206896551725,0.2586206896551722,0.7758620689655173,0.517241379310345,0.2586206896551725,0.0,0.0,0.0,0.0,0.0,0.2586206896551725,0.0,0.0,0.7758620689655173,0.0,0.0,0.0,0.0,0.0,0.0,0.0,0.0,0.0,0.0,0.0,0.0,0.0,0.0,0.2586206896551724,0.0,0.0,0.0,0.0,0.517241379310345,1.03448275862069,1.03448275862069,0.7758620689655175,0.5172413793103441,1.551724137931035,1.2931034482758623,1.551724137931035,0.2586206896551725,1.2931034482758623,0.7758620689655175,0.7758620689655175,0.0,0.0,0.0,0.0,0.0,0.0,0.0,0.0,0.0,0.0,0.0,0.0,0.0,0.0,0.0,0.0,0.0,0.0,0.0,0.0,0.2586206896551725,0.2586206896551725,0.0,0.517241379310345,0.7758620689655175,1.03448275862069,1.8103448275862075,0.517241379310345,1.2931034482758623,2.5862068965517246,0.517241379310345,0.0,0.0,0.0,0.0,0.0,0.0,0.0,0.0,0.0,0.0,12,5359455.546400456,2.9183284746157003,3.139287911225809,116,1.5517241379310345,0.0,0.2586206896551724,0.2586206896551725,0.2586206896551725,0.2586206896551722,0.7758620689655173,1.5517241379310347,1.5517241379310347,2.06896551724138,1.8103448275862075,0.5172413793103441,2.844827586206897,2.06896551724138,3.3620689655172424,2.06896551724138,1.8103448275862075,3.1034482758620694,3.3620689655172424,0.517241379310345,0.0,0.0,0.0,0.0,0.0,0.0,0.0,0.0,0.0,0.0,4.529097153336388,36.198676,-95.1666155,12,13,184945,C
0.5877152846302485,2.7973226300294365,2.805239093499769,91.9399730229988,1.0619677972804922,2.8454258675078865,0.0,0.5930599369085173,0.4838709677419355,0.0,0.2419354838709676,0.2419354838709678,0.2419354838709678,0.9677419354838704,0.4838709677419356,2.17741935483871,0.7258064516129035,1.6935483870967745,1.4516129032258067,1.4516129032258045,2.661290322580645,3.387096774193549,2.419354838709678,4.35483870967742,3.145161290322581,1.6935483870967745,1.6935483870967745,0.2419354838709678,0.2419354838709677,0.0,0.0,0.0,0.0,0.0,0.0,0.0,0.0,0.0,0.0,0.0,0.2419354838709676,0.0,0.0,0.7258064516129027,0.0,0.0,0.0,0.0,0.4838709677419356,0.0,0.0,0.0,0.2419354838709678,0.0,0.2419354838709678,0.0,0.0,0.0,0.0,0.0,0.0,0.0,0.0,0.0,0.0,0.0,0.0,0.0,0.0,0.0,0.0,0.2419354838709678,0.2419354838709678,0.0,0.2419354838709678,1.4516129032258067,0.2419354838709678,1.209677419354839,0.4838709677419356,0.2419354838709674,1.209677419354839,0.7258064516129034,0.7258064516129034,3.387096774193549,0.7258064516129034,0.7258064516129034,0.7258064516129034,0.0,0.0,0.0,0.0,0.0,0.0,0.0,0.0,0.0,0.0,0.0,0.2419354838709677,0.0,0.0,0.0,0.0,0.2419354838709676,0.2419354838709678,0.4838709677419356,0.4838709677419356,0.2419354838709678,0.2419354838709678,0.4838709677419348,0.9677419354838712,0.9677419354838712,0.4838709677419356,0.7258064516129034,0.9677419354838712,0.4838709677419356,0.9677419354838712,0.2419354838709678,0.0,0.0,0.0,0.0,0.0,0.0,0.0,0.0,0.0,0.0,12,7426342.954149798,1.733781643009279,4.044897213811928,124,0.4838709677419355,0.0,0.2419354838709677,0.2419354838709678,0.2419354838709678,0.9677419354838704,0.4838709677419356,2.17741935483871,0.7258064516129034,1.693548387096775,1.4516129032258067,1.4516129032258045,2.661290322580645,3.3870967741935494,2.419354838709678,4.35483870967742,3.1451612903225814,1.693548387096775,1.693548387096775,0.2419354838709678,0.2419354838709678,0.0,0.0,0.0,0.0,0.0,0.0,0.0,0.0,0.0,5.778925411465291,36.5953078,-101.6233343,13,12,185072,C
0.5689855486305828,2.829024165256332,2.8609164795886,112.7648232639181,1.073722835632224,2.8898876404494382,0.0,0.6674157303370787,0.3296703296703296,0.3296703296703296,0.1648351648351647,0.4945054945054946,0.6593406593406594,0.4945054945054942,0.8241758241758244,0.1648351648351649,2.1428571428571432,1.8131868131868136,2.1428571428571432,2.3076923076923044,1.8131868131868136,2.472527472527473,2.472527472527473,2.1428571428571432,1.1538461538461542,2.3076923076923084,4.615384615384616,0.9890109890109892,0.1648351648351648,0.0,0.0,0.0,0.0,0.0,0.0,0.0,0.0,0.0,0.3296703296703296,0.0,0.0,0.1648351648351649,0.0,0.0,0.1648351648351649,0.0,0.1648351648351649,0.1648351648351649,0.0,0.1648351648351645,0.0,0.0,0.3296703296703298,0.1648351648351649,0.3296703296703298,0.1648351648351649,0.0,0.0,0.0,0.0,0.0,0.0,0.0,0.0,0.0,0.0,0.0,0.0,0.0,0.3296703296703296,0.1648351648351647,0.3296703296703297,0.6593406593406594,0.1648351648351647,0.3296703296703297,0.0,0.4945054945054945,0.3296703296703297,0.3296703296703297,0.3296703296703292,0.1648351648351648,0.989010989010989,0.1648351648351648,0.4945054945054945,0.0,0.4945054945054945,0.4945054945054945,0.0,0.1648351648351648,0.0,0.0,0.0,0.0,0.0,0.0,0.0,0.0,0.0,0.0,0.0,0.0,0.0,0.0,0.3296703296703294,0.3296703296703298,0.1648351648351649,0.6593406593406596,0.6593406593406596,0.8241758241758244,0.3296703296703292,0.3296703296703298,0.6593406593406596,1.318681318681319,0.9890109890109892,0.4945054945054946,1.6483516483516487,3.9560439560439566,0.8241758241758244,0.0,0.0,0.0,0.0,0.0,0.0,0.0,0.0,0.0,0.0,12,28841129.460869014,3.0477449016761966,5.020962158447044,182,0.3296703296703296,0.3296703296703296,0.1648351648351648,0.4945054945054946,0.6593406593406596,0.4945054945054942,0.8241758241758244,0.1648351648351649,2.142857142857144,1.8131868131868132,2.142857142857144,2.3076923076923044,1.8131868131868132,2.472527472527473,2.472527472527473,2.142857142857144,1.1538461538461542,2.3076923076923084,4.615384615384617,0.9890109890109892,0.1648351648351649,0.0,0.0,0.0,0.0,0.0,0.0,0.0,0.0,0.0,6.900275902648183,34.232012100000006,-95.62829785,12,12,185092,C
0.4369564885839584,3.0352962331028426,2.8996356007718025,92.34735208606044,1.10094070671417,2.809917355371901,0.0,0.6743801652892562,0.4265402843601895,0.2843601895734597,0.9952606635071088,0.8530805687203793,1.421800947867299,1.1374407582938382,0.9952606635071092,0.8530805687203793,1.5639810426540288,2.9857819905213274,2.274881516587678,2.417061611374404,3.1279620853080576,1.5639810426540288,1.8483412322274884,2.1327014218009483,1.137440758293839,0.8530805687203793,2.8436018957345977,0.1421800947867299,0.1421800947867299,0.0,0.0,0.0,0.0,0.0,0.0,0.0,0.0,0.0,0.0,0.1421800947867298,0.1421800947867298,0.1421800947867299,0.5687203791469196,0.5687203791469191,0.4265402843601896,0.2843601895734598,0.4265402843601896,0.8530805687203793,0.1421800947867299,0.1421800947867296,0.4265402843601896,0.2843601895734598,0.7109004739336494,0.0,0.2843601895734598,0.1421800947867299,0.1421800947867299,0.0,0.0,0.0,0.0,0.0,0.0,0.0,0.0,0.0,0.0,0.0,0.0,0.1421800947867298,0.0,0.0,0.2843601895734597,0.1421800947867297,0.0,0.2843601895734597,0.5687203791469195,0.8530805687203793,1.5639810426540286,0.4265402843601889,0.9952606635071092,0.2843601895734597,0.5687203791469195,0.9952606635071092,0.4265402843601896,0.0,1.137440758293839,0.0,0.0,0.0,0.0,0.0,0.0,0.0,0.0,0.0,0.0,0.0,0.0,0.0,0.0,0.0,0.1421800947867299,0.0,0.1421800947867299,0.0,0.4265402843601896,0.5687203791469196,0.2843601895734598,1.4218009478672964,1.1374407582938393,0.7109004739336494,0.5687203791469196,1.1374407582938393,0.4265402843601896,0.7109004739336494,1.5639810426540286,0.1421800947867299,0.1421800947867299,0.0,0.0,0.0,0.0,0.0,0.0,0.0,0.0,0.0,12,15626186.86906032,3.6522250695931726,7.104390380575904,211,0.4265402843601896,0.2843601895734597,0.9952606635071088,0.8530805687203793,1.4218009478672988,1.1374407582938382,0.9952606635071092,0.8530805687203793,1.5639810426540286,2.9857819905213274,2.274881516587678,2.417061611374404,3.127962085308057,1.5639810426540286,1.8483412322274888,2.1327014218009483,1.137440758293839,0.8530805687203793,2.8436018957345977,0.1421800947867298,0.1421800947867298,0.0,0.0,0.0,0.0,0.0,0.0,0.0,0.0,0.0,8.110375786372533,34.9184295,-95.300554,12,12,185130,C
0.8488315341520682,2.2405909529584265,2.2795324157180743,134.6435887350996,1.1142598393602776,2.5121951219512195,0.0,0.5853658536585366,0.0,0.0,0.0,0.0,0.0,0.0,0.0,0.0,0.0,3.333333333333334,0.0,0.0,3.333333333333334,5.000000000000002,1.666666666666667,1.666666666666667,1.666666666666667,6.666666666666668,6.666666666666668,0.0,0.0,0.0,0.0,0.0,0.0,0.0,0.0,0.0,0.0,0.0,0.0,0.0,0.0,0.0,0.0,0.0,0.0,0.0,0.0,0.0,0.0,0.0,0.0,0.0,0.0,0.0,0.0,0.0,0.0,0.0,0.0,0.0,0.0,0.0,0.0,0.0,0.0,0.0,0.0,0.0,0.0,0.0,0.0,0.0,0.0,0.0,0.0,0.0,0.0,3.333333333333334,0.0,0.0,0.0,0.0,1.666666666666667,0.0,1.666666666666667,0.0,3.333333333333334,0.0,0.0,0.0,0.0,0.0,0.0,0.0,0.0,0.0,0.0,0.0,0.0,0.0,0.0,0.0,0.0,0.0,0.0,0.0,0.0,0.0,0.0,0.0,1.666666666666667,1.666666666666667,0.0,1.666666666666667,0.0,5.000000000000001,1.666666666666667,0.0,0.0,0.0,0.0,0.0,0.0,0.0,0.0,0.0,0.0,0.0,12,1590955.8584551336,4.246262514029164,3.146336620787042,18,0.0,0.0,0.0,0.0,0.0,0.0,0.0,0.0,0.0,3.333333333333334,0.0,0.0,3.333333333333334,5.000000000000001,1.666666666666667,1.666666666666667,1.666666666666667,6.666666666666668,6.666666666666668,0.0,0.0,0.0,0.0,0.0,0.0,0.0,0.0,0.0,0.0,0.0,4.464221039616088,35.5327815,-95.4870295,12,13,185150,C
0.7554185823988658,2.473024711329172,2.567494446830753,83.67283236340695,1.0692367426698308,2.48018648018648,0.0,0.5897435897435898,0.0,0.3370786516853932,0.0,0.3370786516853933,0.0,0.0,1.3483146067415734,1.3483146067415732,2.359550561797753,4.7191011235955065,2.359550561797753,1.0112359550561782,1.6853932584269669,2.3595505617977537,2.696629213483146,3.3707865168539337,3.7078651685393273,0.6741573033707866,1.3483146067415732,0.0,0.3370786516853933,0.0,0.0,0.0,0.0,0.0,0.0,0.0,0.0,0.0,0.0,0.0,0.0,0.0,0.0,0.0,0.0,0.6741573033707866,1.0112359550561798,2.6966292134831464,0.3370786516853933,0.0,0.0,0.0,0.3370786516853933,0.3370786516853933,0.0,0.0,0.0,0.0,0.0,0.0,0.0,0.0,0.0,0.0,0.0,0.0,0.0,0.0,0.0,0.3370786516853932,0.0,0.3370786516853933,0.0,0.0,0.6741573033707866,0.3370786516853933,0.6741573033707866,1.0112359550561798,1.3483146067415732,0.0,0.3370786516853933,0.3370786516853933,1.0112359550561798,0.6741573033707866,0.3370786516853933,0.3370786516853933,0.3370786516853933,0.0,0.0,0.0,0.0,0.0,0.0,0.0,0.0,0.0,0.0,0.0,0.0,0.0,0.0,0.0,0.0,0.0,0.3370786516853933,0.0,0.3370786516853933,0.6741573033707867,0.3370786516853933,0.6741573033707855,0.6741573033707867,0.6741573033707867,1.0112359550561798,2.3595505617977537,3.3707865168539333,0.3370786516853933,1.0112359550561798,0.0,0.0,0.0,0.0,0.0,0.0,0.0,0.0,0.0,0.0,0.0,12,6842113.717344792,3.535031858447008,2.2651831502254938,89,0.0,0.3370786516853932,0.0,0.3370786516853933,0.0,0.0,1.3483146067415734,1.3483146067415734,2.359550561797753,4.7191011235955065,2.359550561797753,1.0112359550561782,1.6853932584269666,2.359550561797753,2.696629213483147,3.3707865168539333,3.7078651685393273,0.6741573033707867,1.3483146067415734,0.0,0.3370786516853933,0.0,0.0,0.0,0.0,0.0,0.0,0.0,0.0,0.0,4.365465014340845,46.03095,-123.914233,12,13,186205,C
0.4598680509387683,3.001390860699793,3.087553241396032,85.47892826093846,1.0600781984517962,2.557522123893805,0.0,0.6592920353982301,0.0,0.5263157894736842,0.5263157894736841,0.0,0.5263157894736843,2.1052631578947354,2.631578947368421,0.0,1.0526315789473686,3.1578947368421058,2.105263157894737,0.5263157894736834,0.5263157894736843,3.68421052631579,2.631578947368421,2.105263157894737,2.105263157894737,2.105263157894737,3.6842105263157903,0.0,0.0,0.0,0.0,0.0,0.0,0.0,0.0,0.0,0.0,0.0,0.0,0.0,0.0,0.0,0.0,0.5263157894736838,0.5263157894736843,0.0,0.5263157894736843,1.5789473684210529,0.0,0.0,0.0,0.0,1.0526315789473686,0.5263157894736843,0.0,0.0,0.0,0.0,0.0,0.0,0.0,0.0,0.0,0.0,0.0,0.0,0.0,0.0,0.0,0.0,0.0,0.0,0.5263157894736843,1.5789473684210515,1.5789473684210529,0.0,0.0,0.5263157894736843,0.0,0.0,0.5263157894736843,2.105263157894737,1.5789473684210529,1.0526315789473686,0.0,0.0,1.0526315789473686,0.0,0.0,0.0,0.0,0.0,0.0,0.0,0.0,0.0,0.0,0.0,0.0,0.5263157894736842,0.5263157894736841,0.0,0.0,0.0,0.5263157894736843,0.0,0.5263157894736843,1.0526315789473686,1.5789473684210529,0.5263157894736834,0.0,0.5263157894736843,0.0,0.5263157894736843,1.0526315789473686,1.0526315789473686,2.105263157894737,0.0,0.0,0.0,0.0,0.0,0.0,0.0,0.0,0.0,0.0,0.0,12,2803725.342479017,2.939844938389025,2.1541680400818586,57,0.0,0.5263157894736842,0.5263157894736841,0.0,0.5263157894736843,2.1052631578947354,2.6315789473684217,0.0,1.0526315789473686,3.1578947368421058,2.105263157894737,0.5263157894736835,0.5263157894736843,3.6842105263157903,2.6315789473684217,2.105263157894737,2.105263157894737,2.105263157894737,3.6842105263157903,0.0,0.0,0.0,0.0,0.0,0.0,0.0,0.0,0.0,0.0,0.0,2.4956878754521115,42.4346385,-123.170386,12,13,186366,C
0.7740634270273342,2.43077063276675,2.638992725052179,63.46714652282809,1.1306240097176008,2.923325262308313,0.0,0.536723163841808,0.3984819734345351,0.5123339658444023,1.081593927893738,1.4800759013282736,1.2523719165085392,1.4231499051233387,1.8785578747628089,2.277039848197344,1.8785578747628089,1.992409867172676,1.7647058823529416,1.0815939278937363,1.0815939278937383,2.1062618595825437,2.1062618595825437,1.42314990512334,2.789373814041747,1.4231499051233398,1.7647058823529411,0.2277039848197344,0.0569259962049336,0.0,0.0,0.0,0.0,0.0,0.0,0.0,0.0,0.0,0.1138519924098671,0.2846299810246679,0.4554079696394686,0.7400379506641368,1.138519924098672,1.0815939278937374,1.1954459203036054,1.0815939278937383,0.6261859582542696,0.5123339658444024,0.284629981024668,0.2846299810246675,0.1707779886148007,0.1707779886148007,0.3415559772296015,0.0,0.284629981024668,0.0569259962049336,0.1138519924098672,0.0,0.0,0.0,0.0,0.0,0.0,0.0,0.0,0.0,0.0,0.0,0.0569259962049335,0.1707779886148007,0.398481973434535,0.4554079696394688,0.0569259962049336,0.1707779886148006,0.4554079696394688,0.569259962049336,0.7400379506641368,0.569259962049336,0.5123339658444024,0.113851992409867,0.2277039848197344,0.4554079696394688,0.569259962049336,1.138519924098672,1.6508538899430745,0.853889943074004,0.6831119544592031,0.1138519924098672,0.0,0.0,0.0,0.0,0.0,0.0,0.0,0.0,0.0,0.0,0.0,0.0,0.1138519924098671,0.284629981024668,0.0569259962049336,0.1707779886148006,0.1138519924098672,0.4554079696394688,0.2277039848197344,0.6261859582542696,0.569259962049336,0.2846299810246674,0.569259962049336,0.6261859582542696,0.3984819734345352,0.2277039848197344,0.7400379506641368,0.3984819734345352,0.3415559772296015,0.1138519924098672,0.0569259962049336,0.0,0.0,0.0,0.0,0.0,0.0,0.0,0.0,0.0,12,45147944.43751605,4.003875864921138,3.178472593086597,527,0.3984819734345351,0.5123339658444023,1.081593927893738,1.4800759013282736,1.2523719165085392,1.4231499051233387,1.8785578747628089,2.277039848197344,1.8785578747628089,1.992409867172676,1.7647058823529416,1.0815939278937363,1.0815939278937383,2.1062618595825437,2.1062618595825437,1.4231499051233398,2.7893738140417463,1.4231499051233398,1.7647058823529416,0.2277039848197344,0.0569259962049336,0.0,0.0,0.0,0.0,0.0,0.0,0.0,0.0,0.0,6.834006681073912,44.854419500000006,-123.1965255,12,13,186484,C
0.5001287835876196,2.9400205340394825,3.001807341415624,75.023551093746,1.049885934184381,2.6153846153846154,0.0,0.5769230769230769,0.625,0.9375,1.2499999999999998,0.3125,0.9375000000000002,0.3124999999999998,0.9375000000000002,1.2500000000000002,1.8750000000000004,4.375000000000001,3.125000000000001,2.812499999999996,1.8750000000000004,1.2500000000000002,0.3125,2.500000000000001,0.9375000000000002,2.5000000000000004,1.5625000000000004,0.3125,0.0,0.0,0.0,0.0,0.0,0.0,0.0,0.0,0.0,0.0,0.3125,0.625,0.9375,0.3125,0.6250000000000001,0.3124999999999998,0.6250000000000001,0.3125,0.3125,0.3125,0.0,0.0,0.3125,0.0,0.0,0.3125,0.0,0.3125,0.0,0.3125,0.0,0.0,0.0,0.0,0.0,0.0,0.0,0.0,0.0,0.0,0.3125,0.0,0.3124999999999999,0.0,0.3125,0.0,0.3125,0.3125,0.6250000000000001,1.5625000000000004,0.3125,0.3124999999999995,0.3125,0.3125,0.3125,0.6250000000000001,0.3125,1.8750000000000004,0.6250000000000001,0.0,0.0,0.0,0.0,0.0,0.0,0.0,0.0,0.0,0.0,0.0,0.0,0.0,0.0,0.0,0.0,0.0,0.0,0.6250000000000001,0.6250000000000001,2.5000000000000004,1.8750000000000004,0.0,0.9375000000000002,0.9375000000000002,0.0,0.6250000000000001,0.3125,0.0,0.3125,0.0,0.0,0.0,0.0,0.0,0.0,0.0,0.0,0.0,0.0,0.0,12,7600068.025964647,2.4845586296189577,1.359022649028222,96,0.625,0.9375,1.2499999999999998,0.3125,0.9375,0.3124999999999998,0.9375,1.2500000000000002,1.875,4.375000000000001,3.1250000000000004,2.812499999999996,1.875,1.2500000000000002,0.3125,2.5000000000000004,0.9375,2.5000000000000004,1.5625000000000002,0.3125,0.0,0.0,0.0,0.0,0.0,0.0,0.0,0.0,0.0,0.0,2.202721566970049,45.7146899,-123.93463665,12,14,186497,C
0.5420006449316422,2.873510778516805,3.033705257882944,85.67435251771315,1.0661282094315665,2.5139664804469275,0.0,0.5605214152700186,0.2499999999999999,0.75,0.2499999999999999,0.25,0.7500000000000002,2.9999999999999982,0.5000000000000001,2.7500000000000004,2.5000000000000004,3.0000000000000004,2.5000000000000004,0.4999999999999993,1.5000000000000004,2.2500000000000004,1.0000000000000002,1.7500000000000004,1.5000000000000002,2.0000000000000004,2.5000000000000004,0.0,0.25,0.25,0.0,0.0,0.0,0.0,0.0,0.0,0.0,0.0,0.2499999999999999,0.0,0.0,0.25,0.25,0.0,0.25,0.5000000000000001,0.0,0.0,0.25,0.0,0.25,0.0,0.0,0.25,0.0,0.0,0.5000000000000001,0.0,0.0,0.0,0.0,0.0,0.0,0.0,0.0,0.0,0.0,0.0,0.0,0.75,0.0,0.0,0.25,0.0,0.0,1.5000000000000002,0.25,1.5000000000000002,0.7500000000000001,0.2499999999999996,0.5000000000000001,1.0000000000000002,0.5000000000000001,1.0000000000000002,0.7500000000000001,1.7500000000000004,1.0000000000000002,0.0,0.0,0.0,0.0,0.0,0.0,0.0,0.0,0.0,0.0,0.0,0.0,0.0,0.0,0.0,0.25,0.2499999999999998,0.0,0.5000000000000001,2.0000000000000004,1.2500000000000002,1.2500000000000002,0.2499999999999996,0.25,1.2500000000000002,0.25,0.5000000000000001,0.5000000000000001,0.25,0.25,0.0,0.0,0.25,0.0,0.0,0.0,0.0,0.0,0.0,0.0,0.0,12,22364217.257240474,2.9978283283803613,4.6524654064626665,120,0.25,0.75,0.2499999999999999,0.25,0.7500000000000001,2.9999999999999982,0.5000000000000001,2.7500000000000004,2.5000000000000004,3.0000000000000004,2.5000000000000004,0.4999999999999993,1.5000000000000002,2.2500000000000004,1.0000000000000002,1.7500000000000004,1.5000000000000002,2.0000000000000004,2.5000000000000004,0.0,0.25,0.25,0.0,0.0,0.0,0.0,0.0,0.0,0.0,0.0,5.362369735003365,43.7448065,-122.4674195,12,12,186718,C
0.3193597453501184,3.19937032092883,3.2954517262219465,110.90695294640736,1.1421976565948124,2.5328467153284677,0.0,0.5766423357664233,0.46875,0.46875,0.9374999999999998,0.0,0.4687500000000001,0.0,0.4687500000000001,3.281250000000001,4.218750000000001,4.218750000000001,3.750000000000001,0.4687499999999993,0.4687500000000001,3.75,3.750000000000001,1.4062500000000004,0.9375000000000002,0.4687500000000001,0.4687500000000001,0.0,0.0,0.0,0.0,0.0,0.0,0.0,0.0,0.0,0.0,0.0,0.46875,0.46875,0.0,0.0,0.0,0.0,0.0,1.4062500000000002,0.4687500000000001,0.9375000000000002,0.0,0.0,0.0,0.4687500000000001,0.0,0.0,0.0,0.0,0.0,0.0,0.0,0.0,0.0,0.0,0.0,0.0,0.0,0.0,0.0,0.0,0.0,0.0,0.9374999999999998,0.0,0.4687500000000001,0.0,0.0,1.8750000000000004,1.8750000000000004,2.3437500000000004,3.281250000000001,0.4687499999999993,0.0,1.40625,2.3437500000000004,0.4687500000000001,0.0,0.4687500000000001,0.4687500000000001,0.0,0.0,0.0,0.0,0.0,0.0,0.0,0.0,0.0,0.0,0.0,0.0,0.0,0.0,0.0,0.0,0.0,0.4687500000000001,0.0,1.8750000000000004,0.9375000000000002,0.4687500000000001,0.0,0.4687500000000001,0.9375000000000002,0.4687500000000001,0.9375000000000002,0.4687500000000001,0.0,0.0,0.0,0.0,0.0,0.0,0.0,0.0,0.0,0.0,0.0,0.0,0.0,12,1422908.8469323558,4.305952159833163,3.144333640676865,64,0.46875,0.46875,0.9374999999999998,0.0,0.4687500000000001,0.0,0.4687500000000001,3.281250000000001,4.218750000000001,4.218750000000001,3.750000000000001,0.4687499999999993,0.4687500000000001,3.750000000000001,3.750000000000001,1.4062500000000002,0.9375000000000002,0.4687500000000001,0.4687500000000001,0.0,0.0,0.0,0.0,0.0,0.0,0.0,0.0,0.0,0.0,0.0,5.863830157013092,43.5861844,-124.17230115,12,13,186758,C
0.398710368564342,3.0903922296673607,3.2437183415932216,79.31096655642327,1.1920098989701204,2.7467105263157894,0.0,0.5427631578947368,0.5687203791469195,1.2796208530805686,1.8483412322274877,3.270142180094788,4.123222748815167,2.7014218009478657,2.985781990521328,1.279620853080569,1.8483412322274888,1.8483412322274888,0.8530805687203793,1.279620853080567,0.8530805687203793,0.2843601895734597,1.137440758293839,0.5687203791469195,0.7109004739336494,0.5687203791469195,1.563981042654029,0.4265402843601896,0.0,0.0,0.0,0.0,0.0,0.0,0.0,0.0,0.0,0.0,0.1421800947867298,0.5687203791469194,1.563981042654028,1.8483412322274888,1.279620853080569,0.5687203791469191,0.7109004739336495,0.8530805687203793,0.7109004739336495,0.4265402843601896,0.1421800947867298,0.2843601895734593,0.2843601895734597,0.0,0.0,0.1421800947867298,0.0,0.0,0.1421800947867298,0.0,0.0,0.0,0.0,0.0,0.0,0.0,0.0,0.0,0.0,0.0,0.1421800947867298,0.5687203791469194,0.2843601895734596,0.8530805687203793,1.137440758293839,0.5687203791469191,0.8530805687203793,0.1421800947867298,0.4265402843601896,0.2843601895734597,0.4265402843601896,0.426540284360189,0.1421800947867298,0.1421800947867298,0.4265402843601896,0.2843601895734597,0.1421800947867298,0.2843601895734597,0.2843601895734597,0.2843601895734597,0.0,0.0,0.0,0.0,0.0,0.0,0.0,0.0,0.0,0.0,0.0,0.1421800947867298,0.0,0.4265402843601896,1.137440758293839,1.1374407582938384,1.137440758293839,0.1421800947867298,0.4265402843601896,0.7109004739336495,0.1421800947867298,0.2843601895734593,0.4265402843601896,0.1421800947867298,0.4265402843601896,0.0,0.1421800947867298,0.1421800947867298,0.0,0.0,0.0,0.0,0.0,0.0,0.0,0.0,0.0,0.0,0.0,0.0,12,5003876.762327243,3.2656181856747715,5.634311406191962,211,0.5687203791469194,1.2796208530805686,1.848341232227488,3.2701421800947874,4.123222748815167,2.7014218009478657,2.9857819905213274,1.279620853080569,1.8483412322274888,1.8483412322274888,0.8530805687203793,1.2796208530805668,0.8530805687203793,0.2843601895734597,1.137440758293839,0.5687203791469195,0.7109004739336494,0.5687203791469195,1.5639810426540286,0.4265402843601896,0.0,0.0,0.0,0.0,0.0,0.0,0.0,0.0,0.0,0.0,6.649871342213305,44.4177553,-118.95073905,12,12,186802,C
0.5098375808181537,2.9248549769880894,2.9873637527319103,71.90199380087398,1.054492752295065,2.997658079625293,0.0,0.5995316159250585,0.2955665024630541,0.0,0.5911330049261083,0.4433497536945814,0.5911330049261085,1.6256157635467972,1.7733990147783256,1.9211822660098528,2.2167487684729075,2.807881773399016,1.6256157635467985,2.0689655172413763,1.7733990147783256,2.5123152709359613,1.7733990147783256,2.06896551724138,1.9211822660098528,2.3645320197044346,1.6256157635467985,0.0,0.0,0.0,0.0,0.0,0.0,0.0,0.0,0.0,0.0,0.0,0.147783251231527,0.0,0.147783251231527,0.0,0.0,0.147783251231527,0.1477832512315271,0.4433497536945814,0.0,0.2955665024630542,0.0,0.0,0.0,0.1477832512315271,0.1477832512315271,0.0,0.1477832512315271,0.0,0.1477832512315271,0.0,0.0,0.0,0.0,0.0,0.0,0.0,0.0,0.0,0.0,0.0,0.1477832512315271,0.0,0.2955665024630541,0.4433497536945814,0.1477832512315271,0.738916256157635,0.1477832512315271,0.8866995073891628,1.0344827586206902,1.0344827586206902,0.7389162561576356,1.182266009852215,0.5911330049261085,1.182266009852217,0.4433497536945814,0.8866995073891628,1.3300492610837442,2.0689655172413803,1.3300492610837442,0.0,0.0,0.0,0.0,0.0,0.0,0.0,0.0,0.0,0.0,0.0,0.0,0.0,0.147783251231527,0.0,0.4433497536945814,0.295566502463054,0.7389162561576357,0.5911330049261085,0.8866995073891628,0.7389162561576357,0.1477832512315271,0.4433497536945807,0.2955665024630542,0.7389162561576357,1.03448275862069,0.8866995073891628,0.0,0.2955665024630542,0.1477832512315271,0.0,0.0,0.0,0.0,0.0,0.0,0.0,0.0,0.0,0.0,0.0,12,8493781.838829793,2.6345173266464843,3.2870090988591545,203,0.2955665024630542,0.0,0.5911330049261082,0.4433497536945813,0.5911330049261085,1.625615763546797,1.7733990147783254,1.9211822660098528,2.216748768472907,2.807881773399015,1.6256157635467985,2.0689655172413763,1.7733990147783254,2.5123152709359613,1.7733990147783254,2.06896551724138,1.9211822660098528,2.364532019704434,1.6256157635467985,0.0,0.0,0.0,0.0,0.0,0.0,0.0,0.0,0.0,0.0,0.0,3.603010397937789,40.6046189,-79.76054529999999,12,13,187415,C
0.3744285766652455,3.124465749648396,3.211653648541092,85.80684714844703,1.1579085195321883,2.515463917525773,0.0,0.6185567010309279,1.5584415584415583,0.0,1.1688311688311686,0.3896103896103897,1.168831168831169,1.168831168831168,0.3896103896103896,2.337662337662338,2.7272727272727275,1.5584415584415583,1.168831168831169,1.9480519480519451,2.7272727272727275,1.5584415584415587,3.116883116883117,2.7272727272727275,1.9480519480519485,1.9480519480519485,0.3896103896103897,0.0,0.0,0.0,0.0,0.0,0.0,0.0,0.0,0.0,0.0,0.0,0.7792207792207791,0.0,1.1688311688311686,0.0,0.7792207792207793,0.3896103896103893,0.3896103896103896,0.7792207792207793,0.7792207792207793,0.7792207792207793,0.0,0.0,0.3896103896103896,0.3896103896103896,0.3896103896103896,0.3896103896103896,0.3896103896103896,0.3896103896103896,0.0,0.0,0.0,0.0,0.0,0.0,0.0,0.0,0.0,0.0,0.0,0.0,0.0,0.0,0.0,0.0,0.0,0.3896103896103893,0.0,0.7792207792207794,0.3896103896103897,0.0,0.3896103896103897,0.389610389610389,0.3896103896103897,0.0,0.3896103896103897,0.0,0.0,0.3896103896103897,0.3896103896103897,0.0,0.0,0.0,0.0,0.0,0.0,0.0,0.0,0.0,0.0,0.0,0.0,0.0,0.0,0.3896103896103897,0.0,0.0,0.0,0.3896103896103897,0.7792207792207794,0.7792207792207794,0.3896103896103897,0.3896103896103891,0.7792207792207794,0.7792207792207794,1.168831168831169,0.7792207792207794,1.5584415584415587,1.168831168831169,0.0,0.0,0.0,0.0,0.0,0.0,0.0,0.0,0.0,0.0,0.0,0.0,12,13485460.372320749,3.2398752088258043,2.4859931788631946,77,1.5584415584415583,0.0,1.1688311688311686,0.3896103896103897,1.168831168831169,1.168831168831168,0.3896103896103897,2.337662337662338,2.727272727272728,1.5584415584415587,1.168831168831169,1.9480519480519447,2.727272727272728,1.5584415584415587,3.116883116883117,2.727272727272728,1.9480519480519485,1.9480519480519485,0.3896103896103897,0.0,0.0,0.0,0.0,0.0,0.0,0.0,0.0,0.0,0.0,0.0,4.639638570222118,40.55520295,-80.1950486,12,13,187443,C
0.1852628703175582,3.369976128855973,3.403260275122097,45.45375737061882,1.052978136603173,3.2157177225340816,0.0,0.5172413793103449,0.4700854700854701,2.1367521367521367,1.7094017094017089,1.3675213675213678,1.8803418803418803,1.7948717948717936,0.9401709401709404,1.4529914529914532,1.7948717948717954,1.666666666666667,1.4102564102564106,2.435897435897433,1.8376068376068375,1.2393162393162396,1.495726495726496,1.4102564102564106,1.6239316239316244,1.4529914529914534,1.6666666666666672,0.2136752136752137,0.0,0.0,0.0,0.0,0.0,0.0,0.0,0.0,0.0,0.0,0.3418803418803419,1.5811965811965811,1.3247863247863243,0.7692307692307694,1.3675213675213678,1.153846153846153,0.4273504273504274,0.3846153846153847,0.2564102564102564,0.1282051282051282,0.1709401709401709,0.256410256410256,0.1282051282051282,0.2136752136752137,0.2991452991452992,0.2136752136752137,0.0,0.0427350427350427,0.0427350427350427,0.0,0.0,0.0,0.0,0.0,0.0,0.0,0.0,0.0,0.0,0.0,0.0427350427350427,0.4700854700854701,0.2564102564102563,0.5128205128205129,0.3846153846153847,0.2991452991452989,0.2136752136752137,0.5128205128205129,0.4273504273504274,0.2991452991452992,0.2991452991452992,0.4273504273504266,0.2991452991452992,0.3418803418803419,0.4700854700854702,0.6410256410256412,0.8974358974358976,0.1282051282051282,0.2136752136752137,0.1282051282051282,0.0,0.0,0.0,0.0,0.0,0.0,0.0,0.0,0.0,0.0,0.0,0.0,0.0427350427350427,0.0427350427350427,0.0854700854700854,0.1709401709401708,0.2564102564102564,0.4273504273504274,0.6410256410256412,0.2991452991452992,0.2564102564102564,0.6837606837606828,0.5982905982905984,0.2991452991452992,0.3418803418803419,0.2136752136752137,0.2991452991452992,0.3418803418803419,0.2136752136752137,0.0427350427350427,0.0,0.0,0.0,0.0,0.0,0.0,0.0,0.0,0.0,0.0,12,37788888.88483679,2.6533896315805614,2.735782652778784,702,0.4700854700854701,2.1367521367521367,1.709401709401709,1.3675213675213678,1.8803418803418808,1.7948717948717938,0.9401709401709404,1.4529914529914534,1.7948717948717952,1.666666666666667,1.4102564102564106,2.435897435897432,1.837606837606838,1.2393162393162396,1.495726495726496,1.4102564102564106,1.6239316239316242,1.4529914529914534,1.666666666666667,0.2136752136752137,0.0,0.0,0.0,0.0,0.0,0.0,0.0,0.0,0.0,0.0,3.238046703456096,40.4227709,-79.88339049999999,12,13,187485,C
0.2617533749069648,3.274549720853537,3.349557147535331,51.997648788474855,1.0466252259680588,3.1411245865490627,0.0,0.4713340683572216,0.3360488798370671,1.3747454175152751,2.19959266802444,1.710794297352343,2.1079429735234223,1.985743380855396,1.7107942973523425,1.6496945010183302,1.710794297352343,2.352342158859471,1.7413441955193487,1.0386965376782062,1.2219959266802447,1.2525458248472507,1.1914460285132389,1.1303462321792264,1.3747454175152751,0.9470468431771896,2.505091649694501,0.3665987780040734,0.0610997963340122,0.0305498981670061,0.0,0.0,0.0,0.0,0.0,0.0,0.0,0.0,0.1527494908350305,0.8859470468431773,1.405295315682281,0.7942973523421591,0.977596741344196,1.283095723014256,0.7331975560081468,0.3054989816700612,0.3665987780040734,0.1527494908350306,0.1527494908350306,0.2443991853360485,0.3054989816700612,0.2749490835030551,0.2443991853360489,0.1527494908350306,0.0916496945010183,0.0,0.0916496945010183,0.0305498981670061,0.0,0.0,0.0,0.0,0.0,0.0,0.0,0.0,0.0,0.0,0.0305498981670061,0.3971486761710794,0.4582484725050915,0.4276985743380856,0.3665987780040733,0.3971486761710792,0.2443991853360489,0.1832993890020366,0.3971486761710796,0.3665987780040733,0.2138492871690428,0.3360488798370667,0.4276985743380856,0.3665987780040733,0.3665987780040733,0.3665987780040733,0.3665987780040733,0.3971486761710796,0.6415478615071284,0.0610997963340122,0.0,0.0,0.0,0.0,0.0,0.0,0.0,0.0,0.0,0.0,0.0,0.0610997963340122,0.0916496945010183,0.2443991853360489,0.4887983706720979,0.1221995926680243,0.519348268839104,0.54989816700611,0.4276985743380856,1.008146639511202,0.8248472505091652,0.3054989816700607,0.3971486761710795,0.3971486761710795,0.4582484725050917,0.4582484725050917,0.5804480651731163,0.2443991853360489,0.3360488798370672,0.1221995926680244,0.0,0.0305498981670061,0.0,0.0,0.0,0.0,0.0,0.0,0.0,0.0,12,36928582.10413578,3.115472344825044,3.5020861921225444,982,0.3360488798370672,1.374745417515275,2.1995926680244398,1.710794297352343,2.107942973523422,1.985743380855396,1.710794297352343,1.6496945010183304,1.710794297352343,2.352342158859471,1.7413441955193487,1.0386965376782062,1.2219959266802447,1.2525458248472507,1.1914460285132384,1.1303462321792264,1.3747454175152751,0.9470468431771896,2.505091649694501,0.3665987780040733,0.0610997963340122,0.0305498981670061,0.0,0.0,0.0,0.0,0.0,0.0,0.0,0.0,5.928626283122879,40.445472,-79.87470594999999,12,13,187499,C
0.3674486142418591,3.1341375189270075,3.099491378118266,76.20522404917658,1.0401485886755928,2.727272727272727,0.0,0.5959595959595959,0.4225352112676056,0.0,0.4225352112676055,0.4225352112676057,0.4225352112676057,1.6901408450704214,3.380281690140845,3.802816901408451,5.070422535211269,4.225352112676057,2.1126760563380285,1.6901408450704205,1.6901408450704227,1.690140845070423,0.8450704225352115,0.8450704225352115,0.4225352112676057,0.0,0.8450704225352115,0.0,0.0,0.0,0.0,0.0,0.0,0.0,0.0,0.0,0.0,0.0,0.0,0.0,0.4225352112676055,0.0,0.0,0.0,0.0,0.0,0.0,0.8450704225352115,0.0,0.0,0.0,0.0,0.0,0.4225352112676057,0.0,0.0,0.0,0.0,0.0,0.0,0.0,0.0,0.0,0.0,0.0,0.0,0.0,0.0,0.0,0.0,0.0,0.4225352112676057,0.4225352112676057,1.6901408450704214,1.267605633802817,2.95774647887324,3.380281690140846,1.690140845070423,1.690140845070423,0.8450704225352101,1.267605633802817,0.0,0.8450704225352115,0.4225352112676057,0.0,0.0,0.4225352112676057,0.0,0.0,0.0,0.0,0.0,0.0,0.0,0.0,0.0,0.0,0.0,0.0,0.0,0.0,0.0,0.0,0.0,0.8450704225352114,0.4225352112676057,1.2676056338028172,1.6901408450704227,0.4225352112676057,0.422535211267605,0.4225352112676057,1.2676056338028172,0.0,0.0,0.4225352112676057,0.0,0.4225352112676057,0.0,0.0,0.0,0.0,0.0,0.0,0.0,0.0,0.0,0.0,0.0,12,2007695.479252193,2.599227334981784,1.251483554654056,71,0.4225352112676056,0.0,0.4225352112676055,0.4225352112676057,0.4225352112676057,1.6901408450704216,3.380281690140846,3.8028169014084514,5.070422535211269,4.225352112676057,2.1126760563380285,1.69014084507042,1.690140845070423,1.690140845070423,0.8450704225352115,0.8450704225352115,0.4225352112676057,0.0,0.8450704225352115,0.0,0.0,0.0,0.0,0.0,0.0,0.0,0.0,0.0,0.0,0.0,1.3167242789647349,40.410904,-79.77682899999999,12,14,188215,C
0.2515466924763424,3.2875600472037494,3.350221139234469,57.54837863148862,1.0970065179652873,3.04,0.0,0.4729411764705882,0.4342581423401689,1.881785283474065,2.424607961399276,1.8817852834740656,2.822677925211098,1.7732207478890218,1.95416164053076,2.207478890229192,1.3027744270205068,1.6284680337756336,1.411338962605549,1.1942098914354626,1.5199034981905917,1.4475271411338966,1.3751507840772017,0.7599517490952958,1.0494571773220749,1.0132689987937276,1.7008443908323283,0.180940892641737,0.0361881785283474,0.0,0.0,0.0,0.0,0.0,0.0,0.0,0.0,0.0,0.1447527141133896,0.7599517490952955,1.5922798552472857,1.2665862484921595,2.026537997587455,0.8323281061519897,0.3980699638118215,0.5428226779252112,0.3256936067551267,0.3618817852834741,0.3618817852834741,0.2533172496984314,0.1085645355850422,0.180940892641737,0.1085645355850422,0.0723763570566948,0.0723763570566948,0.0361881785283474,0.0361881785283474,0.0361881785283474,0.0,0.0,0.0,0.0,0.0,0.0,0.0,0.0,0.0,0.0,0.2895054282267792,0.9047044632086853,0.6513872135102532,0.4342581423401689,0.4342581423401689,0.3618817852834738,0.4342581423401689,0.2533172496984319,0.3256936067551267,0.5428226779252112,0.5790108564535587,0.3980699638118209,0.5066344993968639,0.4704463208685164,0.2533172496984319,0.2533172496984319,0.2895054282267793,0.3618817852834741,0.2533172496984319,0.0723763570566948,0.0,0.0,0.0,0.0,0.0,0.0,0.0,0.0,0.0,0.0,0.0,0.2171290711700844,0.180940892641737,0.180940892641737,0.3618817852834741,0.5428226779252108,0.6513872135102534,0.4704463208685164,0.2533172496984319,0.2533172496984319,0.2895054282267792,0.2895054282267788,0.4704463208685164,0.2895054282267792,0.3256936067551267,0.2533172496984319,0.3980699638118215,0.0361881785283474,0.1447527141133896,0.0361881785283474,0.0,0.0,0.0,0.0,0.0,0.0,0.0,0.0,0.0,0.0,12,50508995.42213099,4.126132415999658,4.140392221177579,829,0.4342581423401688,1.8817852834740647,2.424607961399276,1.8817852834740656,2.822677925211098,1.7732207478890218,1.9541616405307605,2.207478890229192,1.3027744270205068,1.6284680337756336,1.411338962605549,1.1942098914354626,1.5199034981905917,1.4475271411338966,1.3751507840772017,0.7599517490952957,1.049457177322075,1.0132689987937276,1.7008443908323283,0.180940892641737,0.0361881785283474,0.0,0.0,0.0,0.0,0.0,0.0,0.0,0.0,0.0,6.961559280353255,41.153684,-80.0911813,12,12,188381,C
0.5090139630954982,2.926147299915556,3.039633808520774,120.9401860850472,1.071402901648093,2.8,0.0,0.8296296296296296,0.0,0.6122448979591836,0.6122448979591836,0.6122448979591838,0.6122448979591838,0.6122448979591832,0.6122448979591838,1.2244897959183676,0.0,6.122448979591837,3.0612244897959187,1.2244897959183656,3.0612244897959187,3.673469387755103,1.8367346938775515,0.6122448979591838,1.8367346938775515,1.2244897959183676,0.6122448979591838,1.8367346938775515,0.0,0.0,0.0,0.0,0.0,0.0,0.0,0.0,0.0,0.0,0.0,0.6122448979591836,0.0,0.0,0.6122448979591838,0.6122448979591832,0.0,0.0,0.0,2.448979591836735,0.0,0.0,0.0,0.0,0.6122448979591838,0.0,0.0,0.0,0.0,0.0,0.0,0.0,0.0,0.0,0.0,0.0,0.0,0.0,0.0,0.0,0.0,0.0,0.6122448979591836,0.0,0.0,0.0,0.0,1.2244897959183676,0.0,1.8367346938775515,1.2244897959183676,0.6122448979591828,1.2244897959183676,0.6122448979591838,0.0,0.0,0.0,0.0,0.0,0.0,0.0,0.0,0.0,0.0,0.0,0.0,0.0,0.0,0.0,0.0,0.0,0.0,0.0,0.0,0.0,0.0,0.6122448979591838,0.0,0.0,1.836734693877551,1.836734693877551,0.0,0.6122448979591838,1.2244897959183676,1.2244897959183676,0.0,1.2244897959183676,1.2244897959183676,0.0,0.0,0.0,0.0,0.0,0.0,0.0,0.0,0.0,0.0,0.0,0.0,12,4492444.216577331,3.591537692654878,1.9816551679671972,49,0.0,0.6122448979591837,0.6122448979591836,0.6122448979591838,0.6122448979591838,0.6122448979591834,0.6122448979591838,1.2244897959183676,0.0,6.122448979591838,3.061224489795919,1.2244897959183656,3.061224489795919,3.673469387755103,1.8367346938775515,0.6122448979591838,1.8367346938775515,1.2244897959183676,0.6122448979591838,1.8367346938775515,0.0,0.0,0.0,0.0,0.0,0.0,0.0,0.0,0.0,0.0,3.042810062775468,33.6005115,-80.351621,12,14,193974,C
0.116506916288537,3.4519949951534623,3.4841047276535444,74.14281457614248,1.117644738283602,2.7049608355091386,0.0,0.674934725848564,0.3964757709251101,0.5286343612334802,0.9251101321585902,0.7929515418502205,1.321585903083701,2.511013215859029,2.378854625550661,2.775330396475772,1.8502202643171808,1.982378854625551,2.2466960352422918,1.718061674008808,1.7180616740088113,1.718061674008811,1.5859030837004409,0.7929515418502204,1.321585903083701,1.8502202643171808,1.3215859030837005,0.13215859030837,0.1321585903083701,0.0,0.0,0.0,0.0,0.0,0.0,0.0,0.0,0.0,0.0,0.13215859030837,0.5286343612334801,0.5286343612334804,0.3964757709251101,1.0572687224669597,0.7929515418502203,1.1894273127753303,0.6607929515418504,0.6607929515418504,0.5286343612334804,0.5286343612334794,0.1321585903083701,0.3964757709251101,0.3964757709251101,0.0,0.2643171806167402,0.1321585903083701,0.3964757709251101,0.0,0.1321585903083701,0.0,0.0,0.0,0.0,0.0,0.0,0.0,0.0,0.0,0.0,0.3964757709251101,0.26431718061674,0.1321585903083701,0.5286343612334804,0.6607929515418499,0.7929515418502203,0.3964757709251101,0.9251101321585908,0.7929515418502203,0.3964757709251101,0.5286343612334794,1.0572687224669608,0.6607929515418504,0.6607929515418504,0.0,0.1321585903083701,0.2643171806167402,0.2643171806167402,0.0,0.0,0.0,0.0,0.0,0.0,0.0,0.0,0.0,0.0,0.0,0.0,0.0,0.13215859030837,0.13215859030837,0.3964757709251102,0.7929515418502199,0.6607929515418504,0.2643171806167401,0.13215859030837,0.3964757709251102,0.9251101321585906,0.5286343612334794,0.13215859030837,0.6607929515418504,0.5286343612334803,0.5286343612334803,0.9251101321585906,0.6607929515418504,0.2643171806167401,0.13215859030837,0.0,0.0,0.0,0.0,0.0,0.0,0.0,0.0,0.0,0.0,12,6146895.32675154,4.634317498688586,4.553111822753505,227,0.3964757709251101,0.5286343612334802,0.9251101321585902,0.7929515418502204,1.3215859030837007,2.511013215859029,2.378854625550661,2.775330396475772,1.850220264317181,1.9823788546255512,2.2466960352422918,1.7180616740088082,1.718061674008811,1.718061674008811,1.5859030837004409,0.7929515418502204,1.3215859030837007,1.850220264317181,1.3215859030837007,0.13215859030837,0.13215859030837,0.0,0.0,0.0,0.0,0.0,0.0,0.0,0.0,0.0,7.129011890155345,34.7229985,-82.78037649999999,12,12,194100,C
0.4547731865327228,3.008991670382311,3.0719672783426746,77.65337352133152,1.1081428694142204,2.515991471215352,0.0,0.6609808102345416,0.5714285714285714,0.5714285714285714,0.0,0.8571428571428572,4.000000000000001,3.142857142857141,3.4285714285714293,2.8571428571428577,2.2857142857142865,4.285714285714286,0.8571428571428573,0.5714285714285706,0.2857142857142858,0.8571428571428573,1.1428571428571432,1.7142857142857144,0.8571428571428574,1.428571428571429,0.2857142857142857,0.0,0.0,0.0,0.0,0.0,0.0,0.0,0.0,0.0,0.0,0.0,0.2857142857142857,0.0,0.0,0.5714285714285715,1.7142857142857144,0.5714285714285711,0.8571428571428572,1.142857142857143,1.142857142857143,0.8571428571428572,0.0,0.0,0.0,0.2857142857142857,0.2857142857142857,0.2857142857142857,0.2857142857142857,0.2857142857142857,0.0,0.0,0.0,0.0,0.0,0.0,0.0,0.0,0.0,0.0,0.0,0.0,0.0,0.2857142857142857,0.0,0.2857142857142857,2.0000000000000004,1.4285714285714275,1.7142857142857144,0.2857142857142857,0.2857142857142857,1.7142857142857144,0.5714285714285715,0.0,0.0,0.2857142857142857,0.2857142857142857,0.5714285714285715,0.0,0.0,0.2857142857142857,0.0,0.0,0.0,0.0,0.0,0.0,0.0,0.0,0.0,0.0,0.0,0.0,0.2857142857142857,0.0,0.0,0.2857142857142858,0.5714285714285711,0.2857142857142858,0.5714285714285716,0.5714285714285716,1.4285714285714288,0.2857142857142858,0.5714285714285706,0.2857142857142858,0.2857142857142858,0.2857142857142858,0.8571428571428573,0.2857142857142858,0.5714285714285716,0.0,0.0,0.0,0.0,0.0,0.0,0.0,0.0,0.0,0.0,0.0,0.0,12,4321205.495953338,3.667547757300549,3.627136186049087,105,0.5714285714285714,0.5714285714285714,0.0,0.8571428571428573,4.000000000000001,3.142857142857141,3.4285714285714293,2.8571428571428577,2.2857142857142865,4.285714285714287,0.8571428571428573,0.5714285714285706,0.2857142857142858,0.8571428571428573,1.1428571428571432,1.7142857142857146,0.8571428571428573,1.4285714285714288,0.2857142857142858,0.0,0.0,0.0,0.0,0.0,0.0,0.0,0.0,0.0,0.0,0.0,6.706495582029699,36.335266,-84.1911735,12,13,195865,C
0.3484986140563824,3.160129674453463,3.291905921071754,110.35381844330408,1.126582110541276,2.6424870466321244,0.0,0.616580310880829,0.8571428571428572,0.0,0.2857142857142857,0.5714285714285715,0.8571428571428573,0.5714285714285711,1.7142857142857146,1.7142857142857146,1.7142857142857146,2.285714285714286,2.8571428571428577,1.1428571428571412,2.0000000000000004,2.571428571428572,0.5714285714285716,2.857142857142858,4.000000000000001,1.142857142857143,1.7142857142857146,0.5714285714285716,0.0,0.0,0.0,0.0,0.0,0.0,0.0,0.0,0.0,0.0,0.2857142857142857,0.0,0.0,0.5714285714285715,0.2857142857142857,0.2857142857142855,0.2857142857142857,0.2857142857142857,0.2857142857142857,0.2857142857142857,0.2857142857142857,0.5714285714285706,0.0,0.2857142857142857,0.0,0.8571428571428573,0.2857142857142857,0.0,0.2857142857142857,0.0,0.0,0.0,0.0,0.0,0.0,0.0,0.0,0.0,0.0,0.0,0.0,0.0,0.0,0.0,0.2857142857142857,0.0,1.142857142857143,0.5714285714285715,0.2857142857142857,0.2857142857142857,0.5714285714285715,0.0,0.5714285714285715,0.8571428571428573,0.2857142857142857,0.8571428571428573,0.8571428571428573,0.2857142857142857,0.8571428571428573,0.2857142857142857,0.0,0.0,0.0,0.0,0.0,0.0,0.0,0.0,0.0,0.0,0.0,0.0,0.2857142857142857,0.0,0.2857142857142858,0.2857142857142855,0.0,0.5714285714285716,0.8571428571428573,0.5714285714285716,0.5714285714285716,0.2857142857142853,1.1428571428571432,0.8571428571428573,0.2857142857142858,0.5714285714285716,2.571428571428572,0.8571428571428573,0.2857142857142858,0.2857142857142858,0.0,0.0,0.0,0.0,0.0,0.0,0.0,0.0,0.0,0.0,12,11891482.61841948,4.410722910697572,2.9573796625519173,105,0.8571428571428571,0.0,0.2857142857142856,0.5714285714285716,0.8571428571428573,0.5714285714285711,1.7142857142857146,1.7142857142857146,1.7142857142857146,2.2857142857142865,2.8571428571428577,1.1428571428571412,2.0000000000000004,2.571428571428572,0.5714285714285716,2.8571428571428577,4.000000000000001,1.1428571428571432,1.7142857142857146,0.5714285714285716,0.0,0.0,0.0,0.0,0.0,0.0,0.0,0.0,0.0,0.0,6.4064604199444055,35.685751,-84.865745,12,13,197342,C
0.3967208322724472,3.093209632189915,3.0275009204855228,196.0727075436997,1.0326393401289666,2.3181818181818183,0.0,0.6136363636363636,0.0,3.75,0.0,0.0,0.0,0.0,0.0,0.0,3.750000000000001,0.0,3.750000000000001,0.0,7.500000000000002,0.0,0.0,11.250000000000002,0.0,0.0,0.0,0.0,0.0,0.0,0.0,0.0,0.0,0.0,0.0,0.0,0.0,0.0,0.0,0.0,0.0,0.0,0.0,0.0,0.0,0.0,0.0,0.0,0.0,0.0,0.0,0.0,0.0,0.0,0.0,0.0,0.0,0.0,0.0,0.0,0.0,0.0,0.0,0.0,0.0,0.0,0.0,0.0,0.0,3.75,0.0,0.0,0.0,0.0,0.0,0.0,0.0,0.0,0.0,0.0,3.750000000000001,0.0,0.0,0.0,0.0,0.0,0.0,0.0,0.0,0.0,0.0,0.0,0.0,0.0,0.0,0.0,0.0,0.0,0.0,0.0,0.0,0.0,0.0,0.0,0.0,0.0,3.750000000000001,0.0,3.750000000000001,0.0,3.750000000000001,0.0,0.0,11.250000000000002,0.0,0.0,0.0,0.0,0.0,0.0,0.0,0.0,0.0,0.0,0.0,0.0,0.0,0.0,12,286520.3803059741,2.5303261054991744,2.6512255073608832,8,0.0,3.75,0.0,0.0,0.0,0.0,0.0,0.0,3.750000000000001,0.0,3.750000000000001,0.0,7.500000000000002,0.0,0.0,11.250000000000002,0.0,0.0,0.0,0.0,0.0,0.0,0.0,0.0,0.0,0.0,0.0,0.0,0.0,0.0,2.9017967387329238,35.77782635,-88.98464064999999,12,13,197364,C
0.2777056156631059,3.254034132125519,3.1677498883419424,106.88068484821618,1.0839284414236137,2.74247491638796,0.0,0.6488294314381271,0.2884615384615385,1.4423076923076923,0.5769230769230768,2.0192307692307696,1.4423076923076923,2.596153846153844,2.0192307692307696,0.8653846153846155,2.0192307692307696,2.5961538461538467,3.4615384615384617,1.44230769230769,1.153846153846154,0.2884615384615385,0.8653846153846155,0.5769230769230771,0.8653846153846156,0.5769230769230771,3.173076923076924,1.4423076923076923,0.2884615384615385,0.0,0.0,0.0,0.0,0.0,0.0,0.0,0.0,0.0,0.0,0.0,0.0,0.0,0.0,0.5769230769230765,0.576923076923077,0.0,0.576923076923077,0.2884615384615385,0.2884615384615385,0.0,0.0,0.2884615384615385,0.0,0.0,0.0,0.0,0.0,0.0,0.0,0.0,0.0,0.0,0.0,0.0,0.0,0.0,0.0,0.0,0.0,1.1538461538461535,0.5769230769230768,2.0192307692307696,1.153846153846154,1.153846153846153,1.4423076923076923,0.576923076923077,0.576923076923077,1.153846153846154,1.153846153846154,0.865384615384614,0.2884615384615385,0.0,0.576923076923077,0.2884615384615385,0.0,0.2884615384615385,2.5961538461538463,1.4423076923076923,0.0,0.0,0.0,0.0,0.0,0.0,0.0,0.0,0.0,0.0,0.2884615384615385,0.2884615384615385,0.0,0.0,0.2884615384615385,0.0,0.0,0.2884615384615385,0.2884615384615385,0.0,1.730769230769231,0.5769230769230761,0.8653846153846155,0.0,0.2884615384615385,0.2884615384615385,0.5769230769230771,0.2884615384615385,0.5769230769230771,0.0,0.2884615384615385,0.0,0.0,0.0,0.0,0.0,0.0,0.0,0.0,0.0,12,3935216.597241657,4.7592117731045,4.727274086106801,104,0.2884615384615384,1.4423076923076923,0.5769230769230768,2.0192307692307696,1.4423076923076923,2.5961538461538445,2.0192307692307696,0.8653846153846155,2.0192307692307696,2.5961538461538467,3.461538461538462,1.44230769230769,1.1538461538461542,0.2884615384615385,0.8653846153846155,0.5769230769230771,0.8653846153846155,0.5769230769230771,3.173076923076924,1.4423076923076923,0.2884615384615385,0.0,0.0,0.0,0.0,0.0,0.0,0.0,0.0,0.0,3.5146887854760185,36.3470502,-89.1495444,12,12,197461,C
0.1738918761938989,3.383772978134536,3.300326646112242,38.83708243603432,1.0689004946561886,2.5706727135298566,0.0,0.5718065003779289,1.1408450704225352,0.8028169014084507,1.0140845070422533,1.1830985915492962,1.5633802816901412,1.6056338028169006,1.901408450704226,2.95774647887324,2.661971830985916,2.492957746478874,1.985915492957747,1.7323943661971808,1.4788732394366202,1.732394366197184,1.5211267605633805,1.1408450704225357,0.9295774647887326,1.014084507042254,0.887323943661972,0.1690140845070423,0.0845070422535211,0.0,0.0,0.0,0.0,0.0,0.0,0.0,0.0,0.0,0.2112676056338028,0.676056338028169,0.5915492957746478,0.591549295774648,0.8028169014084509,0.8450704225352108,0.7605633802816903,0.9718309859154932,0.8873239436619719,0.8450704225352115,0.5070422535211269,0.4647887323943656,0.6338028169014086,0.5070422535211269,0.5070422535211269,0.5070422535211269,0.3802816901408452,0.3380281690140845,0.3802816901408452,0.0422535211267605,0.0845070422535211,0.0,0.0,0.0,0.0,0.0,0.0,0.0,0.0,0.0,0.5492957746478874,0.0845070422535211,0.4225352112676055,0.295774647887324,0.1690140845070423,0.3802816901408448,0.2112676056338028,0.7183098591549297,0.8450704225352115,0.3802816901408452,0.4225352112676057,0.591549295774647,0.2535211267605634,0.2112676056338028,0.2535211267605634,0.295774647887324,0.0845070422535211,0.2535211267605634,0.1267605633802817,0.0845070422535211,0.0,0.0,0.0,0.0,0.0,0.0,0.0,0.0,0.0,0.0,0.0422535211267605,0.0422535211267605,0.0,0.0845070422535211,0.2112676056338029,0.1267605633802816,0.2535211267605634,0.3802816901408452,0.295774647887324,0.0845070422535211,0.295774647887324,0.1267605633802815,0.2535211267605634,0.5070422535211269,0.5070422535211269,0.1267605633802817,0.295774647887324,0.2112676056338029,0.2535211267605634,0.0422535211267605,0.0,0.0,0.0,0.0,0.0,0.0,0.0,0.0,0.0,0.0,12,30658455.37277249,3.870929586033337,3.1391824167363813,710,1.1408450704225352,0.8028169014084507,1.0140845070422533,1.1830985915492962,1.5633802816901412,1.6056338028169004,1.9014084507042257,2.95774647887324,2.661971830985916,2.492957746478874,1.9859154929577467,1.7323943661971806,1.47887323943662,1.7323943661971837,1.5211267605633807,1.1408450704225357,0.9295774647887326,1.0140845070422535,0.887323943661972,0.1690140845070423,0.0845070422535211,0.0,0.0,0.0,0.0,0.0,0.0,0.0,0.0,0.0,7.517706235988141,45.41784605,-73.9142346,12,13,197579,C
0.7981404545097646,2.373534629069081,2.453189885377889,50.4265236911947,1.0871601159302695,3.0577367205542725,0.0,0.5604311008468053,1.010719754977029,2.1592649310872893,1.929555895865237,2.11332312404288,2.6186830015313944,1.1944869831546698,1.7917304747320064,0.872894333843798,1.3323124042879022,1.745788667687596,1.4701378254211337,1.4241960183767206,1.2863705972434918,1.975497702909648,0.9647779479326188,1.745788667687596,1.4701378254211337,1.286370597243492,1.2404287901990814,0.3215926493108729,0.0,0.0459418070444104,0.0,0.0,0.0,0.0,0.0,0.0,0.0,0.0,0.0918836140888208,0.4134762633996937,1.3323124042879018,1.4701378254211337,1.516079632465544,0.5513016845329246,0.4594180704441042,0.2756508422664625,0.0918836140888208,0.4594180704441042,0.2756508422664625,0.137825421133231,0.2297090352220521,0.0918836140888208,0.1837672281776416,0.4594180704441042,0.1837672281776416,0.1378254211332312,0.2297090352220521,0.0,0.0,0.0459418070444104,0.0,0.0,0.0,0.0,0.0,0.0,0.0,0.0,0.4594180704441041,1.653905053598775,0.5513016845329248,0.321592649310873,0.3675344563552833,0.1837672281776415,0.5972434915773356,0.2756508422664625,0.2297090352220521,0.3675344563552833,0.0,0.2297090352220517,0.0918836140888208,0.0918836140888208,0.1378254211332312,0.0459418070444104,0.2756508422664625,0.2297090352220521,0.0459418070444104,0.0459418070444104,0.0,0.0,0.0,0.0,0.0,0.0,0.0,0.0,0.0,0.0,0.0,0.0,0.0459418070444104,0.321592649310873,0.321592649310873,0.2756508422664622,0.4134762633996938,0.0459418070444104,0.6891271056661563,0.4134762633996938,0.5053598774885146,0.7810107197549758,0.2756508422664625,1.0566615620214397,0.321592649310873,0.3675344563552833,0.4134762633996938,0.2297090352220521,0.2756508422664625,0.0,0.0,0.0,0.0,0.0,0.0,0.0,0.0,0.0,0.0,0.0,12,25257645.30216717,3.0481396274436263,1.3704020862046165,653,1.010719754977029,2.1592649310872893,1.929555895865237,2.11332312404288,2.6186830015313944,1.19448698315467,1.7917304747320064,0.872894333843798,1.3323124042879024,1.745788667687596,1.4701378254211337,1.4241960183767208,1.286370597243492,1.975497702909648,0.9647779479326188,1.745788667687596,1.4701378254211337,1.286370597243492,1.2404287901990816,0.321592649310873,0.0,0.0459418070444104,0.0,0.0,0.0,0.0,0.0,0.0,0.0,0.0,3.752697271168852,41.13898965,-112.02925655,12,14,198730,C
0.8105630358939463,2.342665364031239,2.314145657554026,113.85911389643302,1.0666100957228937,3.045346062052506,0.0,0.5727923627684964,0.144927536231884,0.7246376811594203,0.5797101449275361,0.4347826086956523,0.8695652173913044,0.4347826086956519,1.3043478260869563,1.0144927536231885,1.4492753623188408,3.043478260869566,2.318840579710145,1.3043478260869548,1.5942028985507248,1.4492753623188408,1.449275362318841,0.8695652173913045,0.5797101449275364,1.159420289855073,5.072463768115944,3.913043478260871,0.2898550724637682,0.0,0.0,0.0,0.0,0.0,0.0,0.0,0.0,0.0,0.0,0.0,0.434782608695652,0.2898550724637682,0.2898550724637682,0.2898550724637679,0.5797101449275364,0.1449275362318841,0.4347826086956522,0.1449275362318841,0.2898550724637682,0.1449275362318838,0.4347826086956522,0.1449275362318841,0.0,0.0,0.0,0.0,0.2898550724637682,0.0,0.0,0.0,0.0,0.0,0.0,0.0,0.0,0.0,0.0,0.0,0.0,0.7246376811594203,0.144927536231884,0.1449275362318841,0.4347826086956522,0.0,0.1449275362318841,0.2898550724637682,0.4347826086956522,0.8695652173913044,0.7246376811594204,0.2898550724637677,0.5797101449275364,0.4347826086956522,0.0,0.1449275362318841,0.0,0.1449275362318841,0.0,0.1449275362318841,0.0,0.0,0.0,0.0,0.0,0.0,0.0,0.0,0.0,0.0,0.0,0.0,0.0,0.0,0.0,0.1449275362318839,0.0,0.1449275362318841,0.1449275362318841,0.4347826086956523,0.4347826086956523,0.1449275362318838,0.1449275362318841,0.2898550724637682,1.0144927536231887,0.2898550724637682,0.4347826086956523,0.0,4.492753623188407,3.6231884057971024,0.0,0.0,0.0,0.0,0.0,0.0,0.0,0.0,0.0,0.0,12,36487598.08545206,4.2721983104245735,4.008705181146332,207,0.144927536231884,0.7246376811594203,0.5797101449275361,0.4347826086956522,0.8695652173913044,0.4347826086956519,1.3043478260869568,1.0144927536231887,1.4492753623188408,3.043478260869566,2.318840579710145,1.3043478260869543,1.5942028985507248,1.4492753623188408,1.4492753623188408,0.8695652173913044,0.5797101449275364,1.1594202898550727,5.072463768115943,3.9130434782608714,0.2898550724637682,0.0,0.0,0.0,0.0,0.0,0.0,0.0,0.0,0.0,7.589474846752971,39.5383576,-111.46086195,12,12,198860,C
0.5895140433774646,2.794240531861876,3.088861508444685,185.36280263634015,1.1965304419644751,2.814159292035398,0.0,0.6592920353982301,0.7407407407407407,1.1111111111111112,0.3703703703703703,1.1111111111111112,0.7407407407407408,1.4814814814814803,1.1111111111111112,0.7407407407407409,2.2222222222222223,4.074074074074074,1.1111111111111114,1.4814814814814792,2.2222222222222223,0.3703703703703704,1.1111111111111114,2.592592592592593,0.7407407407407408,1.1111111111111112,2.592592592592593,2.592592592592593,0.3703703703703704,0.0,0.0,0.0,0.0,0.0,0.0,0.0,0.0,0.0,0.0,0.0,0.0,0.0,0.0,0.0,0.0,0.3703703703703704,0.0,0.0,0.0,0.0,0.0,0.0,0.0,0.0,0.0,0.0,0.0,0.0,0.0,0.0,0.0,0.0,0.0,0.0,0.0,0.0,0.0,0.0,0.7407407407407407,0.7407407407407407,0.0,0.7407407407407408,0.7407407407407408,1.1111111111111105,0.3703703703703704,0.0,1.4814814814814816,2.9629629629629632,0.0,0.0,0.0,0.0,0.0,0.7407407407407408,0.7407407407407408,0.0,0.0,0.0,0.0,0.0,0.0,0.0,0.0,0.0,0.0,0.0,0.0,0.0,0.0,0.3703703703703703,0.3703703703703703,0.3703703703703704,0.0,0.3703703703703701,0.7407407407407408,0.3703703703703704,0.3703703703703704,0.0,0.3703703703703704,0.3703703703703698,0.3703703703703704,0.0,0.3703703703703704,1.4814814814814816,0.0,0.7407407407407408,1.851851851851852,2.2222222222222223,0.3703703703703704,0.0,0.0,0.0,0.0,0.0,0.0,0.0,0.0,0.0,12,15328967.223892529,3.9778313931701694,5.052006270821322,81,0.7407407407407407,1.1111111111111112,0.3703703703703703,1.1111111111111114,0.7407407407407409,1.4814814814814803,1.1111111111111114,0.7407407407407409,2.2222222222222228,4.074074074074074,1.1111111111111114,1.4814814814814794,2.2222222222222228,0.3703703703703704,1.1111111111111114,2.592592592592593,0.7407407407407409,1.1111111111111114,2.592592592592593,2.592592592592593,0.3703703703703704,0.0,0.0,0.0,0.0,0.0,0.0,0.0,0.0,0.0,9.49792381800456,37.86912325,-109.3401815,12,12,198878,C
0.2252341518303549,3.320696840525818,3.3831380423753767,104.21591431810208,1.225355066347127,3.016806722689076,0.0,0.7899159663865546,0.8108108108108109,0.2702702702702703,0.5405405405405405,0.810810810810811,0.5405405405405407,3.513513513513512,1.0810810810810814,2.432432432432433,1.0810810810810814,2.1621621621621627,3.243243243243244,3.2432432432432385,1.8918918918918923,2.7027027027027035,2.1621621621621627,1.8918918918918928,0.810810810810811,0.5405405405405407,0.2702702702702703,0.0,0.0,0.0,0.0,0.0,0.0,0.0,0.0,0.0,0.0,0.0,0.2702702702702703,0.0,0.2702702702702702,0.2702702702702703,0.0,0.5405405405405402,0.2702702702702703,0.0,0.2702702702702703,0.2702702702702703,0.5405405405405407,0.5405405405405398,0.0,0.0,0.2702702702702703,0.5405405405405407,0.0,0.0,0.0,0.0,0.0,0.0,0.0,0.0,0.0,0.0,0.0,0.0,0.0,0.0,0.2702702702702703,0.0,0.0,0.5405405405405407,0.5405405405405407,2.7027027027027013,0.810810810810811,1.8918918918918923,0.5405405405405407,1.3513513513513515,1.621621621621622,1.351351351351349,1.3513513513513515,1.8918918918918923,0.810810810810811,0.810810810810811,0.5405405405405407,0.0,0.2702702702702703,0.0,0.0,0.0,0.0,0.0,0.0,0.0,0.0,0.0,0.0,0.0,0.0,0.2702702702702703,0.2702702702702702,0.0,0.0,0.2702702702702701,0.0,0.2702702702702703,0.0,0.2702702702702703,0.810810810810811,0.5405405405405398,0.2702702702702703,0.2702702702702703,0.5405405405405407,0.2702702702702703,0.2702702702702703,0.5405405405405407,0.0,0.0,0.0,0.0,0.0,0.0,0.0,0.0,0.0,0.0,0.0,0.0,12,6165257.169737254,3.248951672593597,3.796498177483561,111,0.8108108108108109,0.2702702702702703,0.5405405405405405,0.810810810810811,0.5405405405405407,3.513513513513512,1.0810810810810814,2.432432432432433,1.0810810810810814,2.1621621621621627,3.243243243243244,3.2432432432432385,1.8918918918918923,2.702702702702703,2.1621621621621627,1.8918918918918923,0.810810810810811,0.5405405405405407,0.2702702702702703,0.0,0.0,0.0,0.0,0.0,0.0,0.0,0.0,0.0,0.0,0.0,8.655669063885664,37.68095545,-112.1601677,12,13,198939,C
0.308260274211351,3.214096203756527,3.283142386903315,165.20349865484087,1.127178194770045,2.775757575757576,0.0,0.793939393939394,0.4761904761904761,0.4761904761904761,0.952380952380952,1.4285714285714288,1.904761904761905,0.4761904761904759,0.4761904761904763,1.4285714285714288,2.3809523809523814,0.9523809523809526,4.761904761904763,3.809523809523804,1.4285714285714288,0.9523809523809526,4.761904761904763,1.904761904761905,0.4761904761904763,0.9523809523809528,0.0,0.0,0.0,0.0,0.0,0.0,0.0,0.0,0.0,0.0,0.0,0.0,0.4761904761904761,0.0,0.0,0.0,0.4761904761904763,0.0,0.0,0.4761904761904763,0.4761904761904763,0.0,0.0,0.0,0.0,0.0,0.0,0.0,0.0,0.0,0.0,0.0,0.0,0.0,0.0,0.0,0.0,0.0,0.0,0.0,0.0,0.0,0.0,0.4761904761904761,0.952380952380952,0.9523809523809526,0.0,0.4761904761904759,0.0,0.4761904761904763,0.4761904761904763,0.0,0.9523809523809526,0.0,0.4761904761904763,0.0,1.4285714285714286,0.4761904761904763,0.0,0.0,0.0,0.0,0.0,0.0,0.0,0.0,0.0,0.0,0.0,0.0,0.0,0.0,0.0,0.0,0.0,0.0,1.4285714285714288,0.0,0.4761904761904763,0.4761904761904763,0.0,0.4761904761904763,1.4285714285714288,2.380952380952377,0.0,0.0,0.0,1.4285714285714288,0.4761904761904763,0.9523809523809528,0.0,0.0,0.0,0.0,0.0,0.0,0.0,0.0,0.0,0.0,0.0,0.0,12,13805398.701265318,3.2072163023874163,3.653422188443714,63,0.4761904761904761,0.4761904761904761,0.952380952380952,1.4285714285714288,1.904761904761905,0.4761904761904759,0.4761904761904763,1.4285714285714288,2.3809523809523814,0.9523809523809528,4.761904761904763,3.809523809523804,1.4285714285714288,0.9523809523809528,4.761904761904763,1.904761904761905,0.4761904761904763,0.9523809523809528,0.0,0.0,0.0,0.0,0.0,0.0,0.0,0.0,0.0,0.0,0.0,0.0,6.315764882828717,43.2292515,2.878242,12,12,2018584,C
0.104295460191682,3.466223871495591,3.4720533062594345,119.26724154162127,1.1576045274844249,2.418032786885246,0.0,0.639344262295082,1.3953488372093024,0.0,1.395348837209302,0.6976744186046514,1.3953488372093028,0.0,2.790697674418605,0.6976744186046514,2.7906976744186056,4.186046511627908,2.093023255813954,2.7906976744186007,3.4883720930232567,0.6976744186046514,1.3953488372093028,1.3953488372093028,0.0,2.093023255813954,0.6976744186046514,0.0,0.0,0.0,0.0,0.0,0.0,0.0,0.0,0.0,0.0,0.0,0.6976744186046512,0.0,0.697674418604651,0.0,0.6976744186046514,0.0,0.0,0.0,0.6976744186046514,2.0930232558139537,0.6976744186046514,0.0,0.6976744186046514,0.0,0.6976744186046514,0.0,0.0,0.0,0.0,0.0,0.0,0.0,0.0,0.0,0.0,0.0,0.0,0.0,0.0,0.0,0.6976744186046512,0.0,0.697674418604651,0.6976744186046514,0.0,0.0,2.0930232558139537,0.0,0.0,0.6976744186046514,1.3953488372093028,2.0930232558139505,1.3953488372093028,0.0,0.6976744186046514,1.3953488372093028,0.0,1.3953488372093028,0.6976744186046514,0.0,0.0,0.0,0.0,0.0,0.0,0.0,0.0,0.0,0.0,0.0,0.0,0.0,0.0,0.0,0.6976744186046514,0.0,0.6976744186046514,0.6976744186046514,2.093023255813954,1.3953488372093028,0.0,0.6976744186046502,0.0,0.6976744186046514,0.0,0.0,0.0,0.6976744186046514,0.0,0.0,0.0,0.0,0.0,0.0,0.0,0.0,0.0,0.0,0.0,0.0,12,987085.7173623726,3.109439069758635,3.042085382585996,43,1.3953488372093024,0.0,1.395348837209302,0.6976744186046513,1.3953488372093026,0.0,2.790697674418605,0.6976744186046513,2.790697674418605,4.186046511627907,2.0930232558139537,2.7906976744186007,3.4883720930232567,0.6976744186046513,1.3953488372093026,1.3953488372093026,0.0,2.0930232558139537,0.6976744186046513,0.0,0.0,0.0,0.0,0.0,0.0,0.0,0.0,0.0,0.0,0.0,6.089363450969787,36.6291702,-81.14950315,12,13,207003,C
0.0729101270556396,3.5023554291584125,3.5227755055616337,186.08794856349377,1.2198413888858357,2.48936170212766,0.0,0.6808510638297872,1.4285714285714284,1.4285714285714284,0.7142857142857141,1.4285714285714288,0.7142857142857144,0.7142857142857137,0.0,2.8571428571428577,2.8571428571428577,1.4285714285714288,5.000000000000001,2.8571428571428528,1.4285714285714288,0.7142857142857144,2.8571428571428577,2.1428571428571432,1.4285714285714288,0.0,0.0,0.0,0.0,0.0,0.0,0.0,0.0,0.0,0.0,0.0,0.0,0.0,0.0,0.0,0.7142857142857141,0.7142857142857144,0.0,0.0,0.0,0.0,0.0,0.0,0.7142857142857144,0.7142857142857132,0.0,0.0,0.0,0.0,0.0,0.0,0.0,0.0,0.0,0.0,0.0,0.0,0.0,0.0,0.0,0.0,0.0,0.0,0.7142857142857142,0.7142857142857142,0.0,0.0,0.7142857142857144,0.7142857142857137,0.0,0.0,0.7142857142857144,0.0,1.4285714285714288,1.4285714285714264,0.0,0.0,1.4285714285714288,1.4285714285714288,0.7142857142857144,0.0,0.0,0.0,0.0,0.0,0.0,0.0,0.0,0.0,0.0,0.0,0.0,0.0,0.0,0.7142857142857143,0.0,0.7142857142857144,0.0,0.0,0.0,0.7142857142857144,0.7142857142857144,0.0,0.7142857142857144,0.7142857142857132,0.7142857142857144,0.0,0.0,0.7142857142857144,0.7142857142857144,0.0,0.0,0.0,0.0,0.0,0.0,0.0,0.0,0.0,0.0,0.0,0.0,0.0,12,4512856.812308271,3.2208841090817004,4.286297913943941,42,1.4285714285714286,1.4285714285714286,0.7142857142857141,1.4285714285714288,0.7142857142857144,0.7142857142857139,0.0,2.8571428571428577,2.8571428571428577,1.4285714285714288,5.000000000000002,2.857142857142853,1.4285714285714288,0.7142857142857144,2.8571428571428577,2.1428571428571432,1.4285714285714288,0.0,0.0,0.0,0.0,0.0,0.0,0.0,0.0,0.0,0.0,0.0,0.0,0.0,7.599446466795358,43.2508661,2.79768235,12,12,2220364,C
0.4448591512804661,3.0236808873822785,2.986038943008636,64.58075509448194,1.0903762583061083,2.6969957081545064,0.0,0.6772532188841202,0.5405405405405406,0.7207207207207207,1.5315315315315312,0.7207207207207209,0.7207207207207207,1.4414414414414405,0.9909909909909912,1.891891891891892,2.252252252252253,2.5225225225225234,2.2522522522522523,1.4414414414414394,2.522522522522523,1.531531531531532,2.0720720720720727,1.9819819819819824,1.621621621621622,1.2612612612612617,1.1711711711711714,0.4504504504504505,0.0900900900900901,0.0900900900900901,0.0,0.0,0.0900900900900901,0.0,0.0,0.0,0.0900900900900901,0.0,0.09009009009009,0.1801801801801801,1.171171171171171,0.3603603603603604,0.0900900900900901,0.8108108108108103,0.1801801801801802,0.3603603603603604,0.1801801801801802,0.2702702702702703,0.1801801801801802,0.2702702702702698,0.5405405405405407,0.1801801801801802,0.2702702702702703,0.3603603603603604,0.2702702702702703,0.3603603603603604,0.0900900900900901,0.0900900900900901,0.0,0.0,0.0,0.0,0.0900900900900901,0.0,0.0,0.0,0.0,0.0,0.0900900900900901,0.1801801801801802,0.2702702702702702,0.2702702702702703,0.0900900900900901,0.1801801801801801,0.0,0.1801801801801802,0.4504504504504505,0.4504504504504505,0.1801801801801802,0.3603603603603599,0.8108108108108111,0.3603603603603604,0.9009009009009012,0.6306306306306309,0.5405405405405407,0.2702702702702703,0.3603603603603604,0.2702702702702703,0.0,0.0900900900900901,0.0,0.0,0.0,0.0,0.0,0.0,0.0,0.0,0.0,0.09009009009009,0.0,0.0900900900900901,0.0900900900900901,0.0,0.2702702702702703,0.0,0.2702702702702703,0.7207207207207209,0.9009009009009012,0.4504504504504497,0.4504504504504505,0.6306306306306309,0.9009009009009012,0.2702702702702703,0.7207207207207209,0.5405405405405407,0.7207207207207209,0.0,0.0900900900900901,0.0,0.0,0.0,0.0,0.0,0.0,0.0,0.0,0.0,12,46188799.0070815,4.236421475433745,2.198575205150642,333,0.5405405405405406,0.7207207207207207,1.5315315315315312,0.7207207207207209,0.7207207207207209,1.4414414414414405,0.9909909909909912,1.8918918918918923,2.252252252252253,2.5225225225225234,2.252252252252253,1.4414414414414394,2.5225225225225234,1.531531531531532,2.072072072072072,1.9819819819819824,1.621621621621622,1.2612612612612617,1.1711711711711714,0.4504504504504505,0.0900900900900901,0.0900900900900901,0.0,0.0,0.0900900900900901,0.0,0.0,0.0,0.0900900900900901,0.0,7.305872362509245,48.6531267,-123.40297975,12,13,2221060,C
0.2071680741473343,3.343123596379928,3.281686179041807,153.37836711065128,1.1198857920968264,2.4742268041237114,0.0,0.6494845360824743,0.0,0.0,1.764705882352941,0.0,1.7647058823529416,0.0,1.7647058823529416,0.0,0.0,5.294117647058824,1.7647058823529416,3.5294117647058774,1.7647058823529416,7.058823529411766,0.0,0.0,0.0,0.0,3.529411764705883,0.0,1.7647058823529416,0.0,0.0,0.0,0.0,0.0,0.0,0.0,0.0,0.0,0.0,0.0,0.0,0.0,0.0,0.0,0.0,0.0,0.0,0.0,0.0,0.0,0.0,0.0,0.0,0.0,0.0,0.0,0.0,0.0,0.0,0.0,0.0,0.0,0.0,0.0,0.0,0.0,0.0,0.0,0.0,0.0,1.764705882352941,0.0,1.7647058823529416,0.0,0.0,0.0,0.0,3.529411764705883,0.0,0.0,1.7647058823529416,1.7647058823529416,0.0,0.0,0.0,0.0,0.0,0.0,0.0,0.0,0.0,0.0,0.0,0.0,0.0,0.0,0.0,0.0,0.0,0.0,0.0,0.0,0.0,0.0,0.0,0.0,0.0,1.7647058823529416,1.7647058823529416,1.764705882352939,0.0,3.529411764705883,0.0,0.0,0.0,0.0,3.529411764705883,0.0,1.7647058823529416,0.0,0.0,0.0,0.0,0.0,0.0,0.0,0.0,0.0,12,896462.051003276,2.8798011311665177,3.5725078829000703,17,0.0,0.0,1.764705882352941,0.0,1.7647058823529416,0.0,1.7647058823529416,0.0,0.0,5.294117647058824,1.7647058823529416,3.5294117647058774,1.7647058823529416,7.058823529411766,0.0,0.0,0.0,0.0,3.529411764705883,0.0,1.7647058823529416,0.0,0.0,0.0,0.0,0.0,0.0,0.0,0.0,0.0,5.133885928621078,55.25946085,-127.6568236,12,12,2222310,C
0.2416044672347592,3.300148252220178,3.3645043184074663,113.89349080689186,1.12872651496213,2.641509433962264,0.0,0.7122641509433962,0.9836065573770492,0.4918032786885246,1.4754098360655734,0.4918032786885247,0.9836065573770496,0.9836065573770486,0.9836065573770496,0.4918032786885247,3.9344262295081975,0.9836065573770494,2.950819672131148,1.4754098360655716,2.9508196721311486,3.934426229508198,1.9672131147540988,1.9672131147540988,1.9672131147540988,0.4918032786885247,0.0,0.0,0.0,0.4918032786885247,0.0,0.0,0.0,0.0,0.0,0.0,0.0,0.0,0.4918032786885246,0.0,0.0,0.4918032786885247,0.0,0.0,0.0,0.0,1.475409836065574,0.0,0.9836065573770496,0.0,0.4918032786885247,0.4918032786885247,0.0,0.0,0.4918032786885247,0.0,0.0,0.0,0.0,0.4918032786885247,0.0,0.0,0.0,0.0,0.0,0.0,0.0,0.0,0.4918032786885246,0.4918032786885246,0.9836065573770488,0.0,0.9836065573770496,0.9836065573770486,0.9836065573770496,0.4918032786885247,1.967213114754099,0.0,1.475409836065574,0.4918032786885239,1.967213114754099,1.967213114754099,1.475409836065574,1.475409836065574,0.0,0.0,0.0,0.0,0.0,0.0,0.0,0.0,0.0,0.0,0.0,0.0,0.0,0.0,0.0,0.0,0.4918032786885244,0.0,0.0,0.0,0.0,0.0,0.4918032786885247,0.9836065573770494,0.0,0.9836065573770476,0.4918032786885247,0.9836065573770494,0.4918032786885247,0.4918032786885247,0.9836065573770494,0.4918032786885247,0.0,0.0,0.0,0.0,0.0,0.0,0.0,0.0,0.0,0.0,0.0,0.0,12,2155207.3652162096,4.373194296580739,2.741462501885253,61,0.9836065573770492,0.4918032786885246,1.4754098360655736,0.4918032786885247,0.9836065573770494,0.9836065573770486,0.9836065573770494,0.4918032786885247,3.9344262295081975,0.9836065573770494,2.950819672131148,1.4754098360655716,2.950819672131148,3.9344262295081975,1.9672131147540988,1.9672131147540988,1.9672131147540988,0.4918032786885247,0.0,0.0,0.0,0.4918032786885247,0.0,0.0,0.0,0.0,0.0,0.0,0.0,0.0,6.479519898556839,50.6288331,-116.0834811,12,13,2238687,C
0.758271888123936,2.4666654528613785,2.5250917915400684,127.23319224011996,1.0521248484839134,2.8883116883116884,0.0,0.5766233766233766,0.0,0.0,0.0,0.1851851851851852,0.3703703703703704,2.0370370370370354,2.037037037037037,2.592592592592593,3.333333333333334,1.8518518518518523,2.407407407407408,2.037037037037034,3.5185185185185195,2.4074074074074083,2.407407407407408,1.2962962962962967,1.666666666666667,0.3703703703703704,1.1111111111111112,0.1851851851851852,0.1851851851851852,0.0,0.0,0.0,0.0,0.0,0.0,0.0,0.0,0.0,0.0,0.0,0.0,0.0,0.1851851851851852,0.5555555555555551,0.1851851851851852,0.1851851851851852,0.3703703703703704,0.3703703703703704,0.0,0.0,0.0,0.0,0.0,0.0,0.0,0.0,0.7407407407407408,0.0,0.0,0.0,0.0,0.0,0.0,0.0,0.0,0.0,0.0,0.0,0.0,0.0,0.0,0.0,0.0,0.185185185185185,0.3703703703703704,0.3703703703703704,0.3703703703703704,0.0,0.1851851851851852,0.0,0.0,0.0,0.1851851851851852,0.0,0.3703703703703704,0.3703703703703704,0.1851851851851852,0.0,0.1851851851851852,0.0,0.0,0.0,0.0,0.0,0.0,0.0,0.0,0.0,0.0,0.0,0.0,0.1851851851851852,0.1851851851851852,0.185185185185185,0.925925925925926,1.1111111111111114,2.0370370370370376,0.7407407407407409,1.2962962962962967,1.2962962962962945,2.592592592592593,2.0370370370370376,2.0370370370370376,1.2962962962962967,1.1111111111111114,0.0,0.1851851851851852,0.1851851851851852,0.0,0.0,0.0,0.0,0.0,0.0,0.0,0.0,0.0,0.0,12,34226933.75264943,2.69913977740705,4.854614963165484,162,0.0,0.0,0.0,0.1851851851851852,0.3703703703703704,2.0370370370370354,2.037037037037037,2.592592592592593,3.333333333333334,1.8518518518518523,2.4074074074074083,2.037037037037034,3.518518518518519,2.4074074074074083,2.4074074074074083,1.2962962962962967,1.666666666666667,0.3703703703703704,1.1111111111111114,0.1851851851851852,0.1851851851851852,0.0,0.0,0.0,0.0,0.0,0.0,0.0,0.0,0.0,5.210989711309362,37.9687244,-121.3414765,12,12,2319800,C
0.3428255893968788,3.1678371533906917,3.203350822300578,59.2319121254845,1.0735243356783806,2.651321398124467,0.0,0.5387894288150042,0.6051873198847262,0.8645533141210375,1.0374639769452447,1.3832853025936602,1.6426512968299718,2.3342939481268,4.5821325648414994,1.2103746397694526,0.4322766570605189,1.8155619596541788,1.5561959654178676,2.1613832853025903,1.6426512968299714,1.1239193083573489,1.6426512968299716,1.9884726224783864,0.6916426512968301,0.778097982708934,1.9884726224783869,0.3458213256484151,0.0864553314121037,0.0864553314121037,0.0,0.0,0.0,0.0,0.0,0.0,0.0,0.0,0.0864553314121037,0.1729106628242075,0.6051873198847261,0.8645533141210378,1.0374639769452452,0.6916426512968297,0.9510086455331414,0.6051873198847264,0.0,0.6916426512968301,0.6916426512968301,0.4322766570605181,0.1729106628242075,0.2593659942363113,0.2593659942363113,0.6051873198847264,0.1729106628242075,0.0864553314121037,0.0864553314121037,0.0,0.0,0.0,0.0,0.0,0.0,0.0,0.0,0.0,0.0,0.0,0.2593659942363112,0.5187319884726225,0.3458213256484149,0.5187319884726226,0.2593659942363113,0.259365994236311,0.7780979827089339,0.0864553314121037,0.1729106628242075,0.0864553314121037,0.2593659942363113,0.3458213256484145,0.1729106628242075,0.2593659942363113,0.5187319884726226,0.4322766570605188,0.1729106628242075,0.0,0.8645533141210376,0.0864553314121037,0.0864553314121037,0.0864553314121037,0.0,0.0,0.0,0.0,0.0,0.0,0.0,0.0,0.0,0.1729106628242075,0.0,0.0,0.1729106628242075,0.4322766570605185,0.6916426512968302,0.2593659942363112,0.0,0.0864553314121037,0.3458213256484151,0.7780979827089326,0.5187319884726225,0.4322766570605187,0.3458213256484151,0.6051873198847264,0.1729106628242075,0.3458213256484151,0.2593659942363112,0.1729106628242075,0.0,0.0,0.0,0.0,0.0,0.0,0.0,0.0,0.0,0.0,12,42242333.91170998,3.4150658935746177,3.431899233761709,347,0.6051873198847262,0.8645533141210374,1.0374639769452447,1.3832853025936602,1.6426512968299716,2.3342939481268,4.5821325648414994,1.2103746397694528,0.4322766570605188,1.815561959654179,1.556195965417868,2.1613832853025903,1.6426512968299716,1.123919308357349,1.6426512968299716,1.9884726224783864,0.6916426512968301,0.7780979827089339,1.9884726224783864,0.345821325648415,0.0864553314121037,0.0864553314121037,0.0,0.0,0.0,0.0,0.0,0.0,0.0,0.0,5.439834234323961,47.17246655,-122.59494485,12,12,237267,C
0.3920711600012839,3.0997760190635057,3.078155966642651,82.67411891852157,1.064672180120919,2.7720364741641337,0.0,0.5562310030395137,0.2564102564102564,0.2564102564102564,0.0,0.2564102564102564,0.2564102564102564,0.2564102564102563,2.0512820512820515,1.7948717948717952,0.7692307692307693,2.5641025641025643,4.102564102564103,1.7948717948717925,3.8461538461538463,3.5897435897435903,1.0256410256410258,2.5641025641025643,0.7692307692307694,2.8205128205128207,1.0256410256410258,0.0,0.0,0.0,0.0,0.0,0.0,0.0,0.0,0.0,0.0,0.0,0.0,0.0,0.0,0.0,0.0,0.2564102564102563,0.5128205128205129,0.2564102564102564,0.0,0.0,0.5128205128205129,0.0,0.2564102564102564,0.0,0.0,0.0,0.0,0.0,0.0,0.0,0.0,0.0,0.0,0.0,0.0,0.0,0.0,0.0,0.0,0.0,0.0,0.2564102564102564,0.0,0.2564102564102564,0.2564102564102564,0.0,1.0256410256410258,1.0256410256410258,0.0,0.5128205128205129,1.7948717948717952,0.5128205128205121,3.076923076923077,2.5641025641025648,0.7692307692307693,2.0512820512820515,0.5128205128205129,1.5384615384615383,0.7692307692307693,0.0,0.0,0.0,0.0,0.0,0.0,0.0,0.0,0.0,0.0,0.0,0.0,0.0,0.0,0.0,0.0,0.0,0.2564102564102564,0.5128205128205129,0.7692307692307693,1.5384615384615383,1.2820512820512824,1.0256410256410242,0.5128205128205129,0.7692307692307693,0.2564102564102564,0.2564102564102564,0.2564102564102564,0.7692307692307693,0.2564102564102564,0.0,0.0,0.0,0.0,0.0,0.0,0.0,0.0,0.0,0.0,0.0,12,3269275.697092324,3.4096460876874626,4.59009580638085,117,0.2564102564102564,0.2564102564102564,0.0,0.2564102564102565,0.2564102564102565,0.2564102564102563,2.051282051282052,1.7948717948717954,0.7692307692307694,2.5641025641025648,4.102564102564104,1.7948717948717925,3.846153846153847,3.5897435897435908,1.025641025641026,2.5641025641025648,0.7692307692307694,2.820512820512821,1.025641025641026,0.0,0.0,0.0,0.0,0.0,0.0,0.0,0.0,0.0,0.0,0.0,5.588490138975744,46.67409445,-123.7975409,12,12,237596,C
0.9071384084611588,2.0558009349715896,2.318738183737786,40.20270837284686,1.0388230885740704,3.442105263157895,0.0,0.2541353383458646,0.1900739176346357,0.1900739176346356,0.6335797254487855,2.185850052798311,1.235480464625132,0.5702217529039068,1.2671594508975716,2.5343189017951437,3.864836325237593,2.4392819429778254,1.3305174234424502,1.362196409714887,1.837381203801479,3.041182682154172,1.2988384371700108,0.44350580781415,0.7919746568109823,1.077085533262936,3.072861668426612,0.6019007391763467,0.0,0.0316789862724392,0.0,0.0,0.0,0.0,0.0,0.0,0.0,0.0,0.1583949313621964,0.1267159450897571,0.4435058078141498,1.869060190073918,0.7919746568109821,0.126715945089757,0.2534318901795143,1.077085533262936,2.122492080253432,0.8553326293558609,0.1900739176346357,0.2534318901795139,0.0950369588173178,0.0,0.0950369588173178,0.0950369588173178,0.0633579725448785,0.0633579725448785,0.1900739176346357,0.0633579725448785,0.0,0.0,0.0,0.0,0.0,0.0,0.0,0.0,0.0,0.0,0.0316789862724392,0.0633579725448785,0.1900739176346356,0.221752903907075,0.3484688489968321,0.3167898627243926,0.8236536430834215,0.2534318901795143,0.44350580781415,0.6335797254487857,0.221752903907075,0.3167898627243923,0.5702217529039072,2.534318901795143,0.4751847940865893,0.221752903907075,0.2851108764519536,0.44350580781415,0.4751847940865893,0.0633579725448785,0.0,0.0,0.0,0.0,0.0,0.0,0.0,0.0,0.0,0.0,0.0,0.0,0.0,0.0950369588173178,0.0950369588173178,0.0633579725448785,0.1900739176346357,0.9186906019007394,0.7919746568109822,0.6335797254487857,0.7919746568109822,0.3801478352692709,0.8553326293558609,0.2851108764519536,0.2851108764519536,0.0950369588173178,0.221752903907075,0.1267159450897571,0.0633579725448785,0.0,0.0,0.0316789862724392,0.0,0.0,0.0,0.0,0.0,0.0,0.0,0.0,12,23907590.67202671,2.3600776996333157,4.190006242471922,947,0.1900739176346357,0.1900739176346357,0.6335797254487855,2.185850052798311,1.2354804646251325,0.5702217529039068,1.2671594508975714,2.534318901795143,3.864836325237593,2.439281942977825,1.3305174234424502,1.362196409714887,1.8373812038014787,3.0411826821541714,1.2988384371700108,0.44350580781415,0.7919746568109821,1.077085533262936,3.072861668426611,0.6019007391763465,0.0,0.0316789862724392,0.0,0.0,0.0,0.0,0.0,0.0,0.0,0.0,4.455362199717226,47.126042600000005,-118.381521,13,12,237648,C
0.6035960541092269,2.769874390616174,2.940377699542853,84.23476384577107,1.1029632726281609,2.7375,0.0,0.61875,0.6666666666666667,0.0,0.3333333333333332,0.6666666666666669,0.3333333333333334,0.6666666666666663,0.3333333333333334,1.3333333333333337,1.3333333333333337,1.6666666666666672,1.3333333333333337,1.6666666666666643,2.6666666666666674,1.3333333333333337,3.000000000000001,5.000000000000001,2.0000000000000004,0.3333333333333334,4.000000000000001,0.6666666666666669,0.6666666666666669,0.0,0.0,0.0,0.0,0.0,0.0,0.0,0.0,0.0,0.0,0.0,0.3333333333333332,0.6666666666666669,0.0,0.3333333333333331,0.3333333333333334,0.0,0.3333333333333334,0.3333333333333334,0.0,0.0,0.0,0.0,0.3333333333333334,0.3333333333333334,0.0,0.3333333333333334,0.0,0.0,0.0,0.0,0.0,0.0,0.0,0.0,0.0,0.0,0.0,0.0,0.0,0.0,0.0,0.0,0.3333333333333334,0.3333333333333331,0.0,1.0000000000000002,0.0,1.0000000000000002,0.6666666666666669,1.3333333333333317,2.0000000000000004,1.0000000000000002,2.0000000000000004,3.6666666666666674,1.3333333333333337,0.0,3.0000000000000004,0.3333333333333334,0.0,0.0,0.0,0.0,0.0,0.0,0.0,0.0,0.0,0.0,0.0,0.0,0.0,0.0,0.0,0.0,0.0,0.3333333333333334,0.6666666666666669,0.0,0.6666666666666669,0.3333333333333328,0.6666666666666669,0.3333333333333334,0.6666666666666669,1.0000000000000002,0.6666666666666669,0.0,1.0000000000000002,0.3333333333333334,0.6666666666666669,0.0,0.0,0.0,0.0,0.0,0.0,0.0,0.0,0.0,12,1289625.9204708836,4.154119067361578,2.904365032031841,90,0.6666666666666666,0.0,0.3333333333333332,0.6666666666666669,0.3333333333333334,0.6666666666666663,0.3333333333333334,1.3333333333333337,1.3333333333333337,1.666666666666667,1.3333333333333337,1.666666666666664,2.6666666666666674,1.3333333333333337,3.0000000000000004,5.000000000000001,2.0000000000000004,0.3333333333333334,4.000000000000001,0.6666666666666669,0.6666666666666669,0.0,0.0,0.0,0.0,0.0,0.0,0.0,0.0,0.0,5.407207566962204,47.0587375,-123.27445035,12,13,238014,C
0.775319168185201,2.427863202818385,2.574724078583515,82.69505187700025,1.0519792957547875,3.0901960784313727,0.0,0.4549019607843137,0.2238805970149253,0.2238805970149253,0.0,0.2238805970149254,0.6716417910447763,0.4477611940298504,1.1194029850746272,0.8955223880597016,1.567164179104478,1.3432835820895523,1.567164179104478,2.2388059701492504,1.7910447761194033,2.9104477611940305,2.238805970149254,6.4925373134328375,3.5820895522388065,1.119402985074627,1.3432835820895526,0.0,0.0,0.0,0.0,0.0,0.0,0.0,0.0,0.0,0.0,0.0,0.0,0.2238805970149253,0.0,0.2238805970149254,0.6716417910447763,0.0,0.0,0.4477611940298508,0.2238805970149254,0.2238805970149254,0.0,0.0,0.0,0.0,0.0,0.0,0.0,0.0,0.0,0.0,0.0,0.0,0.0,0.0,0.0,0.0,0.0,0.0,0.0,0.0,0.0,0.0,0.0,0.0,0.0,0.0,0.0,0.0,0.4477611940298508,0.6716417910447762,0.2238805970149254,0.4477611940298501,0.2238805970149254,0.6716417910447762,0.8955223880597016,5.820895522388061,3.358208955223881,0.6716417910447762,0.8955223880597016,0.0,0.0,0.0,0.0,0.0,0.0,0.0,0.0,0.0,0.0,0.0,0.0,0.0,0.0,0.0,0.0,0.0,0.0,0.0,0.6716417910447763,0.2238805970149254,0.6716417910447763,0.6716417910447752,0.8955223880597017,0.6716417910447763,0.8955223880597017,0.2238805970149254,0.2238805970149254,0.4477611940298509,0.4477611940298509,0.0,0.0,0.0,0.0,0.0,0.0,0.0,0.0,0.0,0.0,0.0,12,13559195.573772868,3.070686244621873,5.415689042185491,134,0.2238805970149253,0.2238805970149253,0.0,0.2238805970149254,0.6716417910447762,0.4477611940298505,1.119402985074627,0.8955223880597017,1.567164179104478,1.3432835820895523,1.567164179104478,2.2388059701492504,1.7910447761194035,2.9104477611940305,2.238805970149254,6.4925373134328375,3.582089552238807,1.119402985074627,1.3432835820895523,0.0,0.0,0.0,0.0,0.0,0.0,0.0,0.0,0.0,0.0,0.0,3.528621841898212,47.75626,-118.7270875,12,12,238018,C
0.5141654086385467,2.918046350840541,2.920844775470796,48.02159625643691,1.0543883932291636,3.1794095382286147,0.0,0.4549583648750946,0.5676243868255081,1.9131044148563416,1.7449194113524873,2.12333566923616,1.513665031534689,2.1443587946741403,2.3125437981779964,2.060266292922215,1.576734407848634,1.5767344078486338,1.744919411352488,1.4085494043447773,1.4926419060967069,1.1142256482130344,1.2193412754029436,0.7358093903293624,0.988086895585144,1.4926419060967069,1.9131044148563427,0.3153468815697268,0.0420462508759635,0.0,0.0,0.0,0.0,0.0,0.0,0.0,0.0,0.0,0.1261387526278906,0.3153468815697267,0.8199018920812892,1.0091100210231256,0.8199018920812896,0.9250175192711976,0.9880868955851438,0.7988787666433077,0.5255781359495446,0.483531885073581,0.3994393833216538,0.2312543798177992,0.2102312543798178,0.2102312543798178,0.1261387526278907,0.2522775052557814,0.2733006306937632,0.3573931324456903,0.3363700070077086,0.0840925017519271,0.0210231254379817,0.0,0.0,0.0,0.0,0.0,0.0,0.0,0.0,0.0,0.1051156271899089,1.5767344078486334,0.9039943938332164,0.672740014015417,0.3573931324456903,0.4414856341976171,0.483531885073581,0.4204625087596357,0.6306937631394535,0.2522775052557814,0.3363700070077085,0.2102312543798175,0.3363700070077085,0.0630693763139453,0.2522775052557814,0.1681850035038542,0.2733006306937632,0.1681850035038542,0.0840925017519271,0.0,0.0,0.0,0.0,0.0,0.0,0.0,0.0,0.0,0.0,0.0,0.1051156271899088,0.0210231254379817,0.0210231254379817,0.3573931324456903,0.189208128941836,0.4835318850735806,0.4625087596355992,0.5045550105115628,0.3153468815697268,0.6517168885774353,0.6096706377014718,0.2943237561317444,0.2522775052557814,0.4625087596355992,0.6727400140154172,0.189208128941836,0.1681850035038543,0.2733006306937632,0.0840925017519271,0.0210231254379817,0.0210231254379817,0.0,0.0,0.0,0.0,0.0,0.0,0.0,0.0,0.0,12,56784931.01864873,3.06437475061696,3.770815882783674,1427,0.5676243868255081,1.913104414856342,1.7449194113524875,2.12333566923616,1.5136650315346885,2.1443587946741403,2.3125437981779964,2.060266292922215,1.5767344078486338,1.5767344078486338,1.744919411352488,1.4085494043447773,1.4926419060967069,1.1142256482130346,1.2193412754029436,0.7358093903293624,0.9880868955851438,1.4926419060967069,1.9131044148563423,0.3153468815697268,0.0420462508759635,0.0,0.0,0.0,0.0,0.0,0.0,0.0,0.0,0.0,6.63706909162121,42.972872550000005,-87.87096635,12,12,242286,C
0.7669306697796906,2.447134053943082,2.6384607183506508,87.45174671426423,1.1187801487829068,2.676844783715013,0.0,0.6030534351145038,0.2608695652173913,0.0,0.5217391304347825,0.5217391304347827,0.2608695652173913,0.7826086956521734,0.5217391304347827,1.0434782608695654,2.086956521739131,0.2608695652173913,1.0434782608695654,1.5652173913043457,3.391304347826088,2.8695652173913047,6.000000000000001,2.608695652173914,2.8695652173913047,0.7826086956521741,2.3478260869565224,0.0,0.0,0.0,0.2608695652173913,0.0,0.0,0.0,0.0,0.0,0.0,0.0,0.0,0.0,0.5217391304347825,0.5217391304347827,0.0,0.2608695652173911,0.2608695652173913,0.2608695652173913,0.2608695652173913,0.0,0.0,0.2608695652173909,0.0,0.2608695652173913,0.0,0.5217391304347827,0.5217391304347827,0.2608695652173913,0.0,0.0,0.0,0.0,0.0,0.0,0.0,0.0,0.0,0.0,0.0,0.0,0.0,0.0,0.0,0.0,0.0,0.5217391304347823,0.2608695652173913,0.7826086956521741,1.304347826086957,0.0,0.0,0.0,0.7826086956521741,0.5217391304347827,4.173913043478262,1.304347826086957,1.0434782608695654,0.2608695652173913,1.0434782608695654,0.0,0.0,0.0,0.0,0.0,0.0,0.0,0.0,0.0,0.0,0.0,0.0,0.0,0.0,0.0,0.2608695652173913,0.0,0.0,0.0,0.5217391304347827,0.2608695652173913,0.7826086956521741,0.7826086956521728,1.0434782608695654,0.5217391304347827,1.0434782608695654,0.5217391304347827,1.0434782608695654,0.2608695652173913,1.0434782608695654,0.0,0.0,0.0,0.2608695652173913,0.0,0.0,0.0,0.0,0.0,0.0,0.0,12,6847960.017499098,4.1898022346925,3.271942066063697,115,0.2608695652173913,0.0,0.5217391304347825,0.5217391304347827,0.2608695652173913,0.7826086956521734,0.5217391304347827,1.0434782608695654,2.086956521739131,0.2608695652173913,1.0434782608695654,1.5652173913043457,3.391304347826088,2.8695652173913047,6.000000000000001,2.608695652173913,2.8695652173913047,0.7826086956521741,2.3478260869565224,0.0,0.0,0.0,0.2608695652173913,0.0,0.0,0.0,0.0,0.0,0.0,0.0,5.853916629618829,44.542474,-87.703111,12,13,242816,C
0.959220579508928,1.8298622527250408,1.9933734653828084,106.44810906592656,1.0405002650555868,3.112540192926045,0.0,0.5691318327974276,0.1796407185628742,0.0,0.3592814371257484,0.0,0.1796407185628742,0.7185628742514965,1.0778443113772456,1.6167664670658688,3.9520958083832345,3.413173652694612,2.6946107784431144,2.155688622754488,2.3353293413173657,2.3353293413173657,2.6946107784431144,2.8742514970059885,1.6167664670658686,1.0778443113772458,0.5389221556886229,0.0,0.0,0.1796407185628742,0.0,0.0,0.0,0.0,0.0,0.0,0.0,0.0,0.0,0.0,0.0,0.0,0.0,0.0,0.0,0.0,0.0,0.3592814371257486,0.1796407185628743,0.0,0.1796407185628743,0.1796407185628743,0.0,0.0,0.0,0.0,0.0,0.0,0.0,0.0,0.0,0.0,0.0,0.0,0.0,0.0,0.0,0.0,0.0,0.0,0.3592814371257484,0.0,0.1796407185628742,0.1796407185628741,0.0,0.5389221556886228,1.6167664670658686,0.5389221556886228,0.8982035928143715,1.257485029940118,1.0778443113772456,1.4371257485029942,0.7185628742514971,1.6167664670658686,0.7185628742514971,0.7185628742514971,0.1796407185628742,0.0,0.0,0.1796407185628742,0.0,0.0,0.0,0.0,0.0,0.0,0.0,0.0,0.0,0.0,0.0,0.0,0.0,0.0,0.1796407185628743,0.3592814371257486,1.6167664670658686,1.6167664670658686,0.5389221556886229,0.179640718562874,0.5389221556886229,0.1796407185628743,1.6167664670658686,1.0778443113772458,0.8982035928143715,0.1796407185628743,0.3592814371257486,0.0,0.0,0.0,0.0,0.0,0.0,0.0,0.0,0.0,0.0,0.0,12,17422211.26010781,2.88442865819484,3.291112153348047,167,0.1796407185628742,0.0,0.3592814371257484,0.0,0.1796407185628743,0.7185628742514966,1.0778443113772458,1.6167664670658686,3.952095808383234,3.4131736526946117,2.6946107784431144,2.155688622754488,2.335329341317366,2.335329341317366,2.6946107784431144,2.874251497005989,1.6167664670658686,1.0778443113772458,0.5389221556886229,0.0,0.0,0.1796407185628743,0.0,0.0,0.0,0.0,0.0,0.0,0.0,0.0,7.63058781780139,43.954113750000005,-89.81767049999999,12,13,242817,C
0.1737445993428655,3.3839510496196725,3.377362726756004,98.3279120373796,1.0986726238979312,2.685714285714285,0.0,0.5428571428571428,0.3191489361702128,1.5957446808510638,0.6382978723404255,1.5957446808510642,2.872340425531916,1.595744680851063,0.9574468085106383,0.0,2.872340425531916,0.9574468085106383,1.5957446808510642,3.5106382978723354,2.5531914893617027,0.6382978723404257,1.914893617021277,0.9574468085106383,0.3191489361702128,0.9574468085106383,3.510638297872341,0.6382978723404257,0.0,0.0,0.0,0.0,0.0,0.0,0.0,0.0,0.0,0.0,0.0,0.6382978723404256,0.6382978723404255,0.9574468085106383,1.5957446808510642,0.6382978723404251,0.0,0.0,0.9574468085106383,0.3191489361702128,0.3191489361702128,0.3191489361702123,0.9574468085106383,0.0,0.9574468085106383,0.3191489361702128,0.0,0.0,0.6382978723404257,0.0,0.0,0.0,0.0,0.0,0.0,0.0,0.0,0.0,0.0,0.0,0.0,0.3191489361702128,0.0,0.6382978723404257,0.6382978723404257,0.0,0.6382978723404257,0.0,0.9574468085106383,0.3191489361702128,0.6382978723404257,0.3191489361702123,0.3191489361702128,0.3191489361702128,0.3191489361702128,0.3191489361702128,0.0,0.0,0.3191489361702128,0.3191489361702128,0.0,0.0,0.0,0.0,0.0,0.0,0.0,0.0,0.0,0.0,0.0,0.3191489361702128,0.0,0.0,0.3191489361702128,0.0,0.0,0.0,0.6382978723404257,0.3191489361702128,0.3191489361702128,1.9148936170212736,1.2765957446808514,0.3191489361702128,0.6382978723404257,0.3191489361702128,0.0,0.9574468085106383,1.914893617021277,0.3191489361702128,0.0,0.0,0.0,0.0,0.0,0.0,0.0,0.0,0.0,0.0,12,5072343.127114381,4.581039718170651,5.571155394535396,94,0.3191489361702128,1.5957446808510638,0.6382978723404253,1.595744680851064,2.872340425531916,1.595744680851063,0.9574468085106383,0.0,2.872340425531916,0.9574468085106383,1.595744680851064,3.5106382978723354,2.5531914893617027,0.6382978723404257,1.914893617021277,0.9574468085106383,0.3191489361702128,0.9574468085106383,3.510638297872341,0.6382978723404257,0.0,0.0,0.0,0.0,0.0,0.0,0.0,0.0,0.0,0.0,5.978736800760728,45.0530795,-87.2868165,12,12,251112,C
0.675416804015996,2.638249030652731,2.774214078601082,86.19626049817526,1.0901877954662251,2.785467128027681,0.0,0.7577854671280276,0.7281553398058251,0.2912621359223301,0.436893203883495,0.4368932038834953,0.7281553398058255,1.4563106796116496,1.3106796116504855,2.7669902912621365,3.2038834951456314,1.6019417475728157,3.4951456310679614,2.475728155339802,3.203883495145632,1.1650485436893208,0.8737864077669905,2.184466019417476,1.0194174757281556,1.456310679611651,1.0194174757281556,0.0,0.145631067961165,0.0,0.0,0.0,0.0,0.0,0.0,0.0,0.0,0.0,0.145631067961165,0.0,0.145631067961165,0.2912621359223302,0.5825242718446604,0.5825242718446598,0.2912621359223302,0.2912621359223302,0.7281553398058254,0.1456310679611651,0.4368932038834952,0.2912621359223296,0.8737864077669905,0.4368932038834952,0.0,0.2912621359223302,0.0,0.2912621359223302,0.0,0.0,0.0,0.0,0.0,0.0,0.0,0.0,0.0,0.0,0.0,0.0,0.0,0.2912621359223301,0.29126213592233,0.145631067961165,0.0,0.4368932038834948,0.2912621359223301,0.8737864077669903,1.3106796116504855,0.8737864077669903,0.8737864077669903,0.873786407766989,0.4368932038834952,0.145631067961165,0.145631067961165,0.8737864077669903,0.4368932038834952,0.5825242718446603,0.0,0.0,0.145631067961165,0.0,0.0,0.0,0.0,0.0,0.0,0.0,0.0,0.0,0.0,0.0,0.0,0.0,0.1456310679611651,0.2912621359223299,0.7281553398058254,1.0194174757281556,0.5825242718446604,0.4368932038834952,0.7281553398058254,0.7281553398058243,1.3106796116504855,0.5825242718446604,0.7281553398058254,0.8737864077669905,0.5825242718446604,0.2912621359223302,1.0194174757281556,0.0,0.0,0.0,0.0,0.0,0.0,0.0,0.0,0.0,0.0,0.0,12,12894307.665689755,3.87003355855681,3.307150088277937,206,0.7281553398058253,0.2912621359223301,0.436893203883495,0.4368932038834952,0.7281553398058254,1.4563106796116496,1.3106796116504855,2.7669902912621365,3.2038834951456314,1.6019417475728157,3.495145631067962,2.475728155339802,3.2038834951456314,1.1650485436893208,0.8737864077669905,2.184466019417476,1.0194174757281556,1.4563106796116507,1.0194174757281556,0.0,0.1456310679611651,0.0,0.0,0.0,0.0,0.0,0.0,0.0,0.0,0.0,7.157731402441984,44.6671284,-88.23632845,12,13,251495,C
0.8057466058428984,2.354750625736761,2.478731595982411,153.33890060625637,1.0780721241848767,2.309859154929577,0.0,0.5633802816901409,0.0,0.0,0.0,0.0,0.0,0.0,0.0,0.0,2.727272727272728,8.181818181818182,0.0,0.0,0.0,0.0,2.7272727272727275,5.454545454545455,0.0,8.181818181818182,0.0,2.7272727272727275,0.0,0.0,0.0,0.0,0.0,0.0,0.0,0.0,0.0,0.0,0.0,0.0,0.0,0.0,0.0,0.0,0.0,0.0,2.727272727272728,0.0,0.0,0.0,0.0,0.0,0.0,2.727272727272728,0.0,0.0,0.0,0.0,0.0,0.0,0.0,0.0,0.0,0.0,0.0,0.0,0.0,0.0,0.0,0.0,0.0,0.0,0.0,0.0,0.0,0.0,0.0,8.181818181818182,0.0,0.0,0.0,0.0,0.0,0.0,0.0,0.0,0.0,0.0,0.0,0.0,0.0,0.0,0.0,0.0,0.0,0.0,0.0,0.0,0.0,0.0,0.0,0.0,0.0,0.0,0.0,0.0,0.0,0.0,0.0,0.0,0.0,0.0,2.7272727272727275,2.7272727272727275,0.0,8.181818181818182,0.0,2.7272727272727275,0.0,0.0,0.0,0.0,0.0,0.0,0.0,0.0,0.0,0.0,12,138796.54247654992,2.904553166212514,2.081871652733884,11,0.0,0.0,0.0,0.0,0.0,0.0,0.0,0.0,2.727272727272728,8.181818181818183,0.0,0.0,0.0,0.0,2.727272727272728,5.454545454545456,0.0,8.181818181818183,0.0,2.727272727272728,0.0,0.0,0.0,0.0,0.0,0.0,0.0,0.0,0.0,0.0,5.577581565164745,45.1969601,-92.53169425,12,13,251559,C
0.6464980177947203,2.692843598307799,2.920063082204739,105.42916160915895,1.055930095312172,2.6903553299492384,0.0,0.6345177664974619,0.0,0.9523809523809524,0.952380952380952,0.0,0.4761904761904763,1.9047619047619035,1.4285714285714288,0.9523809523809526,1.4285714285714288,6.190476190476192,1.9047619047619049,0.4761904761904755,0.9523809523809526,0.0,0.0,3.333333333333333,3.80952380952381,0.9523809523809526,3.80952380952381,0.4761904761904763,0.0,0.0,0.0,0.0,0.0,0.0,0.0,0.0,0.0,0.0,0.0,0.0,0.476190476190476,0.0,0.4761904761904763,0.0,0.4761904761904763,0.4761904761904763,0.4761904761904763,0.0,0.0,0.0,0.4761904761904763,0.0,0.0,0.4761904761904763,0.0,0.0,0.0,0.0,0.0,0.0,0.0,0.0,0.0,0.0,0.0,0.0,0.0,0.0,0.0,0.0,0.476190476190476,0.0,0.0,0.9523809523809518,0.4761904761904763,0.4761904761904763,0.4761904761904763,3.3333333333333344,0.0,0.0,0.0,0.0,0.0,0.0,1.4285714285714288,0.4761904761904763,1.4285714285714288,0.4761904761904763,0.0,0.0,0.0,0.0,0.0,0.0,0.0,0.0,0.0,0.0,0.0,0.4761904761904761,0.0,0.0,0.0,0.4761904761904759,0.4761904761904763,0.0,0.4761904761904763,2.3809523809523814,1.4285714285714286,0.4761904761904755,0.0,0.0,0.0,2.857142857142857,2.3809523809523814,0.4761904761904763,2.3809523809523814,0.0,0.0,0.0,0.0,0.0,0.0,0.0,0.0,0.0,0.0,0.0,12,1723330.4091282715,2.552765912205912,3.249082902499417,63,0.0,0.9523809523809524,0.952380952380952,0.0,0.4761904761904763,1.9047619047619035,1.4285714285714288,0.9523809523809528,1.4285714285714288,6.1904761904761925,1.904761904761905,0.4761904761904755,0.9523809523809528,0.0,0.0,3.3333333333333344,3.80952380952381,0.9523809523809528,3.80952380952381,0.4761904761904763,0.0,0.0,0.0,0.0,0.0,0.0,0.0,0.0,0.0,0.0,4.196701802502655,44.8240771,-89.16354849999999,12,13,251588,C
0.6626219944677249,2.662691806913301,2.673314113700095,93.52618087371924,1.0932693107362426,2.6847457627118643,0.0,0.6983050847457627,1.7045454545454546,0.3409090909090909,1.363636363636363,0.340909090909091,0.340909090909091,0.3409090909090907,1.363636363636364,1.363636363636364,1.022727272727273,2.045454545454546,1.363636363636364,2.7272727272727235,2.045454545454546,2.7272727272727275,1.022727272727273,1.704545454545455,3.068181818181819,2.727272727272728,1.704545454545455,0.681818181818182,0.0,0.0,0.0,0.0,0.0,0.0,0.0,0.0,0.0,0.0,0.0,0.0,0.3409090909090908,0.0,0.340909090909091,0.3409090909090907,0.681818181818182,1.363636363636364,0.0,0.340909090909091,0.0,0.0,0.340909090909091,0.681818181818182,0.340909090909091,0.0,0.340909090909091,0.340909090909091,0.681818181818182,0.0,0.0,0.0,0.0,0.0,0.0,0.0,0.0,0.0,0.0,0.0,0.3409090909090909,0.3409090909090909,0.6818181818181817,0.340909090909091,0.0,0.0,0.681818181818182,0.0,1.022727272727273,1.022727272727273,0.340909090909091,2.0454545454545427,1.704545454545455,0.340909090909091,0.681818181818182,0.340909090909091,1.022727272727273,0.340909090909091,0.340909090909091,0.0,0.0,0.0,0.0,0.0,0.0,0.0,0.0,0.0,0.0,0.0,0.0,0.0,0.3409090909090908,0.0,0.0,0.0,0.0,0.0,0.0,0.340909090909091,0.681818181818182,0.0,0.0,1.363636363636364,0.0,0.681818181818182,1.363636363636364,1.704545454545455,0.340909090909091,0.340909090909091,0.0,0.0,0.0,0.0,0.0,0.0,0.0,0.0,0.0,0.0,12,3780020.322774637,4.061415318787098,2.5327766627753734,88,1.7045454545454546,0.3409090909090909,1.363636363636363,0.340909090909091,0.340909090909091,0.3409090909090907,1.363636363636364,1.363636363636364,1.022727272727273,2.045454545454546,1.363636363636364,2.7272727272727235,2.045454545454546,2.727272727272728,1.022727272727273,1.7045454545454548,3.068181818181819,2.727272727272728,1.7045454545454548,0.681818181818182,0.0,0.0,0.0,0.0,0.0,0.0,0.0,0.0,0.0,0.0,6.007279822442675,44.7382172,-88.4460245,12,13,251596,C
0.7618420731532359,2.458655363485306,2.6258660835337664,100.52969496353754,1.0928509300604272,2.485549132947977,0.0,0.6473988439306358,0.0,0.0,0.0,0.0,0.0,1.9999999999999991,1.0000000000000002,0.0,0.0,4.000000000000001,2.0000000000000004,4.999999999999993,1.0000000000000002,2.0000000000000004,3.000000000000001,0.0,3.0000000000000004,1.0000000000000002,6.000000000000001,0.0,0.0,0.0,0.0,0.0,0.0,0.0,0.0,0.0,0.0,0.0,0.0,0.0,0.0,0.0,0.0,0.9999999999999994,0.0,0.0,0.0,1.0000000000000002,0.0,0.0,0.0,0.0,0.0,0.0,0.0,0.0,0.0,0.0,0.0,0.0,0.0,0.0,0.0,0.0,0.0,0.0,0.0,0.0,0.0,0.0,0.0,0.0,0.0,0.9999999999999996,1.0000000000000002,0.0,0.0,1.0000000000000002,1.0000000000000002,0.0,0.0,0.0,1.0000000000000002,0.0,3.0000000000000004,1.0000000000000002,3.0000000000000004,0.0,0.0,0.0,0.0,0.0,0.0,0.0,0.0,0.0,0.0,0.0,0.0,0.0,0.0,0.0,0.0,0.0,0.0,0.0,0.0,0.0,0.0,2.999999999999996,1.0000000000000002,2.0000000000000004,2.0000000000000004,0.0,0.0,0.0,3.0000000000000004,0.0,0.0,0.0,0.0,0.0,0.0,0.0,0.0,0.0,0.0,0.0,12,1466298.7679431604,2.5590332128005104,2.803485080830695,30,0.0,0.0,0.0,0.0,0.0,1.999999999999999,1.0000000000000002,0.0,0.0,4.000000000000001,2.0000000000000004,4.999999999999992,1.0000000000000002,2.0000000000000004,3.0000000000000004,0.0,3.0000000000000004,1.0000000000000002,6.000000000000001,0.0,0.0,0.0,0.0,0.0,0.0,0.0,0.0,0.0,0.0,0.0,5.755477616157302,44.93161115,-89.21136605000001,12,13,251599,C
0.3393056774125484,3.172602657017443,3.242714651783824,97.42427865352064,1.095144999273335,2.669683257918552,0.0,0.6787330316742082,0.0,0.0,0.8695652173913041,0.4347826086956523,0.4347826086956523,0.4347826086956519,0.8695652173913047,0.8695652173913047,1.304347826086957,2.608695652173914,0.4347826086956523,3.043478260869561,3.913043478260871,2.608695652173914,2.608695652173913,3.0434782608695663,1.304347826086957,1.739130434782609,2.608695652173913,0.4347826086956523,0.4347826086956523,0.0,0.0,0.0,0.0,0.0,0.0,0.0,0.0,0.0,0.0,0.0,0.434782608695652,0.4347826086956523,0.0,0.4347826086956519,0.0,0.0,0.8695652173913045,1.3043478260869568,0.0,0.0,0.8695652173913045,0.4347826086956523,0.0,0.0,0.0,0.0,0.0,0.0,0.0,0.0,0.0,0.0,0.0,0.0,0.0,0.0,0.0,0.0,0.0,0.0,0.434782608695652,0.0,0.0,0.0,0.4347826086956523,0.8695652173913047,0.4347826086956523,0.8695652173913047,0.4347826086956523,0.0,0.8695652173913047,0.4347826086956523,0.0,2.1739130434782616,0.8695652173913047,0.4347826086956523,0.4347826086956523,0.0,0.0,0.0,0.0,0.0,0.0,0.0,0.0,0.0,0.0,0.0,0.0,0.0,0.0,0.0,0.4347826086956523,0.0,0.4347826086956523,0.0,0.0,0.4347826086956523,0.0,1.3043478260869548,1.3043478260869568,0.8695652173913045,2.608695652173913,0.4347826086956523,0.4347826086956523,0.4347826086956523,2.173913043478261,0.4347826086956523,0.4347826086956523,0.0,0.0,0.0,0.0,0.0,0.0,0.0,0.0,0.0,12,3547073.371624614,2.4532899986607952,2.779081648361287,69,0.0,0.0,0.8695652173913041,0.4347826086956523,0.4347826086956523,0.4347826086956519,0.8695652173913045,0.8695652173913045,1.3043478260869568,2.608695652173913,0.4347826086956523,3.0434782608695605,3.9130434782608714,2.608695652173913,2.608695652173913,3.043478260869566,1.3043478260869568,1.739130434782609,2.608695652173913,0.4347826086956523,0.4347826086956523,0.0,0.0,0.0,0.0,0.0,0.0,0.0,0.0,0.0,3.277688124726734,42.878773,-88.588225,12,13,251621,C
0.7287712623963492,2.5307101650748582,2.632255634782408,95.25519181843396,1.0435150033686806,2.920273348519362,0.0,0.5398633257403189,0.0,0.15625,0.7812499999999998,0.7812500000000002,0.3125,1.2499999999999991,0.6250000000000001,0.6250000000000001,1.0937500000000002,1.7187500000000004,1.5625000000000002,1.2499999999999982,1.7187500000000004,4.062500000000001,3.281250000000001,3.2812500000000004,2.3437500000000004,0.9375000000000002,4.062500000000001,0.15625,0.0,0.0,0.0,0.0,0.0,0.0,0.0,0.0,0.0,0.0,0.0,0.15625,0.1562499999999999,0.15625,0.15625,0.3124999999999998,0.15625,0.0,0.0,0.0,0.15625,0.1562499999999997,0.0,0.0,0.0,0.0,0.0,0.0,0.0,0.0,0.0,0.0,0.0,0.0,0.0,0.0,0.0,0.0,0.0,0.0,0.0,0.0,0.6249999999999998,0.3125,0.15625,0.7812499999999996,0.3125,0.3125,0.3125,0.7812500000000001,0.15625,0.1562499999999997,1.0937500000000004,1.4062500000000002,2.656250000000001,2.0312500000000004,0.9375000000000002,0.15625,0.9375000000000002,0.0,0.0,0.0,0.0,0.0,0.0,0.0,0.0,0.0,0.0,0.0,0.0,0.0,0.0,0.3125,0.0,0.1562499999999999,0.15625,0.3125,0.6250000000000001,0.15625,1.0937500000000002,0.3124999999999995,0.3125,1.2500000000000002,0.3125,0.7812500000000001,0.7812500000000001,0.15625,2.1875000000000004,0.15625,0.0,0.0,0.0,0.0,0.0,0.0,0.0,0.0,0.0,0.0,12,22439523.394205004,3.506030988011509,3.7137612951013135,192,0.0,0.15625,0.7812499999999999,0.7812500000000001,0.3125,1.2499999999999991,0.6250000000000001,0.6250000000000001,1.0937500000000002,1.7187500000000002,1.5625000000000002,1.2499999999999982,1.7187500000000002,4.062500000000001,3.2812500000000004,3.2812500000000004,2.3437500000000004,0.9375,4.062500000000001,0.15625,0.0,0.0,0.0,0.0,0.0,0.0,0.0,0.0,0.0,0.0,7.341837307976879,44.60406355,-87.44142595,12,12,251644,C
0.9247255520011868,1.9890474394852016,2.143882510812325,114.58555384125528,1.0546707286423005,3.0166666666666666,0.0,0.625,0.0,0.0,0.5084745762711864,0.0,0.5084745762711865,0.5084745762711861,0.0,0.0,2.033898305084746,1.016949152542373,2.033898305084746,1.0169491525423715,1.016949152542373,0.5084745762711865,2.033898305084746,0.5084745762711865,2.5423728813559325,3.0508474576271194,8.135593220338984,4.576271186440679,0.0,0.0,0.0,0.0,0.0,0.0,0.0,0.0,0.0,0.0,0.0,0.0,0.5084745762711864,0.0,0.5084745762711865,0.0,0.0,0.0,0.0,0.0,0.0,0.0,0.0,0.0,0.0,0.0,0.5084745762711865,0.0,0.0,0.0,0.0,0.0,0.0,0.0,0.0,0.0,0.0,0.0,0.0,0.0,0.0,0.0,0.0,0.0,0.0,0.0,0.0,0.0,1.016949152542373,0.5084745762711865,1.5254237288135597,0.0,0.0,0.0,0.5084745762711865,0.0,0.0,0.5084745762711865,1.016949152542373,0.5084745762711865,0.0,0.0,0.0,0.0,0.0,0.0,0.0,0.0,0.0,0.0,0.0,0.0,0.0,0.0,0.0,0.5084745762711861,0.0,0.0,0.5084745762711865,0.0,0.5084745762711865,0.5084745762711856,0.5084745762711865,0.5084745762711865,1.016949152542373,0.5084745762711865,2.033898305084746,1.016949152542373,6.610169491525426,3.559322033898306,0.0,0.0,0.0,0.0,0.0,0.0,0.0,0.0,0.0,0.0,12,2331469.2983422563,3.7029569065645336,2.443291383542586,59,0.0,0.0,0.5084745762711863,0.0,0.5084745762711865,0.5084745762711861,0.0,0.0,2.033898305084746,1.016949152542373,2.033898305084746,1.0169491525423715,1.016949152542373,0.5084745762711865,2.033898305084746,0.5084745762711865,2.5423728813559325,3.050847457627119,8.135593220338984,4.576271186440679,0.0,0.0,0.0,0.0,0.0,0.0,0.0,0.0,0.0,0.0,4.081791807015332,44.2228682,-89.4967271,12,13,251714,C
0.3940279757373938,3.097015624565013,3.114487175018306,86.89249216506947,1.1051074022232987,2.511278195488722,0.0,0.6127819548872181,0.5454545454545454,0.5454545454545454,1.0909090909090906,1.0909090909090913,3.818181818181819,0.5454545454545452,0.5454545454545456,1.636363636363637,1.0909090909090913,1.636363636363637,2.1818181818181825,2.1818181818181785,1.0909090909090913,2.1818181818181825,2.1818181818181825,2.1818181818181825,0.0,3.8181818181818192,1.636363636363637,0.0,0.0,0.0,0.0,0.0,0.0,0.0,0.0,0.0,0.0,0.0,0.5454545454545454,0.5454545454545454,0.5454545454545453,0.5454545454545456,1.636363636363637,0.5454545454545452,0.0,0.5454545454545456,0.0,0.5454545454545456,0.0,0.0,0.0,0.5454545454545456,0.0,0.0,0.0,0.0,0.0,0.0,0.0,0.0,0.0,0.0,0.0,0.0,0.0,0.0,0.0,0.0,0.0,0.0,0.5454545454545453,0.5454545454545456,1.0909090909090913,0.0,0.5454545454545456,0.0,1.0909090909090913,0.5454545454545456,0.0,1.0909090909090893,1.0909090909090913,0.5454545454545456,1.0909090909090913,1.0909090909090913,0.0,0.5454545454545456,1.0909090909090913,0.0,0.0,0.0,0.0,0.0,0.0,0.0,0.0,0.0,0.0,0.0,0.0,0.0,0.0,0.0,0.0,0.0,0.0,1.0909090909090913,0.0,0.5454545454545456,2.1818181818181825,1.0909090909090893,0.0,0.0,1.0909090909090913,1.0909090909090913,0.0,3.2727272727272734,0.5454545454545456,0.0,0.0,0.0,0.0,0.0,0.0,0.0,0.0,0.0,0.0,0.0,12,672555.1114984843,2.6497385916560887,2.926198390184669,55,0.5454545454545454,0.5454545454545454,1.0909090909090906,1.0909090909090913,3.8181818181818192,0.5454545454545451,0.5454545454545456,1.636363636363637,1.0909090909090913,1.636363636363637,2.1818181818181825,2.1818181818181785,1.0909090909090913,2.1818181818181825,2.1818181818181825,2.1818181818181825,0.0,3.8181818181818192,1.636363636363637,0.0,0.0,0.0,0.0,0.0,0.0,0.0,0.0,0.0,0.0,0.0,2.9966279592764784,44.0853155,-91.356629,12,13,251767,C
0.5575664135396463,2.848014675932361,2.914273100418508,96.65564402405089,1.1014137930848702,2.6820809248554918,0.0,0.7514450867052023,0.6,0.6,0.0,0.6000000000000001,1.2000000000000002,1.1999999999999993,2.4000000000000004,1.2000000000000004,1.8000000000000005,0.0,3.0000000000000004,2.999999999999996,1.8000000000000005,3.6000000000000005,1.2000000000000002,1.8000000000000005,1.2000000000000002,3.0000000000000004,1.2000000000000002,0.0,0.6000000000000001,0.0,0.0,0.0,0.0,0.0,0.0,0.0,0.0,0.0,0.0,0.6,0.0,0.6000000000000001,0.6000000000000001,0.5999999999999996,1.2000000000000002,0.0,0.0,0.0,0.0,0.5999999999999991,0.6000000000000001,1.2000000000000002,0.0,0.0,0.0,0.6000000000000001,0.6000000000000001,0.0,0.0,0.0,0.0,0.0,0.0,0.0,0.0,0.0,0.0,0.0,0.0,0.0,0.0,0.0,0.0,0.0,0.0,0.6000000000000002,1.2000000000000004,0.0,0.6000000000000002,0.5999999999999992,0.6000000000000002,1.2000000000000004,0.0,0.0,0.6000000000000002,0.6000000000000002,0.6000000000000002,0.0,0.0,0.0,0.0,0.0,0.0,0.0,0.0,0.0,0.0,0.0,0.0,0.0,0.0,0.0,0.6000000000000001,0.5999999999999996,0.6000000000000001,0.0,0.6000000000000001,0.0,0.6000000000000001,1.7999999999999974,0.0,0.6000000000000001,1.2000000000000002,1.8000000000000005,0.6000000000000001,1.2000000000000002,0.0,0.0,0.6000000000000001,0.0,0.0,0.0,0.0,0.0,0.0,0.0,0.0,0.0,12,3734130.183339201,2.997686584027484,2.15035893303639,50,0.6,0.6,0.0,0.6000000000000001,1.2000000000000002,1.1999999999999993,2.4000000000000004,1.2000000000000002,1.8000000000000005,0.0,3.0000000000000004,2.999999999999996,1.8000000000000005,3.6000000000000005,1.2000000000000002,1.8000000000000005,1.2000000000000002,3.0000000000000004,1.2000000000000002,0.0,0.6000000000000001,0.0,0.0,0.0,0.0,0.0,0.0,0.0,0.0,0.0,3.821210570935656,44.0709465,-87.885073,12,13,251805,C
0.4601742873707166,3.000932859953455,3.08907551759422,107.71999386094394,1.0766937646175554,2.5462962962962963,0.0,0.6620370370370371,0.0,0.588235294117647,0.5882352941176469,0.5882352941176472,3.529411764705883,1.7647058823529402,2.941176470588236,1.7647058823529411,1.1764705882352944,1.7647058823529416,1.1764705882352944,1.1764705882352924,1.7647058823529416,1.1764705882352944,2.3529411764705888,0.5882352941176472,1.7647058823529416,0.5882352941176472,3.5294117647058827,1.1764705882352944,0.0,0.0,0.0,0.0,0.0,0.0,0.0,0.0,0.0,0.0,0.0,0.0,0.0,0.0,1.1764705882352944,1.1764705882352935,0.5882352941176472,0.0,0.0,0.5882352941176472,0.0,0.0,0.0,0.0,0.0,0.0,0.0,0.0,0.0,0.0,0.0,0.0,0.0,0.0,0.0,0.0,0.0,0.0,0.0,0.0,0.0,0.588235294117647,0.5882352941176469,0.5882352941176472,2.3529411764705888,0.5882352941176466,1.1764705882352944,1.7647058823529411,0.5882352941176472,0.5882352941176472,0.5882352941176472,1.1764705882352924,1.1764705882352944,0.5882352941176472,0.0,0.0,0.0,0.5882352941176472,1.7647058823529411,0.5882352941176472,0.0,0.0,0.0,0.0,0.0,0.0,0.0,0.0,0.0,0.0,0.0,0.0,0.0,0.0,0.0,0.0,1.1764705882352944,0.0,0.0,0.5882352941176472,0.0,0.0,0.5882352941176472,0.0,1.1764705882352944,0.5882352941176472,1.1764705882352944,0.0,1.7647058823529411,0.5882352941176472,0.0,0.0,0.0,0.0,0.0,0.0,0.0,0.0,0.0,0.0,12,2145526.773993847,3.3990591735318305,3.9133844972714433,51,0.0,0.5882352941176471,0.588235294117647,0.5882352941176472,3.5294117647058827,1.76470588235294,2.941176470588236,1.7647058823529411,1.1764705882352944,1.7647058823529411,1.1764705882352944,1.1764705882352924,1.7647058823529411,1.1764705882352944,2.3529411764705888,0.5882352941176472,1.7647058823529411,0.5882352941176472,3.5294117647058827,1.1764705882352944,0.0,0.0,0.0,0.0,0.0,0.0,0.0,0.0,0.0,0.0,6.654378078607592,44.2314355,-87.6461005,12,12,251809,C
0.3311209690744008,3.183634848828838,3.222611024312034,75.99221543366141,1.1393130082329868,2.6620689655172414,0.0,0.5620689655172414,0.3529411764705882,0.7058823529411765,1.0588235294117645,1.058823529411765,2.11764705882353,1.411764705882352,1.058823529411765,2.470588235294118,2.470588235294118,1.7647058823529416,0.3529411764705883,2.470588235294114,2.8235294117647065,1.058823529411765,3.529411764705883,0.7058823529411767,2.11764705882353,1.058823529411765,1.4117647058823533,0.0,0.0,0.0,0.0,0.0,0.0,0.0,0.0,0.0,0.0,0.0,0.0,0.3529411764705882,0.0,0.3529411764705883,0.0,0.352941176470588,0.7058823529411767,0.7058823529411767,1.058823529411765,0.3529411764705883,0.0,1.0588235294117634,0.0,0.3529411764705883,1.058823529411765,0.0,0.3529411764705883,0.0,0.0,0.0,0.0,0.0,0.0,0.0,0.0,0.0,0.0,0.0,0.0,0.0,0.0,0.3529411764705882,1.0588235294117645,0.0,0.7058823529411767,0.0,0.0,1.058823529411765,0.3529411764705883,0.0,0.3529411764705883,1.411764705882351,1.7647058823529416,0.3529411764705883,1.058823529411765,0.3529411764705883,0.3529411764705883,0.0,0.0,0.0,0.0,0.0,0.0,0.0,0.0,0.0,0.0,0.0,0.0,0.0,0.0,0.0,0.0,0.3529411764705883,1.4117647058823533,0.7058823529411761,0.3529411764705883,0.7058823529411766,1.058823529411765,0.3529411764705883,0.0,0.0,0.7058823529411766,0.3529411764705883,0.3529411764705883,0.0,1.058823529411765,0.3529411764705883,1.058823529411765,0.0,0.0,0.0,0.0,0.0,0.0,0.0,0.0,0.0,0.0,0.0,12,1121432.9297967523,3.5294753594445063,2.9333861656505613,85,0.3529411764705882,0.7058823529411765,1.0588235294117645,1.058823529411765,2.11764705882353,1.411764705882352,1.058823529411765,2.470588235294118,2.470588235294118,1.7647058823529416,0.3529411764705883,2.4705882352941138,2.8235294117647065,1.058823529411765,3.529411764705883,0.7058823529411766,2.11764705882353,1.058823529411765,1.4117647058823533,0.0,0.0,0.0,0.0,0.0,0.0,0.0,0.0,0.0,0.0,0.0,3.3007860707653425,43.83163,-88.01954,12,13,251934,C
0.7600937896838786,2.4625852696856327,2.507709130683488,127.68534339979792,1.0716135549837398,2.7698412698412698,0.0,0.6388888888888888,0.3488372093023256,0.6976744186046512,1.0465116279069766,0.3488372093023256,0.6976744186046513,0.3488372093023253,1.744186046511628,1.3953488372093026,0.6976744186046513,2.7906976744186047,2.0930232558139537,4.186046511627901,2.093023255813954,1.0465116279069768,2.0930232558139537,1.744186046511628,2.790697674418605,1.3953488372093026,2.0930232558139537,0.0,0.3488372093023256,0.0,0.0,0.0,0.0,0.0,0.0,0.0,0.0,0.0,0.0,0.0,0.6976744186046511,0.3488372093023256,0.3488372093023256,0.0,0.6976744186046513,0.0,0.0,0.6976744186046513,0.0,0.0,0.0,0.0,0.6976744186046513,0.0,0.6976744186046513,0.0,0.0,0.0,0.0,0.0,0.0,0.0,0.0,0.0,0.0,0.0,0.0,0.0,0.0,0.3488372093023256,0.3488372093023255,0.0,0.3488372093023256,0.3488372093023253,1.0465116279069768,0.6976744186046513,0.3488372093023256,0.6976744186046513,0.3488372093023256,0.3488372093023251,0.0,0.0,0.0,0.3488372093023256,0.0,0.0,0.3488372093023256,0.0,0.0,0.0,0.0,0.0,0.0,0.0,0.0,0.0,0.0,0.0,0.0,0.3488372093023256,0.0,0.0,0.0,0.0,0.0,0.0,0.3488372093023256,0.6976744186046513,0.3488372093023256,2.4418604651162754,1.7441860465116283,0.3488372093023256,0.0,0.6976744186046513,0.6976744186046513,1.3953488372093026,1.0465116279069768,0.0,0.3488372093023256,0.0,0.0,0.0,0.0,0.0,0.0,0.0,0.0,0.0,12,14334778.26629196,2.6915332633806397,3.2013847499759867,86,0.3488372093023256,0.6976744186046512,1.0465116279069766,0.3488372093023256,0.6976744186046513,0.3488372093023253,1.7441860465116283,1.3953488372093026,0.6976744186046513,2.790697674418605,2.0930232558139537,4.186046511627901,2.0930232558139537,1.0465116279069768,2.0930232558139537,1.7441860465116283,2.790697674418605,1.3953488372093026,2.0930232558139537,0.0,0.3488372093023256,0.0,0.0,0.0,0.0,0.0,0.0,0.0,0.0,0.0,5.027857395299463,43.6273415,-87.78964015,12,13,251938,C
0.8135022586756754,2.335214745922672,2.426969037733812,93.02781736668769,1.085062757285025,2.722943722943723,0.0,0.645021645021645,0.4,0.4,0.5999999999999999,1.2000000000000002,1.2000000000000002,1.1999999999999993,0.8,1.2000000000000002,1.6,2.6,2.4000000000000004,1.399999999999998,1.4,2.2,2.2,0.8000000000000002,1.4000000000000004,2.2000000000000006,4.600000000000001,0.2,0.0,0.0,0.0,0.0,0.0,0.0,0.0,0.0,0.0,0.0,0.0,0.1999999999999999,0.1999999999999999,0.8,0.6000000000000001,0.5999999999999996,0.0,0.4,0.6000000000000001,0.6000000000000001,0.4,0.0,0.6000000000000001,0.0,0.0,0.0,0.0,0.0,0.0,0.0,0.0,0.0,0.0,0.0,0.0,0.0,0.0,0.0,0.0,0.0,0.0,0.2,0.3999999999999999,0.4000000000000001,0.6000000000000001,0.1999999999999998,0.6000000000000001,0.4000000000000001,0.4000000000000001,1.2000000000000002,0.6000000000000001,0.5999999999999991,0.0,0.4000000000000001,0.4000000000000001,0.2,0.2,0.2,0.2,0.2,0.0,0.0,0.0,0.0,0.0,0.0,0.0,0.0,0.0,0.0,0.0,0.0,0.0,0.0,0.0,0.1999999999999999,0.0,0.0,0.2,0.4000000000000001,0.6000000000000001,0.1999999999999997,0.6000000000000001,1.2000000000000002,1.0000000000000002,0.6000000000000001,0.8000000000000002,2.0000000000000004,4.400000000000001,0.0,0.0,0.0,0.0,0.0,0.0,0.0,0.0,0.0,0.0,0.0,12,11186008.18782902,3.602956664772704,3.85006724320876,150,0.4,0.4,0.5999999999999999,1.2000000000000002,1.2000000000000002,1.1999999999999993,0.8000000000000002,1.2000000000000002,1.6000000000000003,2.600000000000001,2.4000000000000004,1.399999999999998,1.4000000000000004,2.2,2.2,0.8000000000000002,1.4000000000000004,2.2,4.6000000000000005,0.2,0.0,0.0,0.0,0.0,0.0,0.0,0.0,0.0,0.0,0.0,6.721975690116182,44.5135335,-88.321002,12,12,251957,C
0.5621010446914946,2.840503071321017,2.8344561722372053,109.17614872078236,1.0942247521347137,2.683673469387755,0.0,0.7397959183673469,0.5084745762711865,0.0,0.5084745762711863,2.033898305084746,0.0,0.5084745762711862,0.5084745762711865,3.0508474576271194,4.576271186440679,4.067796610169492,2.5423728813559325,2.542372881355929,2.033898305084746,2.5423728813559325,2.5423728813559325,1.016949152542373,0.5084745762711865,0.5084745762711865,0.0,0.0,0.0,0.0,0.0,0.0,0.0,0.0,0.0,0.0,0.0,0.0,0.0,0.0,0.5084745762711863,1.5254237288135597,0.0,0.0,0.0,0.5084745762711865,1.016949152542373,0.5084745762711865,0.5084745762711865,0.5084745762711858,1.016949152542373,0.5084745762711865,0.0,0.0,0.0,0.0,0.0,0.0,0.0,0.0,0.0,0.0,0.0,0.0,0.0,0.0,0.0,0.0,0.5084745762711865,0.0,0.0,0.5084745762711865,0.0,0.5084745762711862,0.0,1.5254237288135597,2.033898305084746,0.0,0.5084745762711865,0.5084745762711858,0.5084745762711865,0.5084745762711865,1.5254237288135597,0.5084745762711865,0.0,0.0,0.0,0.0,0.0,0.0,0.0,0.0,0.0,0.0,0.0,0.0,0.0,0.0,0.0,0.0,0.0,0.0,0.0,0.0,0.5084745762711865,1.016949152542373,0.5084745762711865,3.050847457627119,1.016949152542373,1.0169491525423713,0.0,1.016949152542373,1.016949152542373,0.0,0.5084745762711865,0.0,0.0,0.0,0.0,0.0,0.0,0.0,0.0,0.0,0.0,0.0,0.0,0.0,12,3749420.6939683286,2.6514131697276606,2.200855580650328,59,0.5084745762711864,0.0,0.5084745762711863,2.033898305084746,0.0,0.5084745762711861,0.5084745762711865,3.050847457627119,4.576271186440679,4.067796610169492,2.5423728813559325,2.5423728813559285,2.033898305084746,2.5423728813559325,2.5423728813559325,1.016949152542373,0.5084745762711865,0.5084745762711865,0.0,0.0,0.0,0.0,0.0,0.0,0.0,0.0,0.0,0.0,0.0,0.0,3.618052581965896,42.556119,-88.86672200000001,12,13,251998,C
0.2139530210426593,3.3347312048937434,3.1993692167513106,121.02376772862048,1.187220833582849,2.4885496183206106,0.0,0.6870229007633588,0.0,3.0,4.499999999999999,0.0,0.0,0.0,1.5000000000000004,0.0,4.500000000000001,3.0000000000000004,3.0000000000000004,0.0,3.000000000000001,1.5000000000000004,0.0,1.5000000000000002,4.500000000000001,0.0,0.0,0.0,0.0,0.0,0.0,0.0,0.0,0.0,0.0,0.0,0.0,0.0,0.0,1.5,0.0,0.0,0.0,0.0,0.0,0.0,0.0,0.0,0.0,0.0,0.0,0.0,0.0,0.0,0.0,0.0,0.0,0.0,0.0,0.0,0.0,0.0,0.0,0.0,0.0,0.0,0.0,0.0,0.0,1.5,1.4999999999999998,0.0,0.0,0.0,1.5000000000000004,0.0,1.5000000000000004,0.0,0.0,0.0,0.0,0.0,0.0,0.0,0.0,0.0,0.0,0.0,0.0,0.0,0.0,0.0,0.0,0.0,0.0,0.0,0.0,0.0,0.0,0.0,3.0,0.0,0.0,0.0,0.0,0.0,0.0,1.5000000000000002,3.0000000000000004,0.0,1.5000000000000002,0.0,0.0,1.5000000000000002,3.0000000000000004,0.0,0.0,0.0,0.0,0.0,0.0,0.0,0.0,0.0,0.0,0.0,0.0,0.0,12,759236.9574387823,2.8377899242658167,1.994069353918545,20,0.0,3.0,4.499999999999999,0.0,0.0,0.0,1.5000000000000004,0.0,4.500000000000001,3.000000000000001,3.000000000000001,0.0,3.000000000000001,1.5000000000000004,0.0,1.5000000000000004,4.500000000000001,0.0,0.0,0.0,0.0,0.0,0.0,0.0,0.0,0.0,0.0,0.0,0.0,0.0,2.1610046810527206,44.6841543,-104.60168195,12,13,252225,C
0.6425186459770775,2.700178582796478,2.948643950657562,57.90227796009509,1.0882904153658344,3.094645754461871,0.0,0.5283937263385614,0.256136606189968,0.7043756670224118,1.1526147278548555,1.3127001067235862,2.9775880469583784,3.457844183564565,2.3052294557097124,2.593383137673426,1.5688367129135543,1.6969050160085382,1.376734258271078,1.312700106723584,1.4407684098185702,1.216648879402348,0.928495197438634,1.2486659551760944,0.96051227321238,1.4087513340448246,1.5368196371398084,0.48025613660619,0.032017075773746,0.032017075773746,0.0,0.0,0.0,0.0,0.0,0.0,0.0,0.0,0.032017075773746,0.256136606189968,0.6083244397011738,0.5122732123799361,1.12059765208111,1.376734258271077,1.024546424759872,0.928495197438634,0.672358591248666,0.224119530416222,0.288153681963714,0.2241195304162216,0.32017075773746,0.192102454642476,0.16008537886873,0.128068303094984,0.128068303094984,0.096051227321238,0.064034151547492,0.096051227321238,0.0,0.0,0.0,0.0,0.0,0.0,0.0,0.0,0.0,0.0,0.0960512273212379,0.2881536819637139,0.4802561366061898,0.48025613660619,0.672358591248666,0.7363927427961574,0.672358591248666,0.6403415154749201,0.32017075773746,0.5122732123799361,0.48025613660619,0.3521878335112054,0.5442902881536821,0.352187833511206,0.32017075773746,0.416221985058698,0.256136606189968,0.416221985058698,0.32017075773746,0.096051227321238,0.0,0.0,0.0,0.0,0.0,0.0,0.0,0.0,0.0,0.0,0.0,0.128068303094984,0.0640341515474919,0.096051227321238,0.256136606189968,0.3201707577374598,0.4482390608324441,0.608324439701174,0.256136606189968,0.48025613660619,0.416221985058698,0.4482390608324432,0.416221985058698,0.5442902881536821,0.16008537886873,0.48025613660619,0.384204909284952,0.32017075773746,0.256136606189968,0.192102454642476,0.0,0.032017075773746,0.0,0.0,0.0,0.0,0.0,0.0,0.0,0.0,12,63815260.87373307,3.5916534954141826,6.128708303383668,937,0.256136606189968,0.7043756670224119,1.1526147278548555,1.3127001067235862,2.9775880469583784,3.457844183564566,2.3052294557097124,2.593383137673426,1.568836712913554,1.6969050160085384,1.3767342582710782,1.312700106723584,1.4407684098185702,1.2166488794023482,0.9284951974386342,1.248665955176094,0.9605122732123802,1.408751334044824,1.5368196371398082,0.4802561366061901,0.032017075773746,0.032017075773746,0.0,0.0,0.0,0.0,0.0,0.0,0.0,0.0,7.755753545512065,43.4743226,-110.7755349,12,12,252274,C
0.6564956208426218,2.674231241121966,2.833389361946148,160.17583138307347,1.0530065979868737,2.752688172043011,0.0,0.521505376344086,0.0,0.0,0.0,0.0,0.0,0.0,0.0,1.7142857142857149,0.4285714285714287,1.2857142857142858,4.285714285714287,2.14285714285714,0.8571428571428574,2.1428571428571432,0.8571428571428574,2.571428571428572,1.7142857142857149,2.1428571428571432,8.571428571428573,1.2857142857142858,0.0,0.0,0.0,0.0,0.0,0.0,0.0,0.0,0.0,0.0,0.0,0.0,0.0,0.0,0.0,0.0,0.0,0.4285714285714286,0.0,0.0,0.0,0.0,0.0,0.0,0.0,0.0,0.0,0.0,0.0,0.0,0.0,0.0,0.0,0.0,0.0,0.0,0.0,0.0,0.0,0.0,0.0,0.0,0.0,0.0,0.0,0.0,0.0,0.8571428571428573,0.0,0.0,0.4285714285714286,0.0,0.0,0.0,0.0,0.0,0.0,0.0,0.4285714285714286,0.0,0.0,0.0,0.0,0.0,0.0,0.0,0.0,0.0,0.0,0.0,0.0,0.0,0.0,0.0,0.0,0.0,0.0,0.4285714285714287,0.4285714285714287,1.2857142857142858,0.4285714285714287,0.428571428571428,0.4285714285714287,0.8571428571428574,0.4285714285714287,1.7142857142857149,0.8571428571428574,1.2857142857142858,7.714285714285716,1.2857142857142858,0.0,0.0,0.0,0.0,0.0,0.0,0.0,0.0,0.0,0.0,12,12730005.608943691,2.8494292694688776,2.425726088204072,70,0.0,0.0,0.0,0.0,0.0,0.0,0.0,1.7142857142857146,0.4285714285714286,1.2857142857142858,4.285714285714287,2.14285714285714,0.8571428571428573,2.1428571428571432,0.8571428571428573,2.571428571428572,1.7142857142857146,2.1428571428571432,8.571428571428573,1.2857142857142858,0.0,0.0,0.0,0.0,0.0,0.0,0.0,0.0,0.0,0.0,5.988405891948106,31.2818945,-90.4667065,12,13,2585908,C
0.1109258553909091,3.458510208354116,3.4841421044655,103.75477991281652,1.095169371468296,2.64968152866242,0.0,0.7133757961783439,1.9565217391304348,1.9565217391304348,0.6521739130434782,0.6521739130434784,1.3043478260869568,1.304347826086956,1.956521739130435,4.565217391304349,3.91304347826087,2.608695652173913,0.6521739130434784,1.956521739130432,1.956521739130435,1.956521739130435,1.3043478260869568,0.6521739130434784,0.0,0.6521739130434784,0.0,0.0,0.0,0.0,0.0,0.0,0.0,0.0,0.0,0.0,0.0,0.0,1.3043478260869563,0.6521739130434783,0.6521739130434782,0.0,0.0,0.6521739130434779,0.6521739130434784,0.6521739130434784,0.0,1.3043478260869568,0.6521739130434784,0.6521739130434773,0.0,0.6521739130434784,0.0,0.0,0.0,0.0,0.0,0.0,0.0,0.0,0.0,0.0,0.0,0.0,0.0,0.0,0.0,0.0,0.0,0.6521739130434783,0.0,0.6521739130434784,0.0,0.0,0.6521739130434784,2.608695652173913,1.956521739130435,1.3043478260869568,0.0,0.0,0.0,1.3043478260869568,0.0,0.6521739130434784,0.0,0.6521739130434784,0.0,0.0,0.0,0.0,0.0,0.0,0.0,0.0,0.0,0.0,0.0,0.0,0.0,0.0,0.0,0.0,1.3043478260869568,0.6521739130434779,0.6521739130434784,1.3043478260869568,1.956521739130435,0.0,0.0,1.3043478260869543,0.6521739130434784,0.0,0.0,0.0,0.0,0.0,0.0,0.0,0.0,0.0,0.0,0.0,0.0,0.0,0.0,0.0,0.0,0.0,12,1344351.1533965366,1.803000260958448,3.56755462005618,46,1.9565217391304348,1.9565217391304348,0.6521739130434782,0.6521739130434784,1.3043478260869568,1.3043478260869557,1.956521739130435,4.565217391304349,3.91304347826087,2.608695652173913,0.6521739130434784,1.956521739130432,1.956521739130435,1.956521739130435,1.3043478260869568,0.6521739130434784,0.0,0.6521739130434784,0.0,0.0,0.0,0.0,0.0,0.0,0.0,0.0,0.0,0.0,0.0,0.0,3.148988913384991,43.61087275,3.3979434,13,12,270515,C
0.1424658232016741,3.421417044510726,3.458742205076187,86.58550123382138,1.0798333256503123,2.66,0.0,0.685,0.4761904761904761,1.4285714285714284,1.4285714285714282,0.4761904761904763,0.0,1.1904761904761898,1.666666666666667,1.4285714285714288,1.666666666666667,2.8571428571428577,2.3809523809523814,1.666666666666664,2.6190476190476195,2.8571428571428577,1.904761904761905,1.666666666666667,1.666666666666667,0.9523809523809526,0.4761904761904763,0.4761904761904763,0.0,0.0,0.0,0.0,0.0,0.4761904761904763,0.2380952380952381,0.0,0.0,0.0,0.2380952380952381,1.4285714285714284,0.4761904761904761,0.2380952380952381,0.0,0.4761904761904759,0.9523809523809526,0.2380952380952381,0.4761904761904763,0.0,0.2380952380952381,0.4761904761904755,0.2380952380952381,0.2380952380952381,0.0,0.4761904761904763,0.4761904761904763,0.0,0.0,0.0,0.0,0.0,0.0,0.0,0.0,0.2380952380952381,0.0,0.0,0.0,0.0,0.238095238095238,0.0,0.476190476190476,0.2380952380952381,0.0,0.2380952380952379,0.0,0.4761904761904763,0.4761904761904763,1.190476190476191,0.4761904761904763,0.2380952380952377,0.4761904761904763,0.7142857142857144,0.9523809523809526,0.4761904761904763,0.7142857142857144,0.7142857142857144,0.2380952380952381,0.0,0.0,0.0,0.0,0.0,0.0,0.2380952380952381,0.0,0.0,0.0,0.0,0.0,0.0,0.0,0.0,0.0,0.2380952380952379,0.0,0.4761904761904763,0.2380952380952381,0.4761904761904763,0.9523809523809528,0.2380952380952377,0.7142857142857144,1.190476190476191,0.4761904761904763,0.4761904761904763,0.4761904761904763,0.0,0.0,0.2380952380952381,0.0,0.0,0.0,0.0,0.0,0.0,0.0,0.0,0.0,0.0,12,5034081.936293698,3.009383273484185,3.4932649789358257,126,0.4761904761904761,1.4285714285714286,1.4285714285714284,0.4761904761904763,0.0,1.1904761904761898,1.6666666666666672,1.4285714285714288,1.6666666666666672,2.8571428571428577,2.3809523809523814,1.666666666666664,2.6190476190476195,2.8571428571428577,1.904761904761905,1.6666666666666672,1.6666666666666672,0.9523809523809528,0.4761904761904763,0.4761904761904763,0.0,0.0,0.0,0.0,0.0,0.4761904761904763,0.2380952380952381,0.0,0.0,0.0,5.226757949152169,43.67183635,4.05716255,12,13,276567,C
0.1313723132228136,3.4345403473860823,3.4272962937976885,52.06366263867306,1.10565250937055,2.6627604166666665,0.0,0.619140625,0.4585152838427947,1.6375545851528384,1.1790393013100435,1.4410480349344983,1.7030567685589524,2.1615720524017457,1.5065502183406116,1.5065502183406116,1.6375545851528388,2.358078602620088,2.292576419213974,2.0305676855895167,1.5720524017467252,1.899563318777293,2.0960698689956336,1.2445414847161576,1.310043668122271,0.6550218340611356,0.6550218340611356,0.1965065502183406,0.0655021834061135,0.0655021834061135,0.0655021834061135,0.0655021834061133,0.1310043668122271,0.0655021834061135,0.0,0.0,0.0,0.0,0.2620087336244541,1.310043668122271,0.8515283842794757,1.0480349344978168,1.244541484716157,0.7860262008733621,0.3930131004366812,0.589519650655022,0.3930131004366812,0.589519650655022,0.720524017467249,0.2620087336244537,0.3930131004366812,0.1965065502183406,0.0,0.3275109170305677,0.3930131004366812,0.2620087336244542,0.2620087336244542,0.0655021834061135,0.0,0.0,0.0655021834061135,0.0655021834061133,0.1310043668122271,0.0655021834061135,0.0,0.0,0.0,0.0,0.131004366812227,0.1965065502183406,0.131004366812227,0.1965065502183406,0.1965065502183406,0.5895196506550214,0.589519650655022,0.3930131004366813,0.3930131004366813,0.4585152838427949,0.4585152838427949,0.2620087336244538,0.3275109170305678,0.589519650655022,0.9170305676855898,0.1965065502183406,0.3275109170305678,0.2620087336244542,0.3275109170305678,0.0,0.0,0.0,0.0,0.0,0.0,0.0,0.0,0.0,0.0,0.0,0.0,0.0,0.0,0.0,0.0655021834061135,0.3275109170305675,0.0655021834061135,0.1310043668122271,0.3275109170305678,0.3275109170305678,0.5240174672489084,0.3930131004366807,0.2620087336244542,0.720524017467249,0.5240174672489084,0.4585152838427949,0.1965065502183406,0.0,0.0,0.0,0.0655021834061135,0.0655021834061135,0.0,0.0,0.0,0.0,0.0,0.0,0.0,0.0,12,26600797.92079387,2.98557616923959,3.6168050987725135,458,0.4585152838427948,1.6375545851528384,1.1790393013100435,1.441048034934498,1.7030567685589524,2.1615720524017457,1.5065502183406116,1.5065502183406116,1.6375545851528386,2.358078602620088,2.292576419213974,2.0305676855895167,1.5720524017467252,1.899563318777293,2.0960698689956336,1.2445414847161576,1.310043668122271,0.6550218340611355,0.6550218340611355,0.1965065502183406,0.0655021834061135,0.0655021834061135,0.0655021834061135,0.0655021834061133,0.1310043668122271,0.0655021834061135,0.0,0.0,0.0,0.0,4.453267904535456,15.99912255,-61.72930635,12,13,278979,C
0.2634744548164078,3.272347041239536,3.0954113809380863,108.750274098819,1.0644545983640847,2.32,0.0,0.72,0.0,0.0,0.0,0.0,3.750000000000001,0.0,3.750000000000001,3.750000000000001,7.500000000000002,3.750000000000001,0.0,0.0,3.750000000000001,3.750000000000001,0.0,0.0,0.0,0.0,0.0,0.0,0.0,0.0,0.0,0.0,0.0,0.0,0.0,0.0,0.0,0.0,0.0,0.0,0.0,0.0,0.0,0.0,0.0,0.0,0.0,0.0,0.0,0.0,3.750000000000001,0.0,0.0,0.0,0.0,0.0,0.0,0.0,0.0,0.0,0.0,0.0,0.0,0.0,0.0,0.0,0.0,0.0,0.0,0.0,0.0,0.0,3.750000000000001,0.0,3.750000000000001,0.0,3.750000000000001,3.750000000000001,0.0,0.0,0.0,3.750000000000001,0.0,0.0,0.0,0.0,0.0,0.0,0.0,0.0,0.0,0.0,0.0,0.0,0.0,0.0,0.0,0.0,0.0,0.0,0.0,0.0,0.0,0.0,0.0,3.750000000000001,0.0,0.0,0.0,0.0,0.0,0.0,0.0,0.0,0.0,0.0,0.0,0.0,0.0,0.0,0.0,0.0,0.0,0.0,0.0,0.0,0.0,0.0,12,246406.7638525117,3.5222548639327287,2.2725570827735355,8,0.0,0.0,0.0,0.0,3.750000000000001,0.0,3.750000000000001,3.750000000000001,7.500000000000002,3.750000000000001,0.0,0.0,3.750000000000001,3.750000000000001,0.0,0.0,0.0,0.0,0.0,0.0,0.0,0.0,0.0,0.0,0.0,0.0,0.0,0.0,0.0,0.0,5.005288193165603,50.5706856,1.8452466,12,13,2862911,C
0.2127016189683064,3.336281796980591,3.3829638909339934,161.23384621360688,1.2130153317485846,2.515555555555556,0.0,0.6222222222222222,0.576923076923077,0.5769230769230769,1.7307692307692304,1.153846153846154,2.307692307692308,3.461538461538459,3.461538461538462,2.3076923076923084,0.576923076923077,0.0,0.5769230769230771,2.3076923076923044,2.3076923076923084,1.730769230769231,2.884615384615385,1.1538461538461542,0.5769230769230771,0.576923076923077,1.7307692307692313,0.0,0.0,0.0,0.0,0.0,0.0,0.0,0.0,0.0,0.0,0.0,0.0,0.5769230769230769,0.5769230769230768,0.576923076923077,0.576923076923077,0.5769230769230765,0.576923076923077,0.576923076923077,0.0,0.0,0.0,0.0,0.0,1.730769230769231,0.576923076923077,0.576923076923077,0.0,0.576923076923077,0.576923076923077,0.0,0.0,0.0,0.0,0.0,0.0,0.0,0.0,0.0,0.0,0.0,0.576923076923077,0.0,0.5769230769230768,0.576923076923077,1.153846153846154,1.153846153846153,2.307692307692308,0.576923076923077,0.576923076923077,0.0,0.0,1.1538461538461522,1.153846153846154,0.0,0.576923076923077,0.0,0.0,0.0,0.0,0.0,0.0,0.0,0.0,0.0,0.0,0.0,0.0,0.0,0.0,0.0,0.0,0.0,0.5769230769230768,0.0,0.5769230769230771,1.7307692307692295,0.5769230769230771,0.5769230769230771,0.0,0.0,0.0,1.1538461538461522,0.0,0.0,1.1538461538461542,0.0,0.5769230769230771,0.0,0.5769230769230771,0.0,0.0,0.0,0.0,0.0,0.0,0.0,0.0,0.0,0.0,0.0,12,4278972.439165462,3.368150835986249,4.373341481267358,52,0.5769230769230769,0.5769230769230769,1.7307692307692304,1.1538461538461542,2.3076923076923084,3.4615384615384595,3.461538461538462,2.3076923076923084,0.5769230769230771,0.0,0.5769230769230771,2.3076923076923044,2.3076923076923084,1.730769230769231,2.884615384615385,1.1538461538461542,0.5769230769230771,0.5769230769230771,1.730769230769231,0.0,0.0,0.0,0.0,0.0,0.0,0.0,0.0,0.0,0.0,0.0,8.825816647524775,42.4010479,9.51167785,12,12,2887480,C
0.0262552820228216,3.5549535210488528,3.522836178908278,64.9476576804862,1.086457660226422,2.6200241254523524,0.0,0.669481302774427,0.7009345794392523,2.1028037383177565,1.4018691588785042,1.5420560747663552,2.5233644859813085,1.8224299065420548,1.5420560747663556,1.121495327102804,1.682242990654206,1.9626168224299068,2.5233644859813085,1.4018691588785026,1.962616822429907,1.121495327102804,1.2616822429906542,2.383177570093458,0.5607476635514019,0.5607476635514019,1.4018691588785048,0.1401869158878505,0.0,0.0,0.0,0.0,0.1401869158878504,0.0,0.1401869158878504,0.0,0.0,0.0,0.2803738317757009,0.8411214953271027,0.8411214953271026,0.8411214953271029,1.121495327102804,0.700934579439252,0.9813084112149536,0.5607476635514019,0.5607476635514019,0.4205607476635514,0.4205607476635514,0.2803738317757005,0.4205607476635514,0.0,0.0,0.5607476635514019,0.0,0.1401869158878504,0.2803738317757009,0.0,0.0,0.0,0.0,0.0,0.1401869158878504,0.0,0.1401869158878504,0.0,0.0,0.0,0.0,0.7009345794392522,0.5607476635514017,0.7009345794392523,1.121495327102804,0.7009345794392519,0.4205607476635514,0.1401869158878504,0.1401869158878504,0.1401869158878504,0.4205607476635514,0.2803738317757005,0.7009345794392523,0.1401869158878504,0.2803738317757009,0.7009345794392523,0.1401869158878504,0.1401869158878504,0.1401869158878504,0.0,0.0,0.0,0.0,0.0,0.0,0.0,0.0,0.0,0.0,0.0,0.0,0.2803738317757009,0.0,0.0,0.0,0.2803738317757007,0.1401869158878505,0.1401869158878505,0.560747663551402,0.4205607476635514,0.280373831775701,0.2803738317757005,0.4205607476635514,0.8411214953271029,0.280373831775701,0.7009345794392524,0.280373831775701,0.280373831775701,0.4205607476635514,0.1401869158878505,0.0,0.0,0.0,0.0,0.0,0.0,0.0,0.0,0.0,0.0,12,9480161.68982342,4.445331234296784,3.3894351158350475,214,0.7009345794392523,2.102803738317757,1.4018691588785044,1.5420560747663554,2.523364485981309,1.822429906542055,1.5420560747663554,1.121495327102804,1.6822429906542058,1.962616822429907,2.523364485981309,1.4018691588785026,1.962616822429907,1.121495327102804,1.2616822429906545,2.3831775700934585,0.560747663551402,0.560747663551402,1.4018691588785048,0.1401869158878505,0.0,0.0,0.0,0.0,0.1401869158878505,0.0,0.1401869158878505,0.0,0.0,0.0,7.590773874464667,43.66768985,3.8620328,12,13,28907,C
0.8583354451673497,2.2132909790187,2.4209632091305737,79.88381981920502,1.0860205816125912,2.893617021276596,0.0,0.6276595744680851,0.2597402597402597,0.3896103896103896,0.9090909090909088,1.4285714285714288,0.9090909090909092,1.5584415584415576,2.337662337662338,1.038961038961039,3.3766233766233773,1.1688311688311692,2.337662337662338,2.467532467532464,1.6883116883116889,0.5194805194805197,1.1688311688311692,1.9480519480519485,0.6493506493506495,2.0779220779220786,3.3766233766233773,0.3896103896103897,0.0,0.0,0.0,0.0,0.0,0.0,0.0,0.0,0.0,0.0,0.0,0.1298701298701298,0.3896103896103895,0.7792207792207793,0.6493506493506495,0.9090909090909084,0.7792207792207793,0.1298701298701298,0.9090909090909092,0.1298701298701298,0.2597402597402597,0.5194805194805187,0.5194805194805195,0.0,0.1298701298701298,0.3896103896103896,0.3896103896103896,0.7792207792207793,0.3896103896103896,0.0,0.0,0.0,0.0,0.0,0.0,0.0,0.0,0.0,0.0,0.0,0.2597402597402597,0.2597402597402597,0.3896103896103896,0.3896103896103897,0.2597402597402598,0.2597402597402596,0.1298701298701299,0.3896103896103897,1.0389610389610393,0.5194805194805197,0.1298701298701299,0.1298701298701297,0.2597402597402598,0.2597402597402598,0.2597402597402598,0.3896103896103897,0.0,0.0,0.9090909090909092,0.0,0.0,0.0,0.0,0.0,0.0,0.0,0.0,0.0,0.0,0.0,0.0,0.0,0.1298701298701298,0.1298701298701298,0.0,0.2597402597402595,0.1298701298701298,0.1298701298701298,0.6493506493506495,0.2597402597402597,1.298701298701299,1.4285714285714266,0.3896103896103897,0.1298701298701298,0.6493506493506495,1.038961038961039,0.1298701298701298,0.9090909090909092,1.6883116883116889,0.3896103896103897,0.0,0.0,0.0,0.0,0.0,0.0,0.0,0.0,0.0,0.0,12,25838213.687394954,3.7467179819857694,2.8920631534279675,231,0.2597402597402597,0.3896103896103896,0.909090909090909,1.4285714285714288,0.9090909090909092,1.5584415584415574,2.337662337662338,1.0389610389610393,3.3766233766233777,1.168831168831169,2.337662337662338,2.467532467532464,1.6883116883116889,0.5194805194805197,1.168831168831169,1.9480519480519485,0.6493506493506495,2.0779220779220786,3.3766233766233777,0.3896103896103897,0.0,0.0,0.0,0.0,0.0,0.0,0.0,0.0,0.0,0.0,6.230286163347368,42.77486635,-80.98517115,12,13,2911991,C
0.1774331167038287,3.3794864977842205,3.331812630498971,97.17587464926828,1.0515187622549194,2.6804123711340204,0.0,0.6030927835051546,0.9836065573770492,0.0,0.0,0.0,0.9836065573770494,0.9836065573770486,0.9836065573770494,1.9672131147540988,1.9672131147540988,2.950819672131148,0.9836065573770494,1.9672131147540957,1.475409836065574,0.9836065573770492,0.9836065573770492,1.9672131147540988,1.9672131147540983,3.442622950819673,3.934426229508197,0.4918032786885247,0.0,0.0,0.0,0.0,0.4918032786885247,0.0,0.0,0.4918032786885247,0.0,0.0,0.0,0.0,0.0,0.0,0.0,0.4918032786885243,0.0,0.4918032786885247,0.9836065573770496,0.9836065573770496,0.4918032786885247,0.4918032786885239,0.0,0.0,0.0,0.0,0.4918032786885247,0.0,0.0,0.4918032786885247,0.0,0.0,0.0,0.0,0.4918032786885247,0.0,0.0,0.0,0.0,0.0,0.0,0.0,0.0,0.0,0.4918032786885247,0.4918032786885243,0.9836065573770494,0.4918032786885247,0.9836065573770494,0.4918032786885247,0.0,0.4918032786885238,0.4918032786885247,0.0,0.0,0.9836065573770494,0.0,2.4590163934426235,2.950819672131148,0.0,0.0,0.0,0.0,0.0,0.0,0.0,0.0,0.4918032786885247,0.0,0.0,0.0,0.0,0.0,0.0,0.4918032786885246,0.0,0.0,0.0,0.0,0.4918032786885246,0.0,0.4918032786885238,0.4918032786885246,0.9836065573770492,0.9836065573770492,0.9836065573770492,1.475409836065574,0.9836065573770492,0.9836065573770492,0.0,0.0,0.0,0.0,0.0,0.0,0.0,0.0,0.0,0.0,0.0,12,1956788.0130047607,4.300541505977511,2.499170866364322,61,0.9836065573770492,0.0,0.0,0.0,0.9836065573770494,0.9836065573770486,0.9836065573770494,1.9672131147540988,1.9672131147540988,2.950819672131148,0.9836065573770494,1.967213114754096,1.475409836065574,0.9836065573770494,0.9836065573770494,1.9672131147540988,1.9672131147540988,3.442622950819673,3.9344262295081975,0.4918032786885247,0.0,0.0,0.0,0.0,0.4918032786885247,0.0,0.0,0.4918032786885247,0.0,0.0,6.240731828712988,49.73618245,3.25802825,12,13,2952233,C
0.4221346595568958,3.0568636521901142,3.234459206275229,116.39721281826792,1.0857897156774796,2.5294117647058822,0.0,0.6470588235294118,0.0,1.818181818181818,0.0,0.9090909090909092,1.8181818181818183,0.0,1.8181818181818183,2.727272727272728,0.0,2.727272727272728,2.727272727272728,1.818181818181816,2.727272727272728,1.8181818181818183,2.727272727272728,3.6363636363636367,1.8181818181818183,0.0,0.9090909090909092,0.0,0.0,0.0,0.0,0.0,0.0,0.0,0.0,0.0,0.0,0.0,0.0,1.818181818181818,0.0,0.9090909090909092,1.8181818181818183,0.0,0.9090909090909092,1.8181818181818183,0.0,1.8181818181818183,0.9090909090909092,0.0,0.9090909090909092,0.0,1.8181818181818183,2.7272727272727275,0.0,0.0,0.0,0.0,0.0,0.0,0.0,0.0,0.0,0.0,0.0,0.0,0.0,0.0,0.0,0.0,0.0,0.0,0.0,0.0,0.9090909090909092,0.9090909090909092,0.0,0.9090909090909092,0.0,0.9090909090909078,0.9090909090909092,0.0,0.0,0.0,1.8181818181818183,0.0,0.9090909090909092,0.0,0.0,0.0,0.0,0.0,0.0,0.0,0.0,0.0,0.0,0.0,0.0,0.0,0.0,0.0,0.0,0.0,0.0,0.0,0.0,0.0,0.9090909090909092,0.9090909090909078,0.0,0.0,0.9090909090909092,0.9090909090909092,0.0,0.0,0.0,0.0,0.0,0.0,0.0,0.0,0.0,0.0,0.0,0.0,0.0,0.0,12,989674.5883108828,3.620254504578188,2.276477862843254,33,0.0,1.818181818181818,0.0,0.9090909090909092,1.8181818181818183,0.0,1.8181818181818183,2.7272727272727275,0.0,2.7272727272727275,2.7272727272727275,1.818181818181816,2.7272727272727275,1.8181818181818183,2.7272727272727275,3.636363636363637,1.8181818181818183,0.0,0.9090909090909092,0.0,0.0,0.0,0.0,0.0,0.0,0.0,0.0,0.0,0.0,0.0,4.6495911827919,50.03269345,1.3903316499999998,12,13,2959850,C
0.1435071232696404,3.420180870038655,3.402197557760989,196.63244740097704,1.0775133663035057,2.5473684210526315,0.0,0.7789473684210526,0.0,1.1111111111111112,2.222222222222221,0.0,0.0,2.222222222222221,2.2222222222222228,1.1111111111111112,4.4444444444444455,1.1111111111111114,2.2222222222222223,4.4444444444444375,1.1111111111111112,1.1111111111111112,3.333333333333334,1.1111111111111114,2.2222222222222228,0.0,0.0,0.0,0.0,0.0,0.0,0.0,0.0,0.0,0.0,0.0,0.0,0.0,0.0,0.0,0.0,0.0,0.0,1.1111111111111105,0.0,0.0,0.0,0.0,0.0,0.0,0.0,0.0,1.1111111111111114,0.0,0.0,0.0,0.0,0.0,0.0,0.0,0.0,0.0,0.0,0.0,0.0,0.0,0.0,0.0,0.0,0.0,1.1111111111111107,0.0,0.0,0.0,0.0,1.1111111111111112,1.1111111111111112,0.0,1.1111111111111112,1.1111111111111094,1.1111111111111112,1.1111111111111112,0.0,0.0,0.0,0.0,0.0,0.0,0.0,0.0,0.0,0.0,0.0,0.0,0.0,0.0,0.0,0.0,0.0,0.0,1.1111111111111107,0.0,0.0,0.0,1.1111111111111114,0.0,2.2222222222222228,0.0,0.0,1.1111111111111094,0.0,0.0,2.2222222222222228,1.1111111111111114,0.0,0.0,0.0,0.0,0.0,0.0,0.0,0.0,0.0,0.0,0.0,0.0,0.0,0.0,12,4768311.725541638,3.185392161117867,2.6416007439696694,27,0.0,1.1111111111111112,2.222222222222222,0.0,0.0,2.222222222222221,2.2222222222222228,1.1111111111111114,4.4444444444444455,1.1111111111111114,2.2222222222222228,4.444444444444438,1.1111111111111114,1.1111111111111114,3.333333333333334,1.1111111111111114,2.2222222222222228,0.0,0.0,0.0,0.0,0.0,0.0,0.0,0.0,0.0,0.0,0.0,0.0,0.0,5.086085438819634,45.26506475,0.4404642,12,13,2984769,C
0.2994216007699184,3.2257383413610663,2.7299960642003995,247.47869559491383,1.5226267951997547,2.0,0.0,0.6190476190476191,0.0,0.0,0.0,30.000000000000007,0.0,0.0,0.0,0.0,0.0,0.0,0.0,0.0,0.0,0.0,0.0,0.0,0.0,0.0,0.0,0.0,0.0,0.0,0.0,0.0,0.0,0.0,0.0,0.0,0.0,0.0,0.0,0.0,0.0,30.000000000000007,0.0,0.0,0.0,0.0,0.0,0.0,0.0,0.0,0.0,0.0,0.0,0.0,0.0,0.0,0.0,0.0,0.0,0.0,0.0,0.0,0.0,0.0,0.0,0.0,0.0,0.0,0.0,0.0,0.0,0.0,0.0,0.0,0.0,0.0,0.0,0.0,0.0,0.0,0.0,0.0,0.0,0.0,0.0,0.0,0.0,0.0,0.0,0.0,0.0,0.0,0.0,0.0,0.0,0.0,0.0,0.0,0.0,0.0,0.0,0.0,0.0,0.0,0.0,0.0,0.0,0.0,0.0,0.0,0.0,0.0,0.0,0.0,0.0,0.0,0.0,0.0,0.0,0.0,0.0,0.0,0.0,0.0,0.0,0.0,0.0,0.0,12,890.178321957009,2.844210110422224,4.626493605868542,1,0.0,0.0,0.0,30.000000000000007,0.0,0.0,0.0,0.0,0.0,0.0,0.0,0.0,0.0,0.0,0.0,0.0,0.0,0.0,0.0,0.0,0.0,0.0,0.0,0.0,0.0,0.0,0.0,0.0,0.0,0.0,5.741689570619638,42.4043245,9.4165181,12,12,3244543,C
0.895810193775423,2.095480238337476,2.061520202848104,119.62269400628756,1.0638637390791237,2.764705882352941,0.0,0.6421568627450981,0.0,0.0,0.0,0.4347826086956523,0.0,0.0,0.4347826086956523,1.739130434782609,1.3043478260869568,2.608695652173913,1.739130434782609,1.3043478260869548,2.608695652173913,1.739130434782609,0.4347826086956523,2.173913043478261,4.782608695652176,5.217391304347827,1.739130434782609,1.3043478260869568,0.4347826086956523,0.0,0.0,0.0,0.0,0.0,0.0,0.0,0.0,0.0,0.0,0.0,0.0,0.4347826086956523,0.0,0.0,0.0,0.0,0.0,0.0,0.0,0.0,0.0,0.0,0.0,0.0,0.0,0.0,0.0,0.0,0.0,0.0,0.0,0.0,0.0,0.0,0.0,0.0,0.0,0.0,0.0,0.0,0.0,0.0,0.0,0.0,0.0,0.4347826086956523,0.4347826086956523,0.4347826086956523,0.4347826086956523,0.0,0.0,0.0,0.0,0.0,0.8695652173913045,1.739130434782609,0.0,0.0,0.4347826086956523,0.0,0.0,0.0,0.0,0.0,0.0,0.0,0.0,0.0,0.0,0.0,0.0,0.0,0.0,0.0,0.4347826086956523,1.3043478260869568,0.0,2.173913043478261,0.4347826086956523,0.4347826086956516,1.739130434782609,1.3043478260869568,0.4347826086956523,1.739130434782609,3.0434782608695663,3.478260869565218,1.3043478260869568,0.4347826086956523,0.0,0.0,0.0,0.0,0.0,0.0,0.0,0.0,0.0,0.0,12,4985241.073127016,3.2726236597672105,2.104316320422222,69,0.0,0.0,0.0,0.4347826086956523,0.0,0.0,0.4347826086956523,1.739130434782609,1.3043478260869568,2.608695652173913,1.739130434782609,1.3043478260869548,2.608695652173913,1.739130434782609,0.4347826086956523,2.173913043478261,4.782608695652175,5.217391304347827,1.739130434782609,1.3043478260869568,0.4347826086956523,0.0,0.0,0.0,0.0,0.0,0.0,0.0,0.0,0.0,5.543088335288088,50.06174025,-96.5125556,12,13,3324613,C
0.0899293295202426,3.482839780122575,3.291901364418448,224.5988836796874,1.078794922873351,2.55,0.0,0.7375,1.4999999999999998,1.4999999999999998,0.0,0.0,0.0,5.9999999999999964,0.0,0.0,4.500000000000001,3.000000000000001,0.0,1.499999999999998,4.500000000000001,3.000000000000001,1.5000000000000002,0.0,0.0,1.5000000000000002,1.5000000000000002,0.0,0.0,0.0,0.0,0.0,0.0,0.0,0.0,0.0,0.0,0.0,0.0,0.0,0.0,0.0,0.0,2.9999999999999982,0.0,0.0,0.0,1.5000000000000004,0.0,0.0,1.5000000000000004,0.0,0.0,0.0,0.0,0.0,0.0,0.0,0.0,0.0,0.0,0.0,0.0,0.0,0.0,0.0,0.0,0.0,1.4999999999999998,1.4999999999999998,0.0,0.0,0.0,2.999999999999998,0.0,0.0,1.5000000000000002,0.0,0.0,0.0,1.5000000000000002,1.5000000000000002,0.0,0.0,0.0,0.0,0.0,0.0,0.0,0.0,0.0,0.0,0.0,0.0,0.0,0.0,0.0,0.0,0.0,0.0,0.0,0.0,0.0,0.0,0.0,0.0,0.0,0.0,0.0,0.0,0.0,0.0,0.0,0.0,0.0,0.0,0.0,0.0,0.0,0.0,0.0,0.0,0.0,0.0,0.0,0.0,0.0,0.0,12,4425630.064214766,2.575808337287977,4.47255328327103,20,1.5,1.5,0.0,0.0,0.0,5.9999999999999964,0.0,0.0,4.500000000000001,3.000000000000001,0.0,1.4999999999999978,4.500000000000001,3.000000000000001,1.5000000000000004,0.0,0.0,1.5000000000000004,1.5000000000000004,0.0,0.0,0.0,0.0,0.0,0.0,0.0,0.0,0.0,0.0,0.0,7.231084662702861,46.62106505,4.70480745,12,12,3333674,C
0.3083838394342875,3.2139329203747367,2.986684584154599,73.86055223162887,1.0570274100009371,2.761609907120743,0.0,0.631578947368421,1.5929203539823007,0.5309734513274336,3.1858407079646014,1.5929203539823011,2.389380530973452,1.5929203539822998,0.7964601769911507,1.5929203539823011,1.0619469026548676,1.5929203539823011,0.7964601769911507,0.7964601769911493,1.8584070796460184,1.0619469026548676,1.858407079646018,1.5929203539823014,0.7964601769911507,2.920353982300885,1.8584070796460184,0.5309734513274338,0.0,0.0,0.0,0.0,0.0,0.0,0.0,0.0,0.0,0.0,0.5309734513274336,0.2654867256637168,0.7964601769911502,0.5309734513274338,0.0,0.7964601769911499,0.2654867256637169,1.0619469026548676,0.5309734513274338,0.5309734513274338,0.0,0.2654867256637164,0.0,0.0,0.2654867256637169,0.0,0.0,0.7964601769911506,0.2654867256637169,0.0,0.0,0.0,0.0,0.0,0.0,0.0,0.0,0.0,0.0,0.0,0.2654867256637168,0.2654867256637168,0.5309734513274336,0.2654867256637169,0.2654867256637169,0.5309734513274333,0.0,0.0,0.2654867256637169,0.7964601769911506,0.2654867256637169,0.5309734513274329,0.5309734513274338,0.7964601769911506,0.7964601769911506,0.5309734513274338,0.5309734513274338,1.0619469026548676,1.0619469026548676,0.5309734513274338,0.0,0.0,0.0,0.0,0.0,0.0,0.0,0.0,0.0,0.0,0.5309734513274337,0.0,0.5309734513274335,0.0,0.2654867256637169,0.0,0.5309734513274338,0.2654867256637169,0.2654867256637169,0.0,0.2654867256637169,0.0,0.7964601769911507,0.2654867256637169,0.5309734513274338,1.0619469026548676,0.0,0.2654867256637169,0.0,0.0,0.0,0.0,0.0,0.0,0.0,0.0,0.0,0.0,0.0,0.0,12,10088941.508337066,3.774974077708088,1.6633968510834969,113,1.592920353982301,0.5309734513274337,3.1858407079646014,1.5929203539823011,2.389380530973452,1.5929203539822998,0.7964601769911506,1.5929203539823011,1.0619469026548676,1.5929203539823011,0.7964601769911506,0.7964601769911493,1.858407079646018,1.0619469026548676,1.858407079646018,1.5929203539823011,0.7964601769911506,2.920353982300885,1.858407079646018,0.5309734513274338,0.0,0.0,0.0,0.0,0.0,0.0,0.0,0.0,0.0,0.0,3.014479466782892,39.718591,-105.6953675,12,14,3505027,C
0.3034098997854402,3.2204941751112166,3.0641612031517518,201.58061102125984,1.1433635616909072,2.4262295081967213,0.0,0.7049180327868853,2.7272727272727275,0.0,2.727272727272726,0.0,0.0,0.0,0.0,2.7272727272727275,5.454545454545455,5.454545454545455,0.0,2.727272727272723,2.727272727272728,0.0,2.7272727272727275,2.727272727272728,0.0,0.0,0.0,0.0,0.0,0.0,0.0,0.0,0.0,0.0,0.0,0.0,0.0,0.0,0.0,0.0,2.727272727272726,0.0,0.0,0.0,0.0,0.0,0.0,0.0,0.0,2.727272727272723,0.0,0.0,2.7272727272727275,0.0,0.0,0.0,0.0,0.0,0.0,0.0,0.0,0.0,0.0,0.0,0.0,0.0,0.0,0.0,0.0,0.0,0.0,0.0,0.0,0.0,0.0,0.0,0.0,0.0,0.0,0.0,2.727272727272728,0.0,0.0,2.727272727272728,0.0,0.0,0.0,0.0,0.0,0.0,0.0,0.0,0.0,0.0,0.0,0.0,0.0,0.0,0.0,0.0,0.0,0.0,0.0,0.0,0.0,2.7272727272727275,2.7272727272727275,2.7272727272727275,0.0,0.0,0.0,0.0,0.0,0.0,0.0,0.0,0.0,0.0,0.0,0.0,0.0,0.0,0.0,0.0,0.0,0.0,0.0,0.0,12,588010.6787165602,3.117149609415792,3.1867384043781786,11,2.727272727272727,0.0,2.727272727272726,0.0,0.0,0.0,0.0,2.727272727272728,5.454545454545456,5.454545454545456,0.0,2.7272727272727235,2.727272727272728,0.0,2.727272727272728,2.727272727272728,0.0,0.0,0.0,0.0,0.0,0.0,0.0,0.0,0.0,0.0,0.0,0.0,0.0,0.0,5.186449501302401,46.13552995,-0.15149085,12,13,386519,C
0.0291613251462736,3.5517145909163617,3.528430578332389,106.17824011337812,1.0587124587190957,2.5632458233890216,0.0,0.6921241050119332,0.5405405405405406,0.5405405405405406,1.3513513513513509,0.810810810810811,1.3513513513513518,2.4324324324324307,2.9729729729729737,3.513513513513514,1.621621621621622,3.513513513513514,2.4324324324324333,1.621621621621619,0.2702702702702703,1.0810810810810811,1.0810810810810811,2.1621621621621623,0.810810810810811,1.0810810810810811,0.5405405405405407,0.0,0.0,0.0,0.0,0.2702702702702694,0.0,0.0,0.0,0.0,0.0,0.0,0.0,0.5405405405405406,1.0810810810810807,0.5405405405405407,0.2702702702702703,0.5405405405405402,0.5405405405405407,0.2702702702702703,0.0,0.2702702702702703,0.5405405405405407,0.5405405405405397,0.0,0.0,0.0,0.0,0.0,0.0,0.0,0.0,0.0,0.0,0.0,0.2702702702702694,0.0,0.0,0.0,0.0,0.0,0.0,0.2702702702702703,0.0,0.0,0.2702702702702703,0.2702702702702703,0.5405405405405402,0.5405405405405407,1.0810810810810814,0.0,0.5405405405405407,0.5405405405405407,0.0,0.0,0.5405405405405407,0.0,0.2702702702702703,0.0,0.5405405405405407,0.2702702702702703,0.0,0.0,0.0,0.0,0.0,0.0,0.0,0.0,0.0,0.0,0.0,0.0,0.0,0.2702702702702702,0.0,0.2702702702702703,1.0810810810810805,0.8108108108108109,0.0,0.2702702702702703,0.8108108108108109,0.0,0.8108108108108095,0.0,0.5405405405405406,0.2702702702702703,1.6216216216216215,0.2702702702702703,0.5405405405405406,0.0,0.0,0.0,0.0,0.0,0.0,0.0,0.0,0.0,0.0,0.0,0.0,12,24643764.24924867,4.148847480567172,3.651816076316172,111,0.5405405405405406,0.5405405405405406,1.351351351351351,0.810810810810811,1.3513513513513515,2.4324324324324307,2.9729729729729737,3.5135135135135145,1.621621621621622,3.5135135135135145,2.432432432432433,1.6216216216216193,0.2702702702702703,1.0810810810810814,1.0810810810810814,2.1621621621621627,0.810810810810811,1.0810810810810814,0.5405405405405407,0.0,0.0,0.0,0.0,0.2702702702702694,0.0,0.0,0.0,0.0,0.0,0.0,7.643315900797287,45.4018802,3.309819,12,12,395706,C
0.1766390764326318,3.380448441896246,3.4649863065286284,50.04336467170571,1.0558393309118077,2.632891660171473,0.0,0.6523772408417771,0.3116883116883117,0.2337662337662337,0.6233766233766233,1.168831168831169,1.4025974025974028,1.0129870129870124,1.7142857142857144,2.415584415584416,1.7142857142857144,1.7922077922077926,2.2597402597402603,2.883116883116879,2.181818181818182,2.2597402597402603,2.25974025974026,1.168831168831169,0.9350649350649352,1.9480519480519485,1.168831168831169,0.5454545454545455,0.0,0.0,0.0,0.0,0.0,0.0,0.0,0.0,0.0,0.0,0.0779220779220779,0.0779220779220779,0.3896103896103895,0.8571428571428572,1.012987012987013,0.3896103896103893,0.6233766233766235,0.7792207792207793,0.5454545454545455,0.3116883116883117,0.5454545454545455,0.3896103896103889,0.1558441558441558,0.7012987012987014,0.2337662337662338,0.1558441558441558,0.1558441558441558,0.3116883116883117,0.1558441558441558,0.0,0.0,0.0,0.0,0.0,0.0,0.0,0.0,0.0,0.0,0.0,0.0,0.0,0.1558441558441558,0.0779220779220779,0.1558441558441558,0.1558441558441557,0.3116883116883117,0.3116883116883117,0.2337662337662338,0.2337662337662338,0.2337662337662338,0.9350649350649336,0.7792207792207794,0.7792207792207794,0.7792207792207794,0.4675324675324676,0.3116883116883117,0.7012987012987014,0.5454545454545455,0.3116883116883117,0.0,0.0,0.0,0.0,0.0,0.0,0.0,0.0,0.0,0.0,0.0,0.0,0.0,0.0,0.0,0.0779220779220778,0.0779220779220779,0.4675324675324676,0.0779220779220779,0.3116883116883118,0.8571428571428574,1.0129870129870115,0.6233766233766236,0.6233766233766236,0.4675324675324676,0.4675324675324676,0.2337662337662338,0.7012987012987015,0.0779220779220779,0.1558441558441559,0.0,0.0,0.0,0.0,0.0,0.0,0.0,0.0,0.0,0.0,12,28514081.761331618,2.424603138722479,4.628875403288635,385,0.3116883116883117,0.2337662337662337,0.6233766233766233,1.1688311688311692,1.4025974025974028,1.0129870129870124,1.7142857142857146,2.415584415584416,1.7142857142857146,1.7922077922077926,2.2597402597402603,2.883116883116879,2.1818181818181825,2.2597402597402603,2.2597402597402603,1.1688311688311692,0.9350649350649352,1.9480519480519485,1.1688311688311692,0.5454545454545456,0.0,0.0,0.0,0.0,0.0,0.0,0.0,0.0,0.0,0.0,6.387361125715601,49.0364237,2.19978345,12,12,398178,C
0.7174496236309585,2.554357183619641,2.7594276828665123,80.97933536621906,1.0998327004673083,2.4735135135135136,0.0,0.6335135135135135,0.4639175257731959,0.3092783505154639,0.3092783505154638,0.0,1.082474226804124,1.2371134020618548,1.082474226804124,3.556701030927836,2.0103092783505154,1.701030927835052,2.010309278350516,2.474226804123708,2.164948453608248,2.628865979381444,2.474226804123712,1.7010309278350515,1.701030927835052,1.855670103092784,1.237113402061856,0.0,0.0,0.0,0.0,0.0,0.0,0.0,0.0,0.0,0.0,0.0,0.0,0.3092783505154639,0.1546391752577319,0.0,0.3092783505154639,0.4639175257731955,0.0,0.6185567010309279,0.4639175257731959,0.3092783505154639,0.4639175257731959,0.1546391752577317,0.0,0.1546391752577319,0.1546391752577319,0.1546391752577319,0.0,0.1546391752577319,0.0,0.0,0.0,0.0,0.0,0.0,0.0,0.0,0.0,0.0,0.0,0.0,0.0,0.0,0.1546391752577319,0.0,0.4639175257731959,0.3092783505154637,0.4639175257731959,1.3917525773195878,0.7731958762886599,0.4639175257731959,0.4639175257731959,0.0,0.0,0.7731958762886599,0.309278350515464,0.618556701030928,0.618556701030928,0.4639175257731959,0.309278350515464,0.0,0.0,0.0,0.0,0.0,0.0,0.0,0.0,0.0,0.0,0.0,0.0,0.0,0.0,0.0,0.0,0.0,0.154639175257732,0.77319587628866,0.309278350515464,0.4639175257731959,0.618556701030928,0.618556701030927,0.77319587628866,1.391752577319588,1.391752577319588,0.927835051546392,0.77319587628866,1.082474226804124,0.927835051546392,0.0,0.0,0.0,0.0,0.0,0.0,0.0,0.0,0.0,0.0,0.0,12,38884737.83230349,2.4961694909892977,3.565161386443302,194,0.4639175257731959,0.3092783505154639,0.3092783505154638,0.0,1.082474226804124,1.2371134020618548,1.082474226804124,3.556701030927836,2.010309278350516,1.701030927835052,2.010309278350516,2.474226804123708,2.164948453608248,2.628865979381444,2.474226804123712,1.701030927835052,1.701030927835052,1.855670103092784,1.237113402061856,0.0,0.0,0.0,0.0,0.0,0.0,0.0,0.0,0.0,0.0,0.0,7.650924573706741,34.16811075,-118.04884305,12,13,5547825,C
0.6940925597587813,2.601689618662238,2.683294649934754,114.30777528582364,1.041565462728754,3.1586206896551725,0.0,0.5793103448275863,0.0,0.0,0.3703703703703703,0.3703703703703704,0.0,1.1111111111111105,1.4814814814814816,2.592592592592593,4.074074074074075,2.592592592592593,6.296296296296298,1.8518518518518488,0.7407407407407409,3.3333333333333344,0.0,2.592592592592593,0.3703703703703704,0.7407407407407408,0.3703703703703705,0.7407407407407408,0.0,0.3703703703703704,0.0,0.0,0.0,0.0,0.0,0.0,0.0,0.0,0.0,0.0,0.0,0.0,0.0,0.0,0.0,0.3703703703703704,0.0,0.0,0.0,0.0,0.0,0.0,0.0,0.0,0.0,0.0,0.0,0.0,0.0,0.0,0.0,0.0,0.0,0.0,0.0,0.0,0.0,0.0,0.0,0.0,0.0,0.0,0.0,1.1111111111111105,0.3703703703703705,0.740740740740741,0.740740740740741,1.8518518518518523,5.185185185185187,0.3703703703703698,0.3703703703703705,2.592592592592593,0.0,1.481481481481482,0.0,0.0,0.3703703703703705,0.0,0.0,0.0,0.0,0.0,0.0,0.0,0.0,0.0,0.0,0.0,0.0,0.0,0.3703703703703703,0.3703703703703704,0.0,0.0,0.0,1.1111111111111112,1.4814814814814816,0.7407407407407408,1.1111111111111112,0.7407407407407397,0.3703703703703704,0.7407407407407408,0.0,0.3703703703703704,0.0,0.7407407407407408,0.0,0.7407407407407408,0.0,0.3703703703703704,0.0,0.0,0.0,0.0,0.0,0.0,0.0,0.0,12,4081975.284308081,2.7256626205183565,2.4554503678270847,81,0.0,0.0,0.3703703703703703,0.3703703703703704,0.0,1.1111111111111105,1.4814814814814818,2.592592592592593,4.074074074074074,2.592592592592593,6.296296296296298,1.851851851851849,0.7407407407407409,3.333333333333334,0.0,2.592592592592593,0.3703703703703704,0.7407407407407409,0.3703703703703704,0.7407407407407409,0.0,0.3703703703703704,0.0,0.0,0.0,0.0,0.0,0.0,0.0,0.0,4.304348306271492,52.3574926,-106.95780075,12,13,6426260,C
0.4390413591790967,3.0322398456386943,3.1203886194689674,97.0870171193448,1.113374462227409,2.7012987012987013,0.0,0.7012987012987013,1.3043478260869563,0.9782608695652176,1.6304347826086951,0.6521739130434784,0.9782608695652176,0.9782608695652169,1.304347826086957,1.956521739130435,1.3043478260869568,1.630434782608696,0.9782608695652176,1.956521739130432,2.2826086956521743,2.2826086956521743,1.304347826086957,1.6304347826086958,2.608695652173913,1.304347826086957,2.608695652173913,0.0,0.3260869565217392,0.0,0.0,0.0,0.0,0.0,0.0,0.0,0.0,0.0,0.3260869565217391,0.6521739130434783,0.652173913043478,0.6521739130434784,0.3260869565217392,0.3260869565217389,0.0,0.3260869565217392,0.9782608695652176,0.6521739130434784,0.0,0.0,0.3260869565217392,0.0,0.0,0.0,0.0,0.0,0.0,0.0,0.0,0.0,0.0,0.0,0.0,0.0,0.0,0.0,0.0,0.0,0.6521739130434784,0.3260869565217392,0.9782608695652172,0.0,0.6521739130434785,0.0,0.6521739130434785,0.9782608695652176,0.3260869565217392,0.3260869565217392,0.3260869565217392,0.3260869565217387,0.6521739130434785,0.3260869565217392,0.6521739130434785,0.0,0.9782608695652176,0.6521739130434785,0.6521739130434785,0.0,0.0,0.0,0.0,0.0,0.0,0.0,0.0,0.0,0.0,0.0,0.0,0.0,0.0,0.0,0.0,0.6521739130434778,0.6521739130434784,0.6521739130434784,0.0,0.3260869565217392,0.6521739130434784,0.978260869565216,0.9782608695652174,1.3043478260869568,0.6521739130434784,0.6521739130434784,0.6521739130434784,0.3260869565217392,1.9565217391304348,0.0,0.3260869565217392,0.0,0.0,0.0,0.0,0.0,0.0,0.0,0.0,0.0,12,3343374.618584652,3.201303885898553,3.3868550738840133,92,1.3043478260869563,0.9782608695652174,1.6304347826086951,0.6521739130434784,0.9782608695652176,0.9782608695652169,1.3043478260869568,1.956521739130435,1.3043478260869568,1.630434782608696,0.9782608695652176,1.956521739130432,2.2826086956521747,2.2826086956521747,1.3043478260869568,1.630434782608696,2.608695652173913,1.3043478260869568,2.608695652173913,0.0,0.3260869565217392,0.0,0.0,0.0,0.0,0.0,0.0,0.0,0.0,0.0,4.335163041411189,32.45091735,-97.538491,12,13,6571640,C
0.4856358930074724,2.9623876208467026,3.0842730369166427,34.05820738951932,1.0749268743925249,2.393241167434716,0.0,0.499231950844854,0.3765690376569037,0.6276150627615062,1.3807531380753135,0.878661087866109,2.7615062761506284,3.012552301255228,2.384937238493724,0.878661087866109,3.0125523012552304,2.1338912133891217,2.887029288702929,2.510460251046021,1.5062761506276154,0.878661087866109,1.0041841004184102,1.6317991631799167,0.7531380753138077,0.6276150627615065,0.6276150627615065,0.1255230125523013,0.0,0.0,0.0,0.0,0.0,0.0,0.0,0.0,0.0,0.0,0.0,0.0,0.2510460251046024,0.2510460251046026,1.2552301255230127,1.506276150627614,1.2552301255230127,0.5020920502092052,1.6317991631799167,1.1297071129707117,1.6317991631799167,1.1297071129707097,0.6276150627615064,0.2510460251046026,0.6276150627615064,0.5020920502092052,0.0,0.0,0.1255230125523013,0.0,0.0,0.0,0.0,0.0,0.0,0.0,0.0,0.0,0.0,0.0,0.0,0.3765690376569038,1.0041841004184098,0.2510460251046025,0.3765690376569038,0.5020920502092047,0.2510460251046025,0.2510460251046025,0.878661087866109,0.6276150627615065,0.5020920502092051,0.5020920502092043,0.1255230125523012,0.2510460251046025,0.2510460251046025,0.2510460251046025,0.1255230125523012,0.2510460251046025,0.2510460251046025,0.0,0.0,0.0,0.0,0.0,0.0,0.0,0.0,0.0,0.0,0.0,0.1255230125523012,0.1255230125523012,0.1255230125523012,0.3765690376569038,0.1255230125523012,0.0,0.1255230125523012,0.0,0.3765690376569038,0.1255230125523012,0.7531380753138076,0.7531380753138065,0.6276150627615064,0.2510460251046025,0.0,0.2510460251046025,0.2510460251046025,0.2510460251046025,0.1255230125523012,0.0,0.0,0.0,0.0,0.0,0.0,0.0,0.0,0.0,0.0,0.0,12,7026226.482339008,3.7758610178632654,2.953292639992782,239,0.3765690376569037,0.6276150627615062,1.3807531380753135,0.878661087866109,2.761506276150628,3.012552301255228,2.384937238493724,0.878661087866109,3.0125523012552304,2.1338912133891217,2.887029288702929,2.510460251046021,1.5062761506276152,0.878661087866109,1.0041841004184102,1.6317991631799167,0.7531380753138076,0.6276150627615064,0.6276150627615064,0.1255230125523012,0.0,0.0,0.0,0.0,0.0,0.0,0.0,0.0,0.0,0.0,5.112044858057421,32.2653666,-97.1793352,12,13,6571641,C
0.9148854326009124,2.027253334086258,2.2311419126533383,106.49626014034284,1.0314447604713854,3.104761904761905,0.0,0.5666666666666667,0.2608695652173913,0.0,0.2608695652173912,0.0,0.2608695652173913,0.5217391304347823,1.0434782608695654,0.7826086956521741,1.3043478260869568,2.608695652173913,2.086956521739131,1.8260869565217368,1.8260869565217397,1.8260869565217397,3.130434782608696,4.173913043478261,0.5217391304347827,1.3043478260869568,4.695652173913045,1.565217391304348,0.0,0.0,0.0,0.0,0.0,0.0,0.0,0.0,0.0,0.0,0.0,0.0,0.0,0.0,0.0,0.2608695652173911,0.2608695652173913,0.0,0.0,0.0,0.0,0.0,0.0,0.2608695652173913,1.0434782608695654,0.2608695652173913,0.0,0.0,0.0,0.0,0.0,0.0,0.0,0.0,0.0,0.0,0.0,0.0,0.0,0.0,0.0,0.0,0.2608695652173912,0.0,0.2608695652173913,0.2608695652173911,0.0,0.2608695652173913,0.2608695652173913,0.2608695652173913,0.5217391304347827,0.7826086956521727,0.5217391304347827,0.5217391304347827,0.5217391304347827,2.347826086956522,0.2608695652173913,0.0,0.7826086956521741,0.0,0.0,0.0,0.0,0.0,0.0,0.0,0.0,0.0,0.0,0.0,0.0,0.0,0.0,0.0,0.0,0.0,0.2608695652173913,0.0,0.2608695652173913,1.0434782608695654,0.2608695652173913,0.5217391304347818,0.2608695652173913,0.5217391304347827,1.3043478260869568,1.565217391304348,0.0,1.3043478260869568,3.9130434782608714,1.565217391304348,0.0,0.0,0.0,0.0,0.0,0.0,0.0,0.0,0.0,0.0,12,8333330.688054391,2.465066562615335,3.124755689123645,115,0.2608695652173913,0.0,0.2608695652173912,0.0,0.2608695652173913,0.5217391304347823,1.0434782608695654,0.7826086956521741,1.3043478260869568,2.608695652173913,2.086956521739131,1.8260869565217364,1.82608695652174,1.82608695652174,3.130434782608696,4.173913043478262,0.5217391304347827,1.3043478260869568,4.695652173913045,1.565217391304348,0.0,0.0,0.0,0.0,0.0,0.0,0.0,0.0,0.0,0.0,3.03177956948235,31.0257129,-96.48685415,12,13,6584705,C
0.8824587890021035,2.139568556096844,2.140935342546028,72.11846005305212,1.023394581054981,3.044117647058824,0.0,0.6213235294117647,0.0,0.0,0.6451612903225805,0.3225806451612903,0.4301075268817205,0.4301075268817202,0.860215053763441,2.2580645161290325,2.1505376344086025,3.548387096774194,1.505376344086022,2.150537634408599,4.086021505376345,1.5053763440860215,2.0430107526881724,1.7204301075268822,2.903225806451613,1.720430107526882,1.5053763440860215,0.2150537634408602,0.0,0.0,0.0,0.0,0.0,0.0,0.0,0.0,0.0,0.0,0.0,0.0,0.2150537634408601,0.2150537634408602,0.2150537634408602,0.10752688172043,0.1075268817204301,0.4301075268817205,0.2150537634408602,0.4301075268817205,0.0,0.2150537634408598,0.5376344086021506,0.1075268817204301,0.2150537634408602,0.0,0.0,0.3225806451612903,0.0,0.0,0.0,0.0,0.0,0.0,0.0,0.0,0.0,0.0,0.0,0.0,0.0,0.0,0.2150537634408601,0.1075268817204301,0.1075268817204301,0.21505376344086,0.1075268817204301,0.5376344086021506,0.1075268817204301,1.1827956989247317,0.4301075268817205,0.9677419354838694,2.580645161290323,0.6451612903225807,0.752688172043011,0.9677419354838712,2.0430107526881724,1.0752688172043012,1.0752688172043012,0.1075268817204301,0.0,0.0,0.0,0.0,0.0,0.0,0.0,0.0,0.0,0.0,0.0,0.0,0.2150537634408601,0.0,0.1075268817204301,0.0,0.1075268817204301,0.4301075268817205,1.1827956989247312,0.6451612903225807,0.5376344086021507,0.2150537634408599,0.5376344086021507,0.6451612903225807,0.752688172043011,0.5376344086021507,0.5376344086021507,0.3225806451612903,0.4301075268817205,0.1075268817204301,0.0,0.0,0.0,0.0,0.0,0.0,0.0,0.0,0.0,0.0,12,31690552.828009263,2.5233496463177727,2.68930898074992,279,0.0,0.0,0.6451612903225805,0.3225806451612903,0.4301075268817205,0.4301075268817201,0.8602150537634411,2.2580645161290325,2.1505376344086025,3.5483870967741944,1.505376344086022,2.150537634408599,4.086021505376345,1.505376344086022,2.0430107526881724,1.7204301075268822,2.903225806451614,1.7204301075268822,1.505376344086022,0.2150537634408602,0.0,0.0,0.0,0.0,0.0,0.0,0.0,0.0,0.0,0.0,4.002158253278103,34.123470999999995,-101.4443275,12,13,6595907,C
0.8923011802296774,2.107328613649605,2.241694528057698,127.11090443895314,1.0543818594951038,3.257425742574257,0.0,0.504950495049505,0.0,0.0,0.0,0.7317073170731709,0.2439024390243903,0.0,2.195121951219513,1.463414634146342,0.9756097560975612,5.121951219512196,3.658536585365855,0.9756097560975596,1.7073170731707323,1.707317073170732,0.9756097560975612,4.634146341463416,0.4878048780487806,0.9756097560975612,2.195121951219513,1.9512195121951224,0.0,0.0,0.0,0.0,0.0,0.0,0.0,0.0,0.0,0.0,0.0,0.0,0.0,0.2439024390243903,0.0,0.0,0.0,0.0,0.0,0.0,0.2439024390243903,0.0,0.0,0.0,0.2439024390243903,0.0,0.0,0.0,0.0,0.0,0.0,0.0,0.0,0.0,0.0,0.0,0.0,0.0,0.0,0.0,0.0,0.0,0.0,0.2439024390243903,0.2439024390243903,0.0,0.2439024390243903,0.2439024390243903,0.0,0.4878048780487806,0.7317073170731708,0.0,1.2195121951219516,0.7317073170731708,0.7317073170731708,3.170731707317074,0.0,0.2439024390243903,0.0,0.0,0.0,0.0,0.0,0.0,0.0,0.0,0.0,0.0,0.0,0.0,0.0,0.0,0.0,0.2439024390243903,0.0,0.0,0.9756097560975612,0.2439024390243903,0.0,1.463414634146342,0.4878048780487806,0.4878048780487798,0.4878048780487806,0.4878048780487806,0.0,1.2195121951219514,0.4878048780487806,0.7317073170731709,2.195121951219513,1.9512195121951224,0.0,0.0,0.0,0.0,0.0,0.0,0.0,0.0,0.0,0.0,12,34861662.80895402,3.261166506663896,2.4650809182161173,123,0.0,0.0,0.0,0.7317073170731708,0.2439024390243903,0.0,2.195121951219513,1.4634146341463417,0.9756097560975612,5.121951219512196,3.658536585365855,0.9756097560975596,1.707317073170732,1.707317073170732,0.9756097560975612,4.634146341463415,0.4878048780487806,0.9756097560975612,2.195121951219513,1.9512195121951224,0.0,0.0,0.0,0.0,0.0,0.0,0.0,0.0,0.0,0.0,4.359163619005317,36.0238111,-101.8243409,12,13,6595951,C
0.3535550218814947,3.153231610193196,3.150706173501422,101.55289638532004,1.1292320555278443,2.6890130353817505,0.0,0.7467411545623837,0.5921052631578947,0.3947368421052631,0.7894736842105262,1.1842105263157898,1.3815789473684217,2.368421052631577,1.3815789473684212,1.3815789473684212,2.368421052631579,1.578947368421053,1.7763157894736843,1.5789473684210504,0.7894736842105264,2.9605263157894743,1.973684210526316,2.7631578947368425,1.7763157894736843,2.368421052631579,0.3947368421052633,0.1973684210526316,0.0,0.0,0.0,0.0,0.0,0.0,0.0,0.0,0.0,0.0,0.0,0.1973684210526315,0.0,0.1973684210526316,0.3947368421052632,1.38157894736842,0.5921052631578948,0.0,0.7894736842105264,0.1973684210526316,0.0,0.3947368421052625,0.1973684210526316,0.1973684210526316,0.0,0.3947368421052632,0.1973684210526316,0.3947368421052632,0.0,0.0,0.0,0.0,0.0,0.0,0.0,0.0,0.0,0.0,0.0,0.0,0.0,0.1973684210526315,0.5921052631578947,0.7894736842105265,0.7894736842105265,0.3947368421052629,0.1973684210526316,1.1842105263157896,1.1842105263157896,0.7894736842105265,1.1842105263157896,0.7894736842105252,0.0,0.7894736842105265,0.7894736842105265,0.7894736842105265,0.7894736842105265,0.1973684210526316,0.3947368421052633,0.0,0.0,0.0,0.0,0.0,0.0,0.0,0.0,0.0,0.0,0.0,0.0,0.0,0.1973684210526315,0.1973684210526316,0.1973684210526316,0.5921052631578944,0.3947368421052632,0.1973684210526316,0.0,0.3947368421052632,0.3947368421052632,0.1973684210526313,0.3947368421052632,1.1842105263157896,0.986842105263158,0.986842105263158,0.7894736842105264,1.1842105263157896,0.0,0.1973684210526316,0.0,0.0,0.0,0.0,0.0,0.0,0.0,0.0,0.0,0.0,12,8304175.118567727,4.154042184036225,5.106020929336722,152,0.5921052631578947,0.3947368421052631,0.7894736842105261,1.1842105263157896,1.3815789473684217,2.368421052631577,1.3815789473684217,1.3815789473684217,2.368421052631579,1.578947368421053,1.7763157894736843,1.5789473684210504,0.7894736842105265,2.9605263157894743,1.973684210526316,2.763157894736843,1.7763157894736843,2.368421052631579,0.3947368421052633,0.1973684210526316,0.0,0.0,0.0,0.0,0.0,0.0,0.0,0.0,0.0,0.0,9.713236031829254,32.503924,-94.5683526,12,12,6603607,C
0.6244244927424784,2.733027057250361,2.7991540069121994,63.49357156509049,1.0749139497228175,2.6160520607375277,0.0,0.5683297180043384,0.217391304347826,0.0,0.217391304347826,1.0869565217391308,1.521739130434783,1.5217391304347816,0.2173913043478261,2.391304347826088,1.739130434782609,1.739130434782609,2.82608695652174,2.8260869565217352,2.1739130434782616,2.173913043478261,1.5217391304347831,2.391304347826088,1.5217391304347831,1.304347826086957,2.1739130434782616,0.4347826086956523,0.0,0.0,0.0,0.0,0.0,0.0,0.0,0.0,0.0,0.0,0.217391304347826,0.0,0.217391304347826,0.8695652173913047,1.0869565217391306,0.6521739130434778,0.2173913043478261,0.6521739130434784,0.6521739130434784,0.2173913043478261,0.4347826086956523,0.4347826086956515,0.2173913043478261,0.4347826086956523,0.4347826086956523,0.4347826086956523,0.2173913043478261,0.4347826086956523,0.4347826086956523,0.0,0.0,0.0,0.0,0.0,0.0,0.0,0.0,0.0,0.0,0.0,0.0,0.0,0.0,0.2173913043478261,0.4347826086956523,0.4347826086956519,0.0,0.4347826086956523,0.6521739130434784,0.4347826086956523,1.3043478260869568,0.4347826086956515,0.8695652173913045,0.0,0.4347826086956523,0.2173913043478261,0.4347826086956523,0.2173913043478261,0.0,0.0,0.0,0.0,0.0,0.0,0.0,0.0,0.0,0.0,0.0,0.0,0.0,0.0,0.0,0.0,0.0,0.2173913043478259,0.0,0.4347826086956523,0.2173913043478261,0.2173913043478261,0.4347826086956523,1.0869565217391288,0.4347826086956523,0.4347826086956523,0.4347826086956523,1.5217391304347831,0.6521739130434784,0.4347826086956523,1.739130434782609,0.4347826086956523,0.0,0.0,0.0,0.0,0.0,0.0,0.0,0.0,0.0,0.0,12,8959344.089578353,3.28709307089448,3.085979982511606,138,0.217391304347826,0.0,0.217391304347826,1.0869565217391306,1.521739130434783,1.5217391304347816,0.2173913043478261,2.391304347826088,1.739130434782609,1.739130434782609,2.82608695652174,2.826086956521735,2.173913043478261,2.173913043478261,1.521739130434783,2.391304347826088,1.521739130434783,1.3043478260869568,2.173913043478261,0.4347826086956523,0.0,0.0,0.0,0.0,0.0,0.0,0.0,0.0,0.0,0.0,5.773514908986443,32.8009639,-94.71869445,12,13,6603656,C
0.1958449634793102,3.3570497276981377,3.2472402288479456,154.52097166996194,1.248603420501058,2.5828571428571427,0.0,0.64,1.395348837209302,0.6976744186046511,1.395348837209302,0.6976744186046513,4.186046511627908,6.279069767441856,2.790697674418605,4.186046511627907,0.6976744186046513,1.3953488372093026,0.6976744186046513,2.0930232558139505,0.0,0.0,0.6976744186046513,1.3953488372093026,1.3953488372093026,0.0,0.0,0.0,0.0,0.0,0.0,0.0,0.0,0.0,0.0,0.0,0.0,0.0,1.395348837209302,0.6976744186046511,0.0,0.6976744186046513,0.6976744186046513,1.3953488372093013,0.0,2.0930232558139537,0.6976744186046513,0.0,0.0,0.6976744186046501,0.0,0.0,0.0,0.6976744186046513,0.0,0.0,0.0,0.0,0.0,0.0,0.0,0.0,0.0,0.0,0.0,0.0,0.0,0.0,0.0,0.0,1.395348837209302,0.0,2.790697674418605,2.093023255813952,1.3953488372093026,2.0930232558139537,0.0,1.3953488372093026,0.6976744186046513,0.6976744186046502,0.0,0.0,0.6976744186046513,0.6976744186046513,0.6976744186046513,0.0,0.0,0.0,0.0,0.0,0.0,0.0,0.0,0.0,0.0,0.0,0.0,0.0,0.0,0.0,0.0,0.0,0.0,2.0930232558139523,0.6976744186046513,0.0,0.0,0.0,0.0,0.6976744186046502,0.0,0.0,0.0,0.0,0.6976744186046513,0.0,0.0,0.0,0.0,0.0,0.0,0.0,0.0,0.0,0.0,0.0,0.0,0.0,12,961199.8119511266,4.795147545007989,2.7414121980726485,43,1.3953488372093024,0.6976744186046512,1.395348837209302,0.6976744186046513,4.186046511627907,6.2790697674418565,2.790697674418605,4.186046511627907,0.6976744186046513,1.3953488372093026,0.6976744186046513,2.0930232558139505,0.0,0.0,0.6976744186046513,1.3953488372093026,1.3953488372093026,0.0,0.0,0.0,0.0,0.0,0.0,0.0,0.0,0.0,0.0,0.0,0.0,0.0,6.534788986588474,40.58444935,-79.78021534999999,12,13,6885865,C
0.0728439485069244,3.502430963815629,3.3843977691704272,84.53038128927261,1.1652759597264184,2.2222222222222223,0.0,0.6078431372549019,0.0,0.0,0.0,6.42857142857143,0.0,4.285714285714283,4.285714285714287,4.285714285714287,4.285714285714287,2.1428571428571432,0.0,0.0,0.0,0.0,0.0,4.285714285714287,0.0,0.0,0.0,0.0,0.0,0.0,0.0,0.0,0.0,0.0,0.0,0.0,0.0,0.0,0.0,0.0,0.0,4.285714285714287,0.0,0.0,0.0,0.0,2.1428571428571432,0.0,0.0,0.0,0.0,0.0,0.0,0.0,0.0,0.0,0.0,0.0,0.0,0.0,0.0,0.0,0.0,0.0,0.0,0.0,0.0,0.0,0.0,0.0,0.0,2.1428571428571432,0.0,4.285714285714283,4.285714285714287,2.1428571428571432,0.0,2.1428571428571432,0.0,0.0,0.0,0.0,0.0,2.1428571428571432,0.0,0.0,0.0,0.0,0.0,0.0,0.0,0.0,0.0,0.0,0.0,0.0,0.0,0.0,0.0,0.0,0.0,0.0,0.0,0.0,0.0,2.1428571428571432,2.1428571428571432,0.0,0.0,0.0,0.0,0.0,0.0,2.1428571428571432,0.0,0.0,0.0,0.0,0.0,0.0,0.0,0.0,0.0,0.0,0.0,0.0,0.0,0.0,12,99628.10950765623,2.9178993417583405,2.784477370293461,14,0.0,0.0,0.0,6.42857142857143,0.0,4.285714285714283,4.285714285714287,4.285714285714287,4.285714285714287,2.1428571428571432,0.0,0.0,0.0,0.0,0.0,4.285714285714287,0.0,0.0,0.0,0.0,0.0,0.0,0.0,0.0,0.0,0.0,0.0,0.0,0.0,0.0,4.104760546421107,40.57501425,-80.20285855,12,13,6885942,C
0.4192296599762937,3.0610582049003225,3.0845386433703137,154.02615762202532,1.0696697149018182,2.778325123152709,0.0,0.6403940886699507,0.0,0.0,0.7999999999999998,0.8000000000000003,2.0000000000000004,1.5999999999999992,0.4000000000000001,0.0,3.2000000000000006,2.4000000000000004,2.8000000000000007,2.399999999999997,1.2000000000000002,1.6000000000000003,2.4000000000000004,1.6000000000000003,1.2000000000000002,2.8000000000000007,2.400000000000001,0.4000000000000001,0.0,0.0,0.0,0.0,0.0,0.0,0.0,0.0,0.0,0.0,0.0,0.0,0.7999999999999998,0.0,0.0,0.0,0.0,0.0,0.8000000000000003,0.4000000000000001,1.2000000000000002,0.0,0.0,0.0,0.0,0.0,0.0,0.0,0.0,0.0,0.0,0.0,0.0,0.0,0.0,0.0,0.0,0.0,0.0,0.0,0.0,0.0,0.0,0.4000000000000001,1.6000000000000003,0.7999999999999995,0.4000000000000001,0.0,0.4000000000000001,0.4000000000000001,0.4000000000000001,0.3999999999999994,0.0,0.0,0.0,0.0,0.0,0.8000000000000002,0.0,0.0,0.0,0.0,0.0,0.0,0.0,0.0,0.0,0.0,0.0,0.0,0.0,0.0,0.0,0.4000000000000001,0.4000000000000001,0.0,0.0,0.0,1.6000000000000003,0.4000000000000001,0.4000000000000001,0.3999999999999994,0.0,0.8000000000000003,0.8000000000000003,1.2000000000000002,0.4000000000000001,1.6000000000000003,1.6000000000000003,0.4000000000000001,0.0,0.0,0.0,0.0,0.0,0.0,0.0,0.0,0.0,0.0,12,13367169.975861028,4.7169340146072205,4.228848275031603,75,0.0,0.0,0.7999999999999998,0.8000000000000002,2.0000000000000004,1.599999999999999,0.4000000000000001,0.0,3.2000000000000006,2.4000000000000004,2.8000000000000007,2.399999999999997,1.2000000000000002,1.6000000000000003,2.4000000000000004,1.6000000000000003,1.2000000000000002,2.8000000000000007,2.4000000000000004,0.4000000000000001,0.0,0.0,0.0,0.0,0.0,0.0,0.0,0.0,0.0,0.0,8.877878514931039,32.571822999999995,-89.112478,12,12,7152627,C
0.6156840656324295,2.748610978739106,2.680093507143132,102.57026007917402,1.0560001125717342,2.735632183908046,0.0,0.6475095785440613,0.3260869565217391,0.0,0.0,0.0,0.6521739130434785,0.6521739130434778,0.6521739130434785,2.2826086956521743,1.6304347826086962,2.608695652173913,1.9565217391304357,2.2826086956521707,1.304347826086957,2.608695652173913,1.956521739130435,1.9565217391304357,2.2826086956521747,3.5869565217391317,3.260869565217392,0.0,0.0,0.0,0.0,0.0,0.0,0.0,0.0,0.0,0.0,0.0,0.0,0.0,0.0,0.0,0.0,0.3260869565217389,0.3260869565217392,0.0,0.0,0.6521739130434784,0.3260869565217392,0.0,0.3260869565217392,0.0,0.0,0.0,0.0,0.3260869565217392,0.0,0.0,0.0,0.0,0.0,0.0,0.0,0.0,0.0,0.0,0.0,0.0,0.0,0.0,0.0,0.0,0.6521739130434785,0.3260869565217389,0.0,0.9782608695652176,1.304347826086957,0.3260869565217392,0.3260869565217392,0.978260869565216,0.0,0.6521739130434785,0.0,0.0,0.6521739130434785,1.630434782608696,1.630434782608696,0.0,0.0,0.0,0.0,0.0,0.0,0.0,0.0,0.0,0.0,0.0,0.0,0.0,0.0,0.0,0.0,0.0,0.3260869565217392,0.9782608695652176,0.3260869565217392,0.9782608695652176,0.9782608695652176,0.6521739130434774,0.3260869565217392,0.9782608695652176,0.9782608695652176,1.304347826086957,1.304347826086957,1.630434782608696,1.630434782608696,0.0,0.0,0.0,0.0,0.0,0.0,0.0,0.0,0.0,0.0,0.0,12,7907851.637821527,2.574269761313219,2.428637441446772,92,0.3260869565217391,0.0,0.0,0.0,0.6521739130434784,0.6521739130434778,0.6521739130434784,2.2826086956521747,1.630434782608696,2.608695652173913,1.956521739130435,2.2826086956521707,1.3043478260869568,2.608695652173913,1.956521739130435,1.956521739130435,2.2826086956521747,3.5869565217391317,3.260869565217392,0.0,0.0,0.0,0.0,0.0,0.0,0.0,0.0,0.0,0.0,0.0,3.8633465284431625,32.9076654,-90.87688255,12,13,7163812,C
0.2507218174338416,3.288607619223248,3.234470248175982,124.43516316856274,1.1317517887848545,2.3582089552238807,0.0,0.5298507462686567,0.0,0.0,1.4285714285714284,0.0,1.428571428571429,1.4285714285714275,0.0,2.8571428571428577,1.428571428571429,2.8571428571428577,0.0,2.8571428571428528,0.0,4.285714285714287,0.0,2.8571428571428577,1.4285714285714288,4.285714285714287,0.0,2.8571428571428577,0.0,0.0,0.0,0.0,0.0,0.0,0.0,0.0,0.0,0.0,0.0,0.0,0.0,0.0,0.0,0.0,0.0,1.4285714285714288,0.0,1.4285714285714288,0.0,1.4285714285714264,0.0,0.0,0.0,0.0,0.0,0.0,0.0,0.0,0.0,0.0,0.0,0.0,0.0,0.0,0.0,0.0,0.0,0.0,0.0,0.0,1.4285714285714284,0.0,1.428571428571429,0.0,0.0,1.428571428571429,1.428571428571429,1.428571428571429,0.0,0.0,0.0,2.857142857142858,0.0,1.428571428571429,0.0,4.285714285714287,0.0,0.0,0.0,0.0,0.0,0.0,0.0,0.0,0.0,0.0,0.0,0.0,0.0,0.0,0.0,0.0,0.0,0.0,0.0,0.0,0.0,0.0,0.0,0.0,0.0,1.4285714285714288,0.0,1.4285714285714288,0.0,0.0,0.0,0.0,0.0,0.0,0.0,0.0,0.0,0.0,0.0,0.0,0.0,0.0,12,1158503.4082236567,2.774856018345337,1.7692851470714668,21,0.0,0.0,1.4285714285714282,0.0,1.4285714285714288,1.4285714285714275,0.0,2.8571428571428577,1.4285714285714288,2.8571428571428577,0.0,2.857142857142853,0.0,4.285714285714287,0.0,2.8571428571428577,1.4285714285714288,4.285714285714287,0.0,2.8571428571428577,0.0,0.0,0.0,0.0,0.0,0.0,0.0,0.0,0.0,0.0,3.29452661652527,32.9980155,-110.783751,12,14,7260208,C
0.2751846795521723,3.257291178680867,3.297026520057817,103.043920961483,1.0695702285345283,2.809278350515464,0.0,0.6778350515463918,0.6617647058823529,0.0,0.2205882352941175,1.1029411764705883,0.8823529411764708,1.7647058823529402,1.9852941176470595,1.5441176470588238,2.426470588235295,3.750000000000001,1.323529411764706,2.426470588235291,3.750000000000001,2.205882352941177,2.205882352941177,1.7647058823529416,0.661764705882353,0.2205882352941177,0.6617647058823531,0.4411764705882354,0.0,0.0,0.0,0.0,0.0,0.0,0.0,0.0,0.0,0.0,0.0,0.0,0.0,0.0,0.4411764705882354,0.441176470588235,0.4411764705882354,0.4411764705882354,0.4411764705882354,0.2205882352941177,0.2205882352941177,0.2205882352941173,0.4411764705882354,0.2205882352941177,0.0,0.0,0.2205882352941177,0.0,0.4411764705882354,0.0,0.0,0.0,0.0,0.0,0.0,0.0,0.0,0.0,0.0,0.0,0.0,0.0,0.2205882352941175,0.2205882352941177,0.2205882352941177,0.441176470588235,0.8823529411764708,0.4411764705882354,1.544117647058824,0.8823529411764708,0.0,0.661764705882352,0.4411764705882354,0.2205882352941177,0.0,0.2205882352941177,0.0,0.2205882352941177,0.2205882352941177,0.0,0.0,0.0,0.0,0.0,0.0,0.0,0.0,0.0,0.0,0.0,0.0,0.0,0.0,0.8823529411764708,0.2205882352941177,0.6617647058823526,0.2205882352941177,0.2205882352941177,0.2205882352941177,1.544117647058824,0.4411764705882354,1.1029411764705868,2.426470588235295,1.544117647058824,1.544117647058824,1.323529411764706,0.2205882352941177,0.0,0.0,0.4411764705882354,0.0,0.0,0.0,0.0,0.0,0.0,0.0,0.0,0.0,0.0,12,10809517.13633352,3.7924613471589983,4.16792420309718,136,0.6617647058823529,0.0,0.2205882352941175,1.1029411764705883,0.8823529411764708,1.7647058823529402,1.9852941176470595,1.544117647058824,2.4264705882352944,3.750000000000001,1.323529411764706,2.426470588235291,3.750000000000001,2.205882352941177,2.205882352941177,1.7647058823529416,0.661764705882353,0.2205882352941177,0.661764705882353,0.4411764705882354,0.0,0.0,0.0,0.0,0.0,0.0,0.0,0.0,0.0,0.0,6.37723252211444,46.3776551,-75.98022115,12,12,7357979,C
0.109670913169884,3.4599723830393705,3.3694439950771917,71.63857527199457,1.083936957142709,2.447330447330448,0.0,0.6103896103896104,0.4285714285714285,1.9285714285714284,2.1428571428571423,2.571428571428572,3.0000000000000004,2.142857142857141,1.5000000000000004,3.0000000000000004,0.6428571428571429,1.0714285714285716,2.3571428571428577,1.7142857142857115,1.9285714285714288,0.642857142857143,1.9285714285714288,1.2857142857142858,0.4285714285714286,0.4285714285714286,0.2142857142857143,0.0,0.2142857142857143,0.0,0.4285714285714286,0.0,0.0,0.0,0.0,0.0,0.0,0.0,0.0,1.0714285714285714,1.2857142857142856,1.7142857142857146,1.0714285714285716,0.8571428571428567,0.4285714285714286,1.0714285714285716,0.2142857142857143,0.2142857142857143,0.6428571428571429,0.642857142857142,0.6428571428571429,0.4285714285714286,1.0714285714285716,0.6428571428571429,0.4285714285714286,0.2142857142857143,0.2142857142857143,0.0,0.0,0.0,0.4285714285714286,0.0,0.0,0.0,0.0,0.0,0.0,0.0,0.0,0.6428571428571428,0.6428571428571427,0.4285714285714286,1.9285714285714288,0.6428571428571423,0.6428571428571429,1.2857142857142858,0.0,0.0,0.2142857142857143,0.4285714285714279,0.2142857142857143,0.0,0.4285714285714286,0.0,0.0,0.0,0.0,0.0,0.2142857142857143,0.0,0.0,0.0,0.0,0.0,0.0,0.0,0.0,0.0,0.4285714285714285,0.0,0.0,0.4285714285714286,0.0,0.2142857142857141,0.2142857142857143,0.6428571428571429,0.4285714285714286,0.0,0.2142857142857143,0.2142857142857139,0.0,0.0,0.2142857142857143,0.6428571428571429,0.0,0.2142857142857143,0.0,0.0,0.0,0.0,0.0,0.0,0.0,0.0,0.0,0.0,0.0,0.0,12,18188124.86098019,3.0679977247789503,2.44898751123366,140,0.4285714285714285,1.9285714285714288,2.1428571428571423,2.571428571428572,3.000000000000001,2.142857142857141,1.5000000000000004,3.000000000000001,0.6428571428571429,1.0714285714285716,2.3571428571428577,1.7142857142857115,1.928571428571429,0.6428571428571429,1.928571428571429,1.2857142857142858,0.4285714285714286,0.4285714285714286,0.2142857142857143,0.0,0.2142857142857143,0.0,0.4285714285714286,0.0,0.0,0.0,0.0,0.0,0.0,0.0,4.623843796515511,45.62866515,5.889196650000001,12,13,74399,C
0.0530632514185659,3.524888638403977,3.508777332612662,58.37977405577694,1.0895726666289296,2.5267080745341617,0.0,0.6472049689440994,0.3208556149732621,0.8021390374331552,0.802139037433155,0.9625668449197864,1.7647058823529416,1.6042780748663092,2.085561497326204,2.8877005347593583,2.727272727272728,2.5668449197860967,1.1229946524064176,2.406417112299461,1.7647058823529411,1.4438502673796794,2.5668449197860967,0.8021390374331552,1.2834224598930484,0.8021390374331553,0.8021390374331552,0.3208556149732621,0.0,0.0,0.0,0.0,0.0,0.0,0.160427807486631,0.0,0.0,0.0,0.160427807486631,0.3208556149732621,0.641711229946524,0.3208556149732621,0.4812834224598931,0.4812834224598928,0.6417112299465243,0.4812834224598931,0.6417112299465243,0.8021390374331553,0.6417112299465243,0.802139037433154,0.4812834224598931,0.4812834224598931,0.6417112299465243,0.0,0.4812834224598931,0.3208556149732621,0.160427807486631,0.160427807486631,0.0,0.0,0.0,0.0,0.0,0.0,0.160427807486631,0.0,0.0,0.0,0.0,0.160427807486631,0.1604278074866309,0.4812834224598931,0.160427807486631,0.1604278074866309,0.6417112299465242,0.8021390374331553,0.3208556149732621,0.6417112299465242,0.3208556149732621,0.3208556149732616,0.3208556149732621,0.160427807486631,0.160427807486631,0.3208556149732621,0.160427807486631,0.0,0.160427807486631,0.0,0.0,0.0,0.0,0.0,0.0,0.0,0.0,0.0,0.0,0.0,0.0,0.0,0.0,0.0,0.4812834224598931,0.3208556149732618,0.160427807486631,0.6417112299465242,0.6417112299465242,0.4812834224598931,0.0,0.4812834224598923,0.6417112299465242,0.6417112299465242,0.3208556149732621,0.3208556149732621,0.4812834224598931,0.4812834224598931,0.160427807486631,0.160427807486631,0.0,0.0,0.0,0.0,0.0,0.0,0.0,0.0,0.0,0.0,12,9319908.622963294,4.081210324969143,1.974247715217527,187,0.320855614973262,0.8021390374331551,0.802139037433155,0.9625668449197864,1.7647058823529416,1.6042780748663092,2.085561497326204,2.8877005347593587,2.727272727272728,2.5668449197860967,1.1229946524064174,2.406417112299462,1.7647058823529416,1.4438502673796794,2.5668449197860967,0.8021390374331552,1.2834224598930484,0.8021390374331552,0.8021390374331552,0.3208556149732621,0.0,0.0,0.0,0.0,0.0,0.0,0.160427807486631,0.0,0.0,0.0,3.609512068157166,45.55285815,5.93877625,12,13,74404,C
0.0186878556313095,3.5633651868996608,3.52626142124172,38.470663181395,1.057784729205713,2.102189781021898,0.0,0.5273722627737226,1.2244897959183672,0.0,0.0,0.6122448979591839,0.0,1.2244897959183667,1.836734693877552,0.6122448979591838,3.0612244897959195,1.836734693877552,1.2244897959183678,3.061224489795914,3.061224489795919,2.448979591836736,1.8367346938775515,0.6122448979591839,3.0612244897959195,3.0612244897959195,0.6122448979591839,0.0,0.6122448979591839,0.0,0.0,0.0,0.0,0.0,0.0,0.0,0.0,0.0,0.0,0.0,0.0,0.6122448979591839,0.0,0.0,0.6122448979591839,0.0,0.6122448979591839,1.2244897959183678,1.2244897959183678,1.2244897959183656,0.0,0.6122448979591839,0.0,0.0,0.6122448979591839,0.6122448979591839,0.0,0.0,0.6122448979591839,0.0,0.0,0.0,0.0,0.0,0.0,0.0,0.0,0.0,0.0,0.0,0.0,0.0,0.0,1.2244897959183667,0.6122448979591839,0.0,1.2244897959183678,0.0,0.0,0.0,0.0,0.0,0.6122448979591839,0.6122448979591839,1.2244897959183678,0.6122448979591839,0.0,0.0,0.0,0.0,0.0,0.0,0.0,0.0,0.0,0.0,0.0,0.0,0.0,0.0,0.0,0.0,0.0,0.0,0.6122448979591838,0.6122448979591838,0.6122448979591838,0.0,0.0,0.6122448979591828,1.8367346938775515,1.2244897959183676,1.2244897959183676,0.0,0.0,0.0,0.0,0.0,0.0,0.0,0.0,0.0,0.0,0.0,0.0,0.0,0.0,0.0,12,4975537.80269913,3.512969695056789,3.287912974745617,49,1.2244897959183674,0.0,0.0,0.6122448979591838,0.0,1.2244897959183667,1.8367346938775515,0.6122448979591838,3.061224489795919,1.8367346938775515,1.2244897959183676,3.0612244897959138,3.061224489795919,2.448979591836735,1.8367346938775515,0.6122448979591838,3.061224489795919,3.061224489795919,0.6122448979591838,0.0,0.6122448979591838,0.0,0.0,0.0,0.0,0.0,0.0,0.0,0.0,0.0,6.434821772327323,46.1326333,6.38248765,12,13,75383,C
0.5290339811583274,2.894420668809588,2.971008523731669,137.5137700107625,1.1180639264045948,2.511627906976744,0.0,0.627906976744186,0.0,0.0,0.0,0.0,0.0,1.7647058823529405,3.529411764705883,8.823529411764707,5.294117647058824,0.0,1.7647058823529416,1.764705882352939,3.529411764705883,0.0,0.0,0.0,0.0,1.7647058823529416,1.7647058823529416,0.0,0.0,0.0,0.0,0.0,0.0,0.0,0.0,0.0,0.0,0.0,0.0,0.0,0.0,0.0,0.0,1.7647058823529405,0.0,1.7647058823529416,1.7647058823529416,0.0,0.0,0.0,0.0,0.0,0.0,0.0,0.0,0.0,0.0,0.0,0.0,0.0,0.0,0.0,0.0,0.0,0.0,0.0,0.0,0.0,0.0,0.0,0.0,0.0,0.0,0.0,1.7647058823529416,1.7647058823529416,0.0,0.0,1.7647058823529416,1.764705882352939,0.0,0.0,0.0,0.0,0.0,0.0,0.0,0.0,0.0,0.0,0.0,0.0,0.0,0.0,0.0,0.0,0.0,0.0,0.0,0.0,0.0,0.0,0.0,0.0,1.7647058823529416,5.294117647058824,3.529411764705883,0.0,0.0,0.0,3.529411764705883,0.0,0.0,0.0,0.0,0.0,1.7647058823529416,0.0,0.0,0.0,0.0,0.0,0.0,0.0,0.0,0.0,0.0,0.0,12,372939.77478156594,2.532946323093027,2.2795641820895254,17,0.0,0.0,0.0,0.0,0.0,1.7647058823529402,3.529411764705883,8.823529411764708,5.294117647058824,0.0,1.7647058823529416,1.764705882352939,3.529411764705883,0.0,0.0,0.0,0.0,1.7647058823529416,1.7647058823529416,0.0,0.0,0.0,0.0,0.0,0.0,0.0,0.0,0.0,0.0,0.0,2.2572178297713097,45.77106355,-79.3911963,12,13,7551461,C
0.1102789523460924,3.459264065262732,3.39459964826072,18.58418307024788,1.045872886649956,2.100440528634361,0.0,0.5268722466960353,0.0,0.0,0.5454545454545453,0.5454545454545455,0.0,0.0,2.181818181818182,0.5454545454545455,1.636363636363637,2.181818181818182,1.636363636363637,2.727272727272723,3.8181818181818175,4.363636363636364,2.181818181818182,2.7272727272727275,1.636363636363637,2.181818181818182,1.090909090909091,0.0,0.0,0.0,0.0,0.0,0.0,0.0,0.0,0.0,0.0,0.0,0.0,0.0,0.0,0.0,0.0,0.0,0.5454545454545455,0.5454545454545455,0.0,1.090909090909091,0.5454545454545455,0.5454545454545446,0.5454545454545455,0.5454545454545455,0.5454545454545455,1.6363636363636365,0.5454545454545455,1.6363636363636365,0.5454545454545455,0.0,0.0,0.0,0.0,0.0,0.0,0.0,0.0,0.0,0.0,0.0,0.0,0.0,0.0,0.5454545454545455,0.0,0.0,0.5454545454545455,0.0,0.0,0.0,0.0,0.0,0.5454545454545455,1.090909090909091,0.0,0.5454545454545455,0.0,0.5454545454545455,0.0,0.0,0.0,0.0,0.0,0.0,0.0,0.0,0.0,0.0,0.0,0.0,0.0,0.0,0.0,0.0,0.0,0.0,0.0,0.0,0.0,0.5454545454545455,1.090909090909091,1.636363636363634,1.636363636363637,1.636363636363637,1.090909090909091,0.5454545454545455,1.090909090909091,0.0,0.5454545454545455,0.0,0.0,0.0,0.0,0.0,0.0,0.0,0.0,0.0,0.0,0.0,12,1090476.1291576177,3.857482717475854,1.8772085433513857,55,0.0,0.0,0.5454545454545453,0.5454545454545456,0.0,0.0,2.1818181818181825,0.5454545454545456,1.636363636363637,2.1818181818181825,1.636363636363637,2.727272727272723,3.8181818181818192,4.363636363636365,2.1818181818181825,2.727272727272728,1.636363636363637,2.1818181818181825,1.0909090909090913,0.0,0.0,0.0,0.0,0.0,0.0,0.0,0.0,0.0,0.0,0.0,2.8637439066063286,45.428987750000005,-74.03487849999999,12,13,7696240,C
0.6825762039618568,2.624361463028732,2.68784312779893,122.70241190423413,1.0728488571183616,2.7970479704797047,0.0,0.7232472324723247,0.909090909090909,0.9090909090909092,0.6060606060606059,0.3030303030303031,0.6060606060606062,0.6060606060606057,0.6060606060606062,1.5151515151515156,3.6363636363636376,3.333333333333334,1.8181818181818183,2.1212121212121184,2.121212121212121,1.5151515151515154,1.5151515151515156,2.121212121212121,1.5151515151515156,2.121212121212121,1.2121212121212124,0.9090909090909092,0.0,0.0,0.0,0.0,0.0,0.0,0.0,0.0,0.0,0.0,0.0,0.6060606060606061,0.6060606060606059,0.0,0.3030303030303031,0.6060606060606057,0.0,0.3030303030303031,0.9090909090909092,0.3030303030303031,0.3030303030303031,0.3030303030303026,0.3030303030303031,0.6060606060606062,0.3030303030303031,0.3030303030303031,0.0,0.0,0.3030303030303031,0.0,0.0,0.0,0.0,0.0,0.0,0.0,0.0,0.0,0.0,0.0,0.0,0.0,0.0,0.3030303030303031,0.3030303030303031,0.0,0.3030303030303031,0.6060606060606062,1.2121212121212124,0.9090909090909092,0.9090909090909092,0.9090909090909076,0.3030303030303031,0.9090909090909092,0.6060606060606062,0.3030303030303031,0.0,0.9090909090909092,0.0,0.3030303030303031,0.0,0.0,0.0,0.0,0.0,0.0,0.0,0.0,0.0,0.0,0.606060606060606,0.303030303030303,0.0,0.0,0.0,0.0,0.3030303030303031,0.0,0.3030303030303031,0.3030303030303031,0.6060606060606062,0.6060606060606052,0.3030303030303031,0.0,0.6060606060606062,0.6060606060606062,1.2121212121212124,1.2121212121212124,0.9090909090909092,0.6060606060606062,0.0,0.0,0.0,0.0,0.0,0.0,0.0,0.0,0.0,0.0,12,16955500.04009133,3.3760182372806598,3.2411839071967408,99,0.9090909090909092,0.9090909090909092,0.606060606060606,0.3030303030303031,0.6060606060606062,0.6060606060606057,0.6060606060606062,1.5151515151515154,3.636363636363637,3.333333333333334,1.8181818181818183,2.121212121212118,2.121212121212122,1.5151515151515154,1.5151515151515154,2.121212121212122,1.5151515151515154,2.121212121212122,1.2121212121212124,0.9090909090909092,0.0,0.0,0.0,0.0,0.0,0.0,0.0,0.0,0.0,0.0,7.210776644659927,46.08068715,-73.18486825,12,13,7710968,C
0.1972290088660568,3.3553527930389397,3.2580588449853987,109.61773012809304,1.0990384319092974,2.746268656716418,0.0,0.7562189054726368,1.4285714285714284,0.0,1.4285714285714282,0.9523809523809526,0.9523809523809526,1.9047619047619035,2.8571428571428577,0.0,0.9523809523809526,3.80952380952381,2.3809523809523814,2.380952380952378,1.904761904761905,2.3809523809523814,1.904761904761905,1.4285714285714288,0.4761904761904763,0.9523809523809526,0.9523809523809528,0.9523809523809526,0.0,0.0,0.0,0.0,0.0,0.0,0.0,0.0,0.0,0.0,0.4761904761904761,0.0,0.952380952380952,0.0,0.4761904761904763,0.9523809523809518,0.9523809523809526,0.0,0.0,0.0,0.0,0.0,0.4761904761904763,0.0,0.0,0.0,0.0,0.0,0.0,0.0,0.0,0.0,0.0,0.0,0.0,0.0,0.0,0.0,0.0,0.0,0.4761904761904761,0.0,0.476190476190476,0.9523809523809526,0.4761904761904763,0.4761904761904759,0.9523809523809526,0.0,0.4761904761904763,0.9523809523809526,0.0,0.4761904761904755,0.9523809523809526,0.0,0.0,0.4761904761904763,0.0,0.0,0.0,0.0,0.0,0.0,0.0,0.0,0.0,0.0,0.0,0.0,0.0,0.0,0.0,0.0,0.0,0.0,0.0,0.4761904761904758,0.4761904761904763,0.0,0.0,2.3809523809523814,1.904761904761905,0.952380952380951,0.4761904761904763,0.9523809523809528,1.4285714285714288,0.9523809523809528,0.4761904761904763,0.4761904761904763,0.9523809523809528,0.4761904761904763,0.0,0.0,0.0,0.0,0.0,0.0,0.0,0.0,0.0,0.0,12,3259445.764561155,2.7649818335864693,3.035882987364894,63,1.4285714285714286,0.0,1.4285714285714284,0.9523809523809528,0.9523809523809528,1.9047619047619035,2.8571428571428577,0.0,0.9523809523809528,3.80952380952381,2.3809523809523814,2.3809523809523774,1.904761904761905,2.3809523809523814,1.904761904761905,1.4285714285714288,0.4761904761904763,0.9523809523809528,0.9523809523809528,0.9523809523809528,0.0,0.0,0.0,0.0,0.0,0.0,0.0,0.0,0.0,0.0,4.484321486151171,45.18812155,-73.39935955,12,13,7785072,C
0.377932702698404,3.119589921230699,3.2604966491619667,58.38444691347881,1.098228124882615,2.884433962264151,0.0,0.5754716981132075,1.0588235294117647,1.0588235294117647,0.7941176470588234,1.3235294117647065,1.147058823529412,1.852941176470587,3.176470588235295,2.470588235294118,2.647058823529413,1.5882352941176474,1.323529411764706,2.1176470588235263,1.147058823529412,1.3235294117647065,2.2941176470588243,1.3235294117647065,1.058823529411765,1.058823529411765,0.7941176470588237,0.2647058823529412,0.088235294117647,0.0,0.0,0.0882352941176467,0.0,0.0,0.0,0.0,0.0,0.0,0.6176470588235294,0.2647058823529412,0.1764705882352941,0.6176470588235295,0.5294117647058825,0.617647058823529,0.970588235294118,0.970588235294118,1.235294117647059,0.5294117647058825,0.3529411764705883,0.5294117647058816,0.088235294117647,0.2647058823529412,0.2647058823529412,0.6176470588235295,0.3529411764705883,0.2647058823529412,0.4411764705882353,0.088235294117647,0.0,0.0,0.0,0.0,0.0,0.0,0.0,0.0,0.0,0.0,0.0,0.7058823529411765,0.2647058823529411,0.3529411764705883,0.1764705882352941,0.352941176470588,0.8823529411764708,0.5294117647058825,0.7941176470588237,0.2647058823529412,0.088235294117647,0.3529411764705877,0.3529411764705883,0.2647058823529412,0.3529411764705883,0.4411764705882354,0.1764705882352941,0.1764705882352941,0.0,0.0,0.088235294117647,0.0,0.0,0.0,0.0,0.0,0.0,0.0,0.0,0.0,0.0,0.0,0.176470588235294,0.1764705882352941,0.3529411764705883,0.2647058823529409,0.6176470588235295,0.2647058823529412,0.4411764705882354,0.7941176470588237,0.7058823529411766,0.3529411764705877,0.4411764705882354,0.5294117647058825,0.1764705882352941,0.088235294117647,0.1764705882352941,0.5294117647058825,0.088235294117647,0.088235294117647,0.0,0.0,0.0,0.0882352941176467,0.0,0.0,0.0,0.0,0.0,0.0,12,15056345.873377657,3.281830245248042,3.0398287257559717,340,1.0588235294117647,1.0588235294117647,0.7941176470588234,1.3235294117647065,1.147058823529412,1.8529411764705872,3.176470588235295,2.470588235294118,2.647058823529413,1.5882352941176474,1.3235294117647065,2.1176470588235263,1.147058823529412,1.3235294117647065,2.2941176470588243,1.3235294117647065,1.058823529411765,1.058823529411765,0.7941176470588237,0.2647058823529412,0.088235294117647,0.0,0.0,0.0882352941176467,0.0,0.0,0.0,0.0,0.0,0.0,5.423696411695549,49.3994301,-123.5165762,12,13,7858241,C
0.0266833510071357,3.5544767206223185,3.556326496060108,38.61466918052397,1.1031096819430428,2.2005141388174807,0.0,0.5685518423307626,0.4265402843601895,0.4265402843601895,0.7109004739336492,0.5687203791469196,1.137440758293839,2.417061611374406,2.4170616113744083,3.1279620853080576,1.5639810426540286,3.6966824644549767,2.274881516587678,2.132701421800945,1.5639810426540288,2.1327014218009483,1.5639810426540286,1.7061611374407586,0.7109004739336495,0.9952606635071092,0.1421800947867299,0.0,0.0,0.0,0.1421800947867299,0.1421800947867294,0.0,0.0,0.0,0.0,0.0,0.0,0.1421800947867298,0.0,0.2843601895734596,0.2843601895734598,0.1421800947867299,1.279620853080568,1.1374407582938393,1.1374407582938393,0.7109004739336494,1.7061611374407584,0.8530805687203792,0.426540284360189,0.7109004739336494,0.5687203791469196,0.4265402843601896,0.1421800947867299,0.1421800947867299,0.4265402843601896,0.0,0.0,0.0,0.0,0.1421800947867299,0.1421800947867294,0.0,0.0,0.0,0.0,0.0,0.0,0.1421800947867298,0.1421800947867298,0.4265402843601895,0.1421800947867298,0.8530805687203793,0.1421800947867297,0.5687203791469195,0.9952606635071092,0.2843601895734597,0.7109004739336494,0.7109004739336494,0.7109004739336481,0.1421800947867298,0.5687203791469195,0.8530805687203793,0.8530805687203793,0.2843601895734597,0.1421800947867298,0.0,0.0,0.0,0.0,0.0,0.0,0.0,0.0,0.0,0.0,0.0,0.0,0.0,0.0,0.0,0.1421800947867299,0.1421800947867299,0.5687203791469191,0.0,0.5687203791469196,0.0,0.5687203791469196,0.4265402843601896,0.5687203791469186,0.7109004739336494,0.4265402843601896,0.2843601895734598,0.4265402843601896,0.2843601895734598,0.1421800947867299,0.1421800947867299,0.0,0.0,0.0,0.0,0.0,0.0,0.0,0.0,0.0,0.0,0.0,12,4536035.168165382,3.4107700087381527,3.753669282573624,211,0.4265402843601896,0.4265402843601896,0.7109004739336492,0.5687203791469195,1.137440758293839,2.417061611374406,2.4170616113744083,3.127962085308057,1.5639810426540286,3.696682464454977,2.274881516587678,2.132701421800945,1.5639810426540286,2.1327014218009483,1.5639810426540286,1.7061611374407586,0.7109004739336494,0.9952606635071092,0.1421800947867298,0.0,0.0,0.0,0.1421800947867298,0.1421800947867294,0.0,0.0,0.0,0.0,0.0,0.0,6.12839922634992,46.134777850000006,6.15962445,12,12,79000,C
0.5499111802848218,2.8606087298545497,3.018800136234696,118.41515298156985,1.1185829569175936,2.5166051660516606,0.0,0.7011070110701108,1.0169491525423728,0.5084745762711864,0.0,0.5084745762711865,1.016949152542373,0.0,2.033898305084746,1.016949152542373,3.0508474576271194,1.016949152542373,1.016949152542373,1.0169491525423715,3.0508474576271194,2.5423728813559325,3.050847457627119,2.033898305084746,2.033898305084746,3.0508474576271194,1.016949152542373,1.016949152542373,0.0,0.0,0.0,0.0,0.0,0.0,0.0,0.0,0.0,0.0,0.0,0.5084745762711864,0.0,0.0,0.0,0.0,0.0,0.5084745762711865,0.5084745762711865,0.0,0.0,0.0,0.0,0.0,0.0,0.0,0.0,0.0,0.0,0.5084745762711865,0.0,0.0,0.0,0.0,0.0,0.0,0.0,0.0,0.0,0.0,0.0,0.0,0.0,0.5084745762711865,0.0,0.0,2.033898305084746,0.5084745762711865,1.5254237288135597,1.016949152542373,0.0,0.0,0.0,1.5254237288135597,0.5084745762711865,0.0,0.0,0.0,0.0,0.0,0.0,0.0,0.0,0.0,0.0,0.0,0.0,0.0,0.0,0.0,0.0,0.0,0.0,0.0,0.5084745762711865,0.0,0.0,0.0,1.016949152542373,0.0,0.5084745762711865,0.5084745762711856,1.5254237288135597,0.5084745762711865,2.5423728813559325,1.016949152542373,1.016949152542373,1.016949152542373,0.0,0.0,0.0,0.0,0.0,0.0,0.0,0.0,0.0,0.0,0.0,0.0,12,6950247.039579988,3.021232734326273,2.682163854309183,59,1.0169491525423728,0.5084745762711864,0.0,0.5084745762711865,1.016949152542373,0.0,2.033898305084746,1.016949152542373,3.050847457627119,1.016949152542373,1.016949152542373,1.0169491525423715,3.050847457627119,2.5423728813559325,3.050847457627119,2.033898305084746,2.033898305084746,3.050847457627119,1.016949152542373,1.016949152542373,0.0,0.0,0.0,0.0,0.0,0.0,0.0,0.0,0.0,0.0,5.262860304543227,50.44298245,-119.19873405,12,13,7903350,C
0.1442121992179423,3.419343415729247,3.422167498129037,144.3569627236963,1.1468890806279537,2.679245283018868,0.0,0.6754716981132075,1.6901408450704225,0.4225352112676056,0.845070422535211,1.267605633802817,0.8450704225352114,0.8450704225352108,1.6901408450704227,3.380281690140845,2.9577464788732395,2.535211267605634,3.380281690140845,1.267605633802815,1.267605633802817,2.1126760563380285,2.9577464788732395,1.267605633802817,0.4225352112676057,0.8450704225352114,0.0,0.0,0.0,0.0,0.0,0.0,0.0,0.0,0.0,0.0,0.0,0.0,0.0,0.0,0.4225352112676055,0.4225352112676057,0.4225352112676057,0.4225352112676054,0.8450704225352114,1.267605633802817,0.0,0.0,0.8450704225352114,0.0,0.4225352112676057,0.0,0.0,0.0,0.0,0.0,0.0,0.0,0.0,0.0,0.0,0.0,0.0,0.0,0.0,0.0,0.0,0.0,1.267605633802817,0.4225352112676056,0.4225352112676055,0.8450704225352114,0.4225352112676057,0.0,0.4225352112676057,1.2676056338028172,0.0,0.0,0.4225352112676057,0.422535211267605,0.0,0.8450704225352114,0.4225352112676057,0.4225352112676057,0.0,0.0,0.0,0.0,0.0,0.0,0.0,0.0,0.0,0.0,0.0,0.0,0.0,0.0,0.4225352112676056,0.0,0.0,0.0,0.0,0.0,0.0,0.8450704225352114,0.4225352112676057,1.267605633802817,1.267605633802817,0.84507042253521,0.4225352112676057,0.4225352112676057,2.1126760563380285,0.8450704225352114,0.4225352112676057,0.8450704225352114,0.0,0.0,0.0,0.0,0.0,0.0,0.0,0.0,0.0,0.0,0.0,0.0,12,10031875.40843806,3.419108379858546,4.422087048362242,71,1.6901408450704225,0.4225352112676056,0.845070422535211,1.2676056338028172,0.8450704225352115,0.8450704225352108,1.690140845070423,3.380281690140846,2.9577464788732404,2.5352112676056344,3.380281690140846,1.267605633802815,1.2676056338028172,2.1126760563380285,2.9577464788732404,1.2676056338028172,0.4225352112676057,0.8450704225352115,0.0,0.0,0.0,0.0,0.0,0.0,0.0,0.0,0.0,0.0,0.0,0.0,7.382405125827404,45.66377455,-72.1370043,12,12,7950479,C
0.0969632569161507,3.474720834705697,3.484689761700772,110.6654743640118,1.1200987740901514,2.5762711864406778,0.0,0.597457627118644,1.0714285714285714,1.607142857142857,0.0,1.0714285714285716,2.1428571428571432,1.0714285714285707,5.357142857142858,2.678571428571429,2.1428571428571432,4.285714285714287,1.0714285714285716,0.5357142857142849,1.0714285714285716,1.0714285714285716,1.6071428571428574,0.5357142857142859,1.0714285714285716,0.5357142857142858,0.0,0.5357142857142858,0.0,0.0,0.0,0.535714285714284,0.0,0.0,0.0,0.0,0.0,0.0,0.5357142857142857,0.0,0.0,0.5357142857142859,1.0714285714285718,0.0,2.142857142857144,1.0714285714285718,0.0,1.0714285714285718,0.0,0.0,0.0,0.0,0.0,0.5357142857142859,0.0,0.0,0.0,0.0,0.0,0.0,0.0,0.0,0.0,0.0,0.0,0.0,0.0,0.0,0.0,1.607142857142857,0.0,0.5357142857142858,0.5357142857142858,0.5357142857142854,1.0714285714285716,1.0714285714285716,1.0714285714285716,1.0714285714285716,0.5357142857142858,0.0,0.0,0.5357142857142858,0.5357142857142858,0.0,0.0,0.0,0.0,0.0,0.0,0.0,0.0,0.0,0.0,0.0,0.0,0.0,0.0,0.0,0.0,0.0,0.0,0.0,0.5357142857142858,0.5357142857142854,1.0714285714285716,0.5357142857142858,0.5357142857142858,1.0714285714285716,0.0,0.5357142857142849,1.0714285714285716,0.0,0.5357142857142858,0.0,1.0714285714285716,0.5357142857142858,0.0,0.5357142857142858,0.0,0.0,0.0,0.535714285714284,0.0,0.0,0.0,0.0,0.0,0.0,12,5185007.446684577,3.3524908132599665,3.3111585851777345,56,1.0714285714285714,1.6071428571428572,0.0,1.0714285714285716,2.1428571428571432,1.0714285714285707,5.3571428571428585,2.6785714285714293,2.1428571428571432,4.285714285714287,1.0714285714285716,0.5357142857142849,1.0714285714285716,1.0714285714285716,1.6071428571428574,0.5357142857142858,1.0714285714285716,0.5357142857142858,0.0,0.5357142857142858,0.0,0.0,0.0,0.535714285714284,0.0,0.0,0.0,0.0,0.0,0.0,7.682401722872834,45.175295950000006,-72.05285445,12,13,7953112,C
0.833419957676782,2.283096520332177,2.357883436333527,88.29228623160576,1.0614841389558602,3.043809523809524,0.0,0.5066666666666667,0.4615384615384615,0.0,0.0,0.0,0.2307692307692308,0.2307692307692306,0.8076923076923078,1.0384615384615388,1.0384615384615383,2.76923076923077,2.7692307692307696,2.6538461538461497,3.807692307692309,7.7307692307692335,2.1923076923076925,1.8461538461538465,0.576923076923077,0.4615384615384616,1.0384615384615388,0.3461538461538462,0.0,0.0,0.0,0.0,0.0,0.0,0.0,0.0,0.0,0.0,0.0,0.0,0.0,0.0,0.1153846153846154,0.1153846153846153,0.1153846153846154,0.3461538461538462,0.2307692307692308,0.2307692307692308,0.1153846153846154,0.0,0.0,0.1153846153846154,0.0,0.1153846153846154,0.0,0.0,0.1153846153846154,0.0,0.0,0.0,0.0,0.0,0.0,0.0,0.0,0.0,0.0,0.0,0.0,0.0,0.0,0.0,0.1153846153846154,0.1153846153846153,0.1153846153846154,0.1153846153846154,0.3461538461538462,0.8076923076923078,0.576923076923077,0.8076923076923065,2.7692307692307696,6.115384615384618,0.9230769230769232,1.153846153846154,0.1153846153846154,0.2307692307692308,0.3461538461538462,0.0,0.0,0.0,0.0,0.0,0.0,0.0,0.0,0.0,0.0,0.0,0.0,0.0,0.0,0.0,0.0,0.0,0.2307692307692308,0.1153846153846154,0.1153846153846154,0.5769230769230771,0.6923076923076924,0.1153846153846152,0.5769230769230771,1.0384615384615388,0.9230769230769232,0.3461538461538462,0.2307692307692308,0.2307692307692308,0.5769230769230771,0.3461538461538462,0.0,0.0,0.0,0.0,0.0,0.0,0.0,0.0,0.0,0.0,12,40546645.05972825,2.819906466372311,3.3139448826911395,260,0.4615384615384615,0.0,0.0,0.0,0.2307692307692308,0.2307692307692306,0.8076923076923079,1.0384615384615388,1.0384615384615388,2.7692307692307696,2.7692307692307696,2.6538461538461497,3.807692307692309,7.730769230769233,2.192307692307693,1.8461538461538467,0.576923076923077,0.4615384615384617,1.0384615384615388,0.3461538461538462,0.0,0.0,0.0,0.0,0.0,0.0,0.0,0.0,0.0,0.0,5.24410266330428,39.3612455,-121.6980205,12,13,8191445,C
0.0399369882233417,3.539662058621881,3.519107175718726,113.16613789831084,1.0553920729582824,2.724202626641651,0.0,0.7711069418386491,0.1986754966887417,0.3973509933774834,1.3907284768211918,2.185430463576159,2.3841059602649013,1.7880794701986744,2.1854304635761594,1.589403973509934,1.589403973509934,3.5761589403973515,1.3907284768211925,1.1920529801324486,1.1920529801324504,2.7814569536423845,2.1854304635761594,0.9933774834437088,0.5960264900662252,0.3973509933774835,0.5960264900662253,0.5960264900662252,0.3973509933774835,0.0,0.0,0.0,0.3973509933774835,0.0,0.0,0.0,0.0,0.0,0.0,0.0,0.3973509933774833,0.5960264900662252,0.9933774834437088,0.7947019867549664,0.3973509933774835,0.1986754966887417,0.1986754966887417,0.1986754966887417,0.1986754966887417,0.3973509933774829,0.1986754966887417,0.1986754966887417,0.1986754966887417,0.0,0.0,0.0,0.0,0.0,0.1986754966887417,0.0,0.0,0.0,0.1986754966887417,0.0,0.0,0.0,0.0,0.0,0.1986754966887417,0.0,0.7947019867549667,0.3973509933774835,0.7947019867549671,0.3973509933774832,0.1986754966887417,0.1986754966887417,0.5960264900662253,0.9933774834437088,0.3973509933774835,0.1986754966887414,0.0,0.5960264900662253,0.1986754966887417,0.3973509933774835,0.0,0.1986754966887417,0.5960264900662253,0.0,0.0,0.0,0.0,0.0,0.1986754966887417,0.0,0.0,0.0,0.0,0.0,0.0,0.3973509933774834,0.1986754966887416,0.5960264900662252,0.0,0.1986754966887415,0.794701986754967,0.3973509933774835,0.5960264900662252,1.3907284768211925,0.5960264900662252,0.5960264900662243,0.5960264900662252,1.589403973509934,1.788079470198676,0.3973509933774835,0.3973509933774835,0.1986754966887417,0.0,0.3973509933774835,0.1986754966887417,0.0,0.0,0.0,0.0,0.0,0.0,0.0,0.0,0.0,12,10580459.938552132,3.2725503389099613,3.1606002644647377,151,0.1986754966887417,0.3973509933774834,1.3907284768211918,2.1854304635761594,2.384105960264901,1.7880794701986744,2.1854304635761594,1.589403973509934,1.589403973509934,3.576158940397352,1.3907284768211925,1.1920529801324486,1.1920529801324504,2.781456953642385,2.1854304635761594,0.9933774834437088,0.5960264900662252,0.3973509933774835,0.5960264900662252,0.5960264900662252,0.3973509933774835,0.0,0.0,0.0,0.3973509933774835,0.0,0.0,0.0,0.0,0.0,7.431632885907616,48.1021445,7.30860215,12,13,83285,C
0.5086284726385634,2.9267517932732328,3.0259915453175816,131.655790940694,1.046101155670647,2.6798418972332017,0.0,0.6877470355731226,0.7317073170731707,0.3658536585365853,0.7317073170731705,0.0,0.7317073170731709,2.1951219512195106,1.0975609756097564,2.560975609756098,1.8292682926829271,1.463414634146342,2.560975609756098,0.3658536585365848,2.195121951219513,2.560975609756098,1.463414634146342,1.0975609756097564,1.0975609756097562,1.8292682926829276,4.390243902439026,0.7317073170731709,0.0,0.0,0.0,0.0,0.0,0.0,0.0,0.0,0.0,0.0,0.0,0.0,0.0,0.0,0.0,0.7317073170731703,0.3658536585365854,0.0,0.3658536585365854,0.0,0.0,0.0,0.0,0.3658536585365854,0.0,0.0,0.0,0.0,0.3658536585365854,0.0,0.0,0.0,0.0,0.0,0.0,0.0,0.0,0.0,0.0,0.0,0.0,0.3658536585365853,0.3658536585365852,0.0,0.3658536585365854,0.3658536585365851,0.7317073170731709,0.3658536585365854,0.3658536585365854,0.7317073170731709,1.463414634146342,0.3658536585365848,0.0,0.0,0.3658536585365854,0.3658536585365854,0.0,0.3658536585365854,0.3658536585365854,0.3658536585365854,0.0,0.0,0.0,0.0,0.0,0.0,0.0,0.0,0.0,0.0,0.0,0.0,0.3658536585365852,0.0,0.3658536585365854,1.0975609756097555,0.0,1.8292682926829276,1.0975609756097562,0.3658536585365854,1.0975609756097562,0.0,1.463414634146342,1.0975609756097562,0.0,0.3658536585365854,1.0975609756097562,1.463414634146342,3.658536585365855,0.3658536585365854,0.0,0.0,0.0,0.0,0.0,0.0,0.0,0.0,0.0,0.0,12,5456755.8050048025,3.60868820977211,5.639334735848184,82,0.7317073170731707,0.3658536585365853,0.7317073170731706,0.0,0.7317073170731709,2.1951219512195106,1.0975609756097562,2.560975609756098,1.8292682926829271,1.463414634146342,2.560975609756098,0.3658536585365848,2.1951219512195124,2.560975609756098,1.463414634146342,1.0975609756097562,1.0975609756097562,1.8292682926829271,4.390243902439025,0.7317073170731709,0.0,0.0,0.0,0.0,0.0,0.0,0.0,0.0,0.0,0.0,6.392118367144756,32.9957267,-94.6315152,12,12,8443936,C
0.5599895891552332,2.8440055064761864,3.1558460308664795,133.45691562138992,1.1446197282938777,2.5660377358490565,0.0,0.720754716981132,0.0,0.0,0.0,1.0526315789473686,1.0526315789473686,0.5263157894736838,1.5789473684210529,2.631578947368421,2.631578947368421,1.5789473684210529,3.6842105263157903,2.1052631578947336,1.0526315789473686,3.6842105263157903,2.631578947368421,1.5789473684210529,0.0,1.0526315789473686,2.631578947368421,0.5263157894736843,0.0,0.0,0.0,0.0,0.0,0.0,0.0,0.0,0.0,0.0,0.0,0.0,0.0,0.5263157894736843,0.5263157894736843,0.0,0.5263157894736843,0.5263157894736843,1.0526315789473686,0.5263157894736843,0.0,0.0,0.5263157894736843,0.5263157894736843,0.0,0.0,0.0,0.0,0.0,0.0,0.0,0.0,0.0,0.0,0.0,0.0,0.0,0.0,0.0,0.0,0.0,0.0,0.0,0.5263157894736843,0.5263157894736843,0.0,0.5263157894736843,0.5263157894736843,0.5263157894736843,0.0,1.0526315789473686,0.5263157894736834,0.0,1.5789473684210529,0.0,0.0,0.0,0.5263157894736843,1.0526315789473686,0.0,0.0,0.0,0.0,0.0,0.0,0.0,0.0,0.0,0.0,0.0,0.0,0.0,0.0,0.0,0.0,0.5263157894736838,0.5263157894736843,1.5789473684210529,1.0526315789473686,1.0526315789473686,2.105263157894737,1.5789473684210502,0.0,1.0526315789473686,1.5789473684210529,1.5789473684210529,0.0,0.5263157894736843,1.0526315789473686,0.5263157894736843,0.0,0.0,0.0,0.0,0.0,0.0,0.0,0.0,0.0,0.0,12,7233912.997550311,4.185977767521981,4.16623917138431,57,0.0,0.0,0.0,1.0526315789473686,1.0526315789473686,0.5263157894736838,1.5789473684210529,2.6315789473684217,2.6315789473684217,1.5789473684210529,3.6842105263157903,2.105263157894734,1.0526315789473686,3.6842105263157903,2.6315789473684217,1.5789473684210529,0.0,1.0526315789473686,2.6315789473684217,0.5263157894736843,0.0,0.0,0.0,0.0,0.0,0.0,0.0,0.0,0.0,0.0,8.462780089658702,36.340978,-94.4540965,12,12,8527261,C
0.4271326943930214,3.049622198192143,3.01036653435169,162.917988415715,1.0360018986938333,2.372093023255814,0.0,0.6511627906976745,0.0,0.0,0.0,1.2500000000000004,0.0,0.0,0.0,1.2500000000000004,0.0,0.0,2.500000000000001,1.2499999999999982,5.000000000000001,1.2500000000000004,3.750000000000001,2.500000000000001,1.2500000000000004,3.750000000000001,3.750000000000001,1.2500000000000004,0.0,0.0,1.2500000000000002,0.0,0.0,0.0,0.0,0.0,0.0,0.0,0.0,0.0,0.0,0.0,0.0,0.0,0.0,0.0,0.0,0.0,0.0,1.2499999999999982,3.750000000000001,0.0,1.2500000000000004,0.0,0.0,0.0,0.0,0.0,0.0,0.0,0.0,0.0,0.0,0.0,0.0,0.0,0.0,0.0,0.0,0.0,0.0,0.0,0.0,0.0,0.0,0.0,0.0,0.0,0.0,0.0,0.0,0.0,0.0,0.0,0.0,0.0,0.0,0.0,0.0,0.0,1.2500000000000002,0.0,0.0,0.0,0.0,0.0,0.0,0.0,0.0,0.0,0.0,1.2500000000000004,0.0,0.0,0.0,1.2500000000000004,0.0,0.0,2.500000000000001,0.0,0.0,1.2500000000000004,2.500000000000001,2.500000000000001,1.2500000000000004,3.750000000000001,3.750000000000001,1.2500000000000004,0.0,0.0,0.0,0.0,0.0,0.0,0.0,0.0,0.0,0.0,12,751985.3195426133,3.132898913837038,3.289432352869713,24,0.0,0.0,0.0,1.2500000000000002,0.0,0.0,0.0,1.2500000000000002,0.0,0.0,2.5000000000000004,1.2499999999999982,5.000000000000001,1.2500000000000002,3.75,2.5000000000000004,1.2500000000000002,3.75,3.75,1.2500000000000002,0.0,0.0,1.2500000000000002,0.0,0.0,0.0,0.0,0.0,0.0,0.0,8.28602595864834,34.2668926,-93.46248895,12,13,8529786,C
0.2656292268237807,3.269585680783341,3.266773339437565,74.95270512201935,1.00824402040437,2.9309462915601023,0.0,0.6930946291560103,0.3296703296703297,0.3296703296703296,0.1648351648351647,0.4945054945054946,0.8241758241758244,0.8241758241758237,1.483516483516484,2.6373626373626378,1.9780219780219783,3.296703296703297,2.1428571428571432,2.472527472527469,1.648351648351649,0.4945054945054946,2.472527472527473,1.9780219780219783,2.637362637362638,2.1428571428571432,1.3186813186813189,0.3296703296703298,0.0,0.0,0.0,0.0,0.0,0.0,0.0,0.0,0.0,0.0,0.0,0.0,0.0,0.0,0.0,0.0,0.1648351648351649,0.1648351648351649,0.1648351648351649,0.0,0.0,0.0,0.0,0.0,0.0,0.0,0.1648351648351649,0.0,0.0,0.0,0.0,0.0,0.0,0.0,0.0,0.0,0.0,0.0,0.0,0.0,0.1648351648351648,0.3296703296703296,0.1648351648351647,0.4945054945054946,0.4945054945054946,0.3296703296703294,0.3296703296703298,0.3296703296703298,0.1648351648351649,1.4835164835164838,0.9890109890109892,1.1538461538461522,0.6593406593406596,0.3296703296703298,1.4835164835164838,0.9890109890109892,1.1538461538461542,1.4835164835164838,0.9890109890109892,0.1648351648351649,0.0,0.0,0.0,0.0,0.0,0.0,0.0,0.0,0.0,0.0,0.0,0.0,0.0,0.0,0.1648351648351648,0.1648351648351647,0.6593406593406594,1.1538461538461542,0.9890109890109892,1.1538461538461542,1.1538461538461542,0.9890109890109876,0.8241758241758245,0.0,0.4945054945054946,0.1648351648351648,0.6593406593406594,0.3296703296703297,0.3296703296703297,0.0,0.0,0.0,0.0,0.0,0.0,0.0,0.0,0.0,0.0,0.0,12,9802621.588894328,2.4673795304717494,2.5664585663975448,182,0.3296703296703296,0.3296703296703296,0.1648351648351648,0.4945054945054946,0.8241758241758244,0.8241758241758237,1.4835164835164838,2.637362637362638,1.9780219780219783,3.296703296703297,2.142857142857144,2.472527472527469,1.6483516483516487,0.4945054945054946,2.472527472527473,1.9780219780219783,2.637362637362638,2.142857142857144,1.318681318681319,0.3296703296703298,0.0,0.0,0.0,0.0,0.0,0.0,0.0,0.0,0.0,0.0,3.725328618496364,31.295372800000003,48.56707084999999,12,13,8689204,C
0.0462831763823975,3.532532211062452,3.4955157113124886,93.18156558034046,1.0802228267168763,2.711743772241993,0.0,0.7313167259786477,0.1685393258426966,0.6741573033707865,1.8539325842696623,0.8426966292134834,1.8539325842696632,2.5280898876404483,1.6853932584269666,3.202247191011237,2.02247191011236,2.191011235955057,2.02247191011236,2.359550561797749,1.1797752808988766,1.1797752808988766,1.01123595505618,1.3483146067415732,1.6853932584269666,0.50561797752809,0.6741573033707866,0.3370786516853933,0.50561797752809,0.0,0.0,0.0,0.1685393258426966,0.0,0.0,0.0,0.0,0.0,0.0,0.1685393258426966,0.5056179775280898,0.3370786516853933,0.5056179775280899,0.5056179775280896,0.3370786516853933,0.1685393258426966,0.5056179775280899,0.1685393258426966,0.1685393258426966,0.5056179775280891,0.1685393258426966,0.1685393258426966,0.1685393258426966,0.3370786516853933,0.5056179775280899,0.0,0.1685393258426966,0.0,0.0,0.0,0.0,0.0,0.0,0.0,0.0,0.0,0.0,0.0,0.0,0.3370786516853932,0.5056179775280898,0.1685393258426966,0.3370786516853933,1.0112359550561791,0.8426966292134833,0.50561797752809,0.8426966292134833,0.6741573033707866,0.50561797752809,0.6741573033707856,0.6741573033707866,0.6741573033707866,0.1685393258426966,0.1685393258426966,0.3370786516853933,0.3370786516853933,0.3370786516853933,0.0,0.3370786516853933,0.0,0.0,0.0,0.1685393258426966,0.0,0.0,0.0,0.0,0.0,0.0,0.1685393258426966,0.1685393258426966,0.3370786516853933,0.1685393258426966,0.6741573033707862,0.3370786516853933,1.1797752808988766,0.1685393258426966,0.5056179775280899,1.1797752808988766,0.1685393258426964,0.3370786516853933,0.1685393258426966,0.3370786516853933,0.1685393258426966,0.3370786516853933,0.1685393258426966,0.0,0.3370786516853933,0.0,0.0,0.0,0.0,0.0,0.0,0.0,0.0,0.0,0.0,12,20383905.215725485,4.300672083483078,3.8297819978874177,178,0.1685393258426966,0.6741573033707865,1.8539325842696623,0.8426966292134833,1.8539325842696632,2.528089887640448,1.6853932584269666,3.2022471910112364,2.02247191011236,2.191011235955057,2.02247191011236,2.359550561797749,1.1797752808988766,1.1797752808988766,1.01123595505618,1.3483146067415734,1.6853932584269666,0.50561797752809,0.6741573033707867,0.3370786516853933,0.50561797752809,0.0,0.0,0.0,0.1685393258426966,0.0,0.0,0.0,0.0,0.0,7.396247105883025,45.61103545,0.1703399,12,12,86984,C
0.273599373269473,3.2593364923213954,3.299776552553517,91.62090439389212,1.151054110715114,2.664335664335664,0.0,0.6433566433566433,0.7407407407407407,0.0,0.7407407407407406,1.8518518518518523,2.592592592592593,1.4814814814814803,3.333333333333333,2.592592592592593,2.2222222222222228,2.2222222222222223,2.2222222222222228,2.9629629629629584,1.1111111111111112,1.1111111111111114,0.3703703703703704,2.592592592592593,1.1111111111111114,0.0,0.3703703703703704,0.3703703703703704,0.0,0.0,0.0,0.0,0.0,0.0,0.0,0.0,0.0,0.0,0.3703703703703703,0.0,0.3703703703703703,0.3703703703703704,1.4814814814814816,1.4814814814814803,1.4814814814814816,1.1111111111111112,0.3703703703703704,0.3703703703703704,0.3703703703703704,0.3703703703703698,0.0,0.0,0.0,0.3703703703703704,0.0,0.0,0.0,0.0,0.0,0.0,0.0,0.0,0.0,0.0,0.0,0.0,0.0,0.0,0.0,0.0,0.3703703703703703,1.4814814814814818,1.1111111111111112,0.0,1.1111111111111112,1.4814814814814818,1.4814814814814818,1.1111111111111112,0.3703703703703704,0.3703703703703698,0.0,0.3703703703703704,0.3703703703703704,0.0,0.7407407407407409,0.0,0.3703703703703704,0.0,0.0,0.0,0.0,0.0,0.0,0.0,0.0,0.0,0.0,0.0,0.0,0.0,0.0,0.0,0.0,0.0,0.7407407407407409,0.0,0.0,0.3703703703703704,0.7407407407407409,0.3703703703703698,1.1111111111111112,0.3703703703703704,0.0,0.7407407407407409,0.0,0.0,0.0,0.3703703703703704,0.0,0.0,0.0,0.0,0.0,0.0,0.0,0.0,0.0,0.0,12,12359182.27938754,3.4439307830790056,3.97092657938553,81,0.7407407407407407,0.0,0.7407407407407406,1.8518518518518523,2.592592592592593,1.4814814814814803,3.333333333333334,2.592592592592593,2.2222222222222228,2.2222222222222228,2.2222222222222228,2.962962962962959,1.1111111111111114,1.1111111111111114,0.3703703703703704,2.592592592592593,1.1111111111111114,0.0,0.3703703703703704,0.3703703703703704,0.0,0.0,0.0,0.0,0.0,0.0,0.0,0.0,0.0,0.0,6.180662549088349,44.6370783,-63.50409795,12,12,9107872,C
0.3806971325805531,3.115733647209391,3.0280908201145813,134.5203513733808,1.06671958276622,2.6333333333333333,0.0,0.75,1.0,3.0,0.9999999999999996,0.0,0.0,0.9999999999999992,5.000000000000001,4.000000000000001,1.0000000000000002,3.000000000000001,3.000000000000001,0.9999999999999986,2.0000000000000004,3.000000000000001,0.0,0.0,0.0,0.0,2.0000000000000004,0.0,0.0,0.0,0.0,0.0,0.0,0.0,0.0,0.0,0.0,0.0,0.0,1.0,0.0,0.0,0.0,0.0,2.0000000000000004,2.0000000000000004,1.0000000000000002,2.0000000000000004,1.0000000000000002,0.0,0.0,2.0000000000000004,0.0,0.0,0.0,0.0,0.0,0.0,0.0,0.0,0.0,0.0,0.0,0.0,0.0,0.0,0.0,0.0,1.0,1.0,0.0,0.0,0.0,0.0,1.0000000000000002,0.0,0.0,1.0000000000000002,1.0000000000000002,0.9999999999999986,1.0000000000000002,1.0000000000000002,0.0,0.0,0.0,0.0,0.0,0.0,0.0,0.0,0.0,0.0,0.0,0.0,0.0,0.0,0.0,0.0,0.0,1.0,0.9999999999999996,0.0,0.0,0.9999999999999992,1.0000000000000002,2.0000000000000004,0.0,0.0,1.0000000000000002,0.0,1.0000000000000002,0.0,0.0,0.0,0.0,0.0,2.0000000000000004,0.0,0.0,0.0,0.0,0.0,0.0,0.0,0.0,0.0,0.0,0.0,12,565724.9679502734,3.1437365390919148,2.531174077338423,30,1.0,3.0,0.9999999999999998,0.0,0.0,0.9999999999999994,5.000000000000001,4.000000000000001,1.0000000000000002,3.0000000000000004,3.0000000000000004,0.9999999999999986,2.0000000000000004,3.0000000000000004,0.0,0.0,0.0,0.0,2.0000000000000004,0.0,0.0,0.0,0.0,0.0,0.0,0.0,0.0,0.0,0.0,0.0,3.320930294500974,45.333965250000006,-63.299133100000006,12,13,9107955,C
0.3259699267319922,3.1905433732921726,3.139089474476952,131.7937094802152,1.0546162323205286,2.5426356589147288,0.0,0.7209302325581395,0.0,4.411764705882353,1.764705882352941,0.8823529411764709,0.0,3.5294117647058805,2.647058823529413,5.294117647058825,2.647058823529413,0.8823529411764708,4.411764705882353,0.0,0.0,0.0,0.8823529411764708,0.8823529411764708,0.0,0.8823529411764709,0.8823529411764708,0.0,0.0,0.0,0.0,0.0,0.0,0.0,0.0,0.0,0.0,0.0,0.0,0.8823529411764707,0.0,0.0,0.0,0.88235294117647,1.7647058823529416,0.0,0.0,0.8823529411764708,1.7647058823529416,0.0,0.0,0.0,0.8823529411764708,0.8823529411764708,0.0,0.0,0.0,0.0,0.0,0.0,0.0,0.0,0.0,0.0,0.0,0.0,0.0,0.0,0.0,3.5294117647058822,0.8823529411764703,0.0,0.0,0.0,0.0,0.8823529411764708,0.8823529411764708,0.0,0.8823529411764708,0.0,0.0,0.0,0.0,0.0,0.0,0.0,0.0,0.0,0.0,0.0,0.0,0.0,0.0,0.0,0.0,0.0,0.0,0.0,0.0,0.0,0.8823529411764705,0.8823529411764709,0.0,0.8823529411764701,0.8823529411764709,3.529411764705884,1.7647058823529418,0.0,0.0,0.0,0.0,0.0,0.0,0.0,0.0,0.8823529411764709,0.0,0.0,0.0,0.0,0.0,0.0,0.0,0.0,0.0,0.0,0.0,0.0,12,2358297.5915129296,2.743546778716147,2.4351958072561537,34,0.0,4.411764705882353,1.764705882352941,0.8823529411764708,0.0,3.5294117647058805,2.647058823529412,5.294117647058824,2.647058823529412,0.8823529411764708,4.411764705882354,0.0,0.0,0.0,0.8823529411764708,0.8823529411764708,0.0,0.8823529411764708,0.8823529411764708,0.0,0.0,0.0,0.0,0.0,0.0,0.0,0.0,0.0,0.0,0.0,3.9335255608183166,46.4428382,4.8790934,12,13,912195,C
0.0611030648110143,3.515789339083274,3.4835444432573954,39.361657097971445,1.0810362692695803,2.6779661016949152,0.0,0.6440677966101694,0.0,1.7647058823529411,0.0,1.7647058823529418,0.0,1.7647058823529402,0.0,8.823529411764708,1.7647058823529418,1.7647058823529418,3.529411764705884,1.764705882352939,0.0,3.529411764705884,0.0,1.7647058823529418,1.7647058823529416,0.0,0.0,0.0,0.0,0.0,0.0,0.0,0.0,0.0,0.0,0.0,0.0,0.0,0.0,1.7647058823529411,0.0,1.7647058823529418,0.0,1.7647058823529402,0.0,3.529411764705884,1.7647058823529418,1.7647058823529418,0.0,1.764705882352939,0.0,3.529411764705884,0.0,1.7647058823529418,0.0,0.0,0.0,0.0,0.0,0.0,0.0,0.0,0.0,0.0,0.0,0.0,0.0,0.0,0.0,0.0,0.0,0.0,0.0,0.0,0.0,5.294117647058825,0.0,0.0,3.529411764705884,0.0,0.0,0.0,0.0,0.0,0.0,0.0,0.0,0.0,0.0,0.0,0.0,0.0,0.0,0.0,0.0,0.0,0.0,0.0,0.0,0.0,0.0,0.0,0.0,0.0,0.0,0.0,0.0,0.0,0.0,0.0,0.0,0.0,0.0,0.0,0.0,0.0,0.0,0.0,0.0,0.0,0.0,0.0,0.0,0.0,0.0,0.0,0.0,0.0,12,16396.58258997606,3.8386162491701534,3.307562955724774,17,0.0,1.7647058823529411,0.0,1.7647058823529416,0.0,1.7647058823529402,0.0,8.823529411764708,1.7647058823529416,1.7647058823529416,3.529411764705883,1.764705882352939,0.0,3.529411764705883,0.0,1.7647058823529416,1.7647058823529416,0.0,0.0,0.0,0.0,0.0,0.0,0.0,0.0,0.0,0.0,0.0,0.0,0.0,6.174323444123616,44.4828,-63.9313,12,13,9130551,C
0.137041102895102,3.4278448705836526,3.1124171876438225,76.82405103503703,1.078229408918458,2.875,0.0,0.65625,1.2,0.0,0.0,0.0,0.0,1.1999999999999993,0.0,1.2000000000000004,1.2000000000000002,3.6000000000000005,3.6000000000000005,2.399999999999997,1.2000000000000004,2.4000000000000004,4.800000000000001,2.4000000000000004,2.4000000000000004,2.4000000000000004,0.0,0.0,0.0,0.0,0.0,0.0,0.0,0.0,0.0,0.0,0.0,0.0,0.0,0.0,0.0,0.0,0.0,0.0,0.0,0.0,1.2000000000000002,1.2000000000000002,2.4000000000000004,1.1999999999999982,0.0,2.4000000000000004,3.6000000000000005,2.4000000000000004,2.4000000000000004,1.2000000000000002,0.0,0.0,0.0,0.0,0.0,0.0,0.0,0.0,0.0,0.0,0.0,0.0,0.0,0.0,0.0,0.0,0.0,0.0,0.0,0.0,0.0,1.2000000000000004,0.0,0.0,1.2000000000000004,0.0,1.2000000000000004,0.0,0.0,1.2000000000000004,0.0,0.0,0.0,0.0,0.0,0.0,0.0,0.0,0.0,0.0,0.0,0.0,0.0,0.0,0.0,0.0,0.0,0.0,0.0,0.0,0.0,0.0,1.2000000000000004,0.0,0.0,0.0,0.0,0.0,0.0,0.0,0.0,0.0,0.0,0.0,0.0,0.0,0.0,0.0,0.0,0.0,0.0,0.0,12,32966.309860901805,4.570624766139313,1.6041656135770026,25,1.2,0.0,0.0,0.0,0.0,1.1999999999999993,0.0,1.2000000000000002,1.2000000000000002,3.6000000000000005,3.6000000000000005,2.399999999999997,1.2000000000000002,2.4000000000000004,4.800000000000001,2.4000000000000004,2.4000000000000004,2.4000000000000004,0.0,0.0,0.0,0.0,0.0,0.0,0.0,0.0,0.0,0.0,0.0,0.0,4.482042705788323,44.49145935,-63.58303,12,14,9130564,C
0.5461298562222651,2.8667900776611006,3.179226069921205,58.59710607292904,1.1070268638093357,2.8487394957983194,0.0,0.4705882352941176,0.625,1.5625,2.1875,2.1875000000000004,0.9375000000000002,0.6249999999999996,1.5625000000000004,1.8750000000000004,2.5000000000000004,3.4375000000000004,0.3125,2.187499999999997,1.5625000000000002,1.5625000000000002,0.3125000000000001,0.6250000000000001,2.5000000000000004,2.8125000000000004,0.6250000000000002,0.0,0.0,0.0,0.0,0.0,0.0,0.0,0.0,0.0,0.0,0.0,0.3125,1.25,1.5624999999999998,0.9375,0.6250000000000001,0.3124999999999998,0.3125,0.3125,1.2500000000000002,1.5625000000000002,0.3125,0.0,0.0,0.3125,0.0,0.0,0.0,0.0,0.0,0.0,0.0,0.0,0.0,0.0,0.0,0.0,0.0,0.0,0.0,0.0,0.0,0.3125,0.6249999999999998,1.2500000000000002,0.3125,0.3124999999999998,0.3125,0.0,0.3125,0.3125,0.0,0.0,0.9375,0.3125,0.0,0.3125,0.6250000000000001,0.0,0.0,0.0,0.0,0.0,0.0,0.0,0.0,0.0,0.0,0.0,0.0,0.0,0.0,0.0,0.0,0.0,0.0,0.0,0.6250000000000001,1.5625000000000004,0.6250000000000001,1.2500000000000002,0.0,2.187499999999997,0.3125,0.6250000000000001,0.0,0.3125,1.875,0.9375,0.0,0.0,0.0,0.0,0.0,0.0,0.0,0.0,0.0,0.0,0.0,0.0,12,2069527.863891887,2.486983991862275,2.0185183801540987,96,0.625,1.5625,2.1875,2.1875000000000004,0.9375,0.6249999999999997,1.5625000000000002,1.875,2.5000000000000004,3.4375000000000004,0.3125,2.187499999999997,1.5625000000000002,1.5625000000000002,0.3125,0.6250000000000001,2.5000000000000004,2.8125000000000004,0.6250000000000001,0.0,0.0,0.0,0.0,0.0,0.0,0.0,0.0,0.0,0.0,0.0,2.486708649027957,44.6737265,-76.4009815,12,13,9192185,C
0.3018788364278203,3.2225091227474394,3.2647471262748047,86.3664439184454,1.0804091431616945,2.945945945945946,0.0,0.6405405405405405,0.6428571428571428,0.0,0.0,0.4285714285714287,1.0714285714285718,0.8571428571428567,1.928571428571429,1.7142857142857146,1.928571428571429,1.0714285714285716,0.4285714285714287,2.14285714285714,2.1428571428571432,2.1428571428571432,5.142857142857144,2.571428571428572,2.5714285714285725,1.2857142857142858,1.5000000000000002,0.2142857142857143,0.2142857142857143,0.0,0.0,0.0,0.0,0.0,0.0,0.0,0.0,0.0,0.4285714285714285,0.0,0.0,0.2142857142857143,0.4285714285714287,0.2142857142857141,1.0714285714285716,0.4285714285714287,0.2142857142857143,0.2142857142857143,0.0,0.428571428571428,0.2142857142857143,0.4285714285714287,0.0,0.2142857142857143,0.2142857142857143,0.2142857142857143,0.642857142857143,0.0,0.0,0.0,0.0,0.0,0.0,0.0,0.0,0.0,0.0,0.0,0.0,0.0,0.0,0.2142857142857143,0.4285714285714287,0.4285714285714283,0.4285714285714287,0.8571428571428574,0.4285714285714287,0.0,0.2142857142857143,0.214285714285714,0.8571428571428574,0.6428571428571429,4.714285714285715,1.9285714285714288,1.7142857142857149,0.6428571428571429,0.2142857142857143,0.2142857142857143,0.2142857142857143,0.0,0.0,0.0,0.0,0.0,0.0,0.0,0.0,0.0,0.0,0.0,0.0,0.0,0.0,0.2142857142857141,0.4285714285714286,0.4285714285714286,1.0714285714285716,0.642857142857143,0.2142857142857143,0.214285714285714,0.4285714285714286,0.4285714285714286,0.0,0.0,0.4285714285714286,0.4285714285714286,0.4285714285714286,0.0,0.0,0.0,0.0,0.0,0.0,0.0,0.0,0.0,0.0,0.0,12,5014522.39280104,2.6674270546911285,2.9769134397237798,140,0.6428571428571429,0.0,0.0,0.4285714285714286,1.0714285714285716,0.8571428571428567,1.928571428571429,1.7142857142857146,1.928571428571429,1.0714285714285716,0.4285714285714286,2.14285714285714,2.1428571428571432,2.1428571428571432,5.142857142857143,2.571428571428572,2.571428571428572,1.2857142857142858,1.5000000000000004,0.2142857142857143,0.2142857142857143,0.0,0.0,0.0,0.0,0.0,0.0,0.0,0.0,0.0,5.173532451301188,44.37487575,-64.316259,12,13,9195113,C
0.5622897051443146,2.8401897150468254,2.88913098964859,145.28721887787938,1.0954094295590164,2.56198347107438,0.0,0.6115702479338843,0.0,0.5357142857142857,0.5357142857142856,1.0714285714285716,1.0714285714285716,2.678571428571427,1.6071428571428574,4.285714285714287,3.750000000000001,3.2142857142857157,0.0,2.14285714285714,0.5357142857142858,2.1428571428571432,3.2142857142857144,1.6071428571428574,0.5357142857142859,0.5357142857142859,0.0,0.5357142857142858,0.0,0.0,0.0,0.0,0.0,0.0,0.0,0.0,0.0,0.0,0.0,0.0,0.0,0.0,0.5357142857142858,0.0,0.5357142857142858,0.0,0.5357142857142858,0.5357142857142858,0.0,0.5357142857142849,0.0,0.0,0.5357142857142858,0.0,0.0,0.0,0.0,0.0,0.0,0.0,0.0,0.0,0.0,0.0,0.0,0.0,0.0,0.0,0.0,0.0,0.0,0.5357142857142859,0.0,2.142857142857141,0.5357142857142859,1.6071428571428574,1.0714285714285718,2.142857142857144,0.0,0.5357142857142849,0.0,0.5357142857142859,0.5357142857142859,0.0,0.5357142857142859,0.5357142857142859,0.0,0.0,0.0,0.0,0.0,0.0,0.0,0.0,0.0,0.0,0.0,0.0,0.0,0.5357142857142857,0.0,0.0,0.0,0.0,0.0,1.0714285714285716,0.0,0.0,0.0,1.0714285714285698,0.5357142857142858,1.0714285714285716,1.6071428571428572,0.5357142857142858,0.0,0.0,0.0,0.0,0.0,0.0,0.0,0.0,0.0,0.0,0.0,0.0,0.0,0.0,12,7943715.297162348,3.8597255868203937,4.711026943810983,56,0.0,0.5357142857142857,0.5357142857142856,1.0714285714285716,1.0714285714285716,2.678571428571427,1.6071428571428574,4.285714285714287,3.750000000000001,3.214285714285715,0.0,2.14285714285714,0.5357142857142858,2.1428571428571432,3.214285714285715,1.6071428571428574,0.5357142857142858,0.5357142857142858,0.0,0.5357142857142858,0.0,0.0,0.0,0.0,0.0,0.0,0.0,0.0,0.0,0.0,7.991920497384967,44.991081,-64.9400802,12,12,9200086,C
0.3421905677756253,3.168697831995128,3.3106407021220874,68.49919572664076,1.1076000321570916,2.7975460122699385,0.0,0.6257668711656442,0.2752293577981651,0.8256880733944955,1.3761467889908254,0.2752293577981652,0.8256880733944956,1.65137614678899,1.9266055045871564,2.477064220183487,3.577981651376148,2.2018348623853217,3.853211009174313,1.9266055045871533,1.1009174311926608,2.477064220183487,1.9266055045871564,1.376146788990826,1.1009174311926608,0.5504587155963304,0.2752293577981652,0.0,0.0,0.0,0.0,0.0,0.0,0.0,0.0,0.0,0.0,0.0,0.0,0.5504587155963303,0.5504587155963302,0.0,0.8256880733944956,1.376146788990825,1.6513761467889911,1.6513761467889911,1.9266055045871564,0.2752293577981652,1.1009174311926608,1.100917431192659,0.8256880733944956,1.1009174311926608,0.5504587155963304,0.5504587155963304,0.2752293577981652,0.0,0.0,0.0,0.0,0.0,0.0,0.0,0.0,0.0,0.0,0.0,0.0,0.0,0.2752293577981651,0.0,0.8256880733944953,0.2752293577981652,0.0,0.275229357798165,0.0,0.8256880733944956,1.1009174311926608,1.1009174311926608,1.6513761467889911,0.0,0.0,0.0,0.5504587155963304,0.5504587155963304,0.2752293577981652,0.0,0.0,0.0,0.0,0.0,0.0,0.0,0.0,0.0,0.0,0.0,0.0,0.0,0.0,0.0,0.0,0.0,0.0,0.0,0.2752293577981652,0.0,0.5504587155963304,0.2752293577981652,1.1009174311926608,0.2752293577981647,0.2752293577981652,0.8256880733944956,0.8256880733944956,0.0,0.0,0.5504587155963304,0.0,0.0,0.0,0.0,0.0,0.0,0.0,0.0,0.0,0.0,0.0,0.0,12,2482911.782191768,2.9477638966813684,4.197108685727289,109,0.2752293577981651,0.8256880733944955,1.3761467889908254,0.2752293577981652,0.8256880733944956,1.6513761467889898,1.9266055045871564,2.477064220183487,3.577981651376148,2.2018348623853217,3.853211009174313,1.926605504587153,1.1009174311926608,2.477064220183487,1.9266055045871564,1.376146788990826,1.1009174311926608,0.5504587155963304,0.2752293577981652,0.0,0.0,0.0,0.0,0.0,0.0,0.0,0.0,0.0,0.0,0.0,5.458756646721233,44.9653213,-64.9349715,12,12,9200092,C
0.1960630597493772,3.356782423680141,3.374318026862841,83.15616338509925,1.1198607205280215,2.681372549019608,0.0,0.6544117647058824,0.25,0.25,0.2499999999999999,0.25,1.2500000000000002,0.9999999999999992,1.2500000000000002,2.0000000000000004,3.0000000000000004,3.0000000000000004,3.0000000000000004,1.7499999999999971,2.2500000000000004,3.250000000000001,2.0000000000000004,1.2500000000000002,1.2500000000000002,1.7500000000000004,1.0000000000000002,0.0,0.0,0.0,0.0,0.0,0.0,0.0,0.0,0.0,0.0,0.0,0.25,0.25,0.2499999999999999,0.25,0.5000000000000001,0.4999999999999997,0.0,0.25,1.2500000000000002,1.0000000000000002,0.7500000000000001,0.2499999999999996,0.5000000000000001,1.0000000000000002,0.7500000000000001,0.0,0.25,0.0,0.0,0.0,0.0,0.0,0.0,0.0,0.0,0.0,0.0,0.0,0.0,0.0,0.0,0.0,0.0,0.0,0.5000000000000001,0.2499999999999998,0.7500000000000001,1.0000000000000002,0.7500000000000001,0.25,0.7500000000000001,0.0,0.25,1.2500000000000002,0.0,0.5000000000000001,0.25,0.7500000000000001,0.25,0.0,0.0,0.0,0.0,0.0,0.0,0.0,0.0,0.0,0.0,0.0,0.0,0.0,0.0,0.0,0.25,0.2499999999999998,0.25,0.25,0.5000000000000001,1.0000000000000002,1.0000000000000002,1.249999999999998,1.2500000000000002,1.0000000000000002,1.2500000000000002,0.5000000000000001,0.7500000000000001,0.7500000000000001,0.25,0.0,0.0,0.0,0.0,0.0,0.0,0.0,0.0,0.0,0.0,0.0,12,6580313.612745339,2.253999020672403,3.4695028937938623,120,0.25,0.25,0.2499999999999999,0.25,1.2500000000000002,0.9999999999999994,1.2500000000000002,2.0000000000000004,3.0000000000000004,3.0000000000000004,3.0000000000000004,1.7499999999999971,2.2500000000000004,3.250000000000001,2.0000000000000004,1.2500000000000002,1.2500000000000002,1.7500000000000004,1.0000000000000002,0.0,0.0,0.0,0.0,0.0,0.0,0.0,0.0,0.0,0.0,0.0,4.752250401911443,45.6235867,-61.9931708,13,12,9215793,C
0.5719102725410036,2.824119885009179,2.9470012217050794,111.21018372050204,1.1247786446851136,2.884955752212389,0.0,0.7168141592920354,0.0,1.6216216216216215,0.0,0.810810810810811,2.432432432432433,0.8108108108108104,0.810810810810811,4.864864864864866,0.8108108108108111,1.6216216216216222,1.6216216216216222,2.4324324324324293,2.4324324324324333,0.810810810810811,1.621621621621622,2.432432432432433,4.054054054054055,0.8108108108108111,0.0,0.0,0.0,0.0,0.0,0.0,0.0,0.0,0.0,0.0,0.0,0.0,0.0,0.0,0.0,0.0,0.0,0.0,0.0,0.0,0.0,0.8108108108108111,0.0,0.0,0.0,0.0,0.0,0.0,0.0,0.0,0.0,0.0,0.0,0.0,0.0,0.0,0.0,0.0,0.0,0.0,0.0,0.0,0.0,1.6216216216216215,0.0,0.810810810810811,2.432432432432433,0.0,0.810810810810811,2.432432432432433,0.0,0.0,0.0,0.8108108108108097,0.810810810810811,0.810810810810811,0.810810810810811,2.432432432432433,0.810810810810811,0.0,0.0,0.0,0.0,0.0,0.0,0.0,0.0,0.0,0.0,0.0,0.0,0.0,0.0,0.0,0.0,0.0,0.0,0.8108108108108104,0.0,2.432432432432433,0.8108108108108111,0.8108108108108111,0.8108108108108111,0.8108108108108097,1.6216216216216222,0.0,0.8108108108108111,0.0,3.2432432432432443,0.8108108108108111,0.0,0.0,0.0,0.0,0.0,0.0,0.0,0.0,0.0,0.0,0.0,0.0,12,808974.8095452021,4.623326384286396,2.811578388517024,37,0.0,1.6216216216216215,0.0,0.810810810810811,2.432432432432433,0.8108108108108103,0.810810810810811,4.864864864864866,0.810810810810811,1.621621621621622,1.621621621621622,2.432432432432429,2.432432432432433,0.810810810810811,1.621621621621622,2.432432432432433,4.054054054054054,0.810810810810811,0.0,0.0,0.0,0.0,0.0,0.0,0.0,0.0,0.0,0.0,0.0,0.0,5.289074570869967,44.6593403,-65.63572675,12,13,9219039,C
0.2359687963044012,3.3072471489683446,3.26870942926926,95.440138270196,1.088487015645739,2.655629139072848,0.0,0.6854304635761589,1.4457831325301205,0.0,0.0,0.3614457831325302,0.3614457831325302,1.0843373493975896,1.0843373493975903,2.530120481927711,2.8915662650602414,2.168674698795181,1.0843373493975903,2.168674698795178,2.168674698795181,2.168674698795181,2.530120481927711,2.530120481927711,2.168674698795181,2.168674698795181,0.7228915662650603,0.3614457831325302,0.0,0.0,0.0,0.0,0.0,0.0,0.0,0.0,0.0,0.0,0.7228915662650601,0.0,0.0,0.3614457831325302,0.0,1.0843373493975896,0.0,0.0,0.3614457831325302,0.3614457831325302,0.0,0.3614457831325295,1.0843373493975903,0.7228915662650603,0.0,0.0,0.0,0.0,0.0,0.0,0.0,0.0,0.0,0.0,0.0,0.0,0.0,0.0,0.0,0.0,0.0,0.0,0.0,0.0,0.0,0.0,0.3614457831325302,0.3614457831325302,0.7228915662650605,1.445783132530121,0.3614457831325302,1.4457831325301187,0.0,0.0,0.3614457831325302,1.445783132530121,0.7228915662650605,0.3614457831325302,0.3614457831325302,0.0,0.0,0.0,0.0,0.0,0.0,0.0,0.0,0.0,0.0,0.0,0.0,0.0,0.0,0.0,0.3614457831325302,0.0,0.7228915662650603,2.168674698795181,1.0843373493975903,0.3614457831325302,0.3614457831325302,0.0,1.0843373493975903,0.3614457831325302,1.4457831325301207,0.7228915662650603,1.4457831325301207,0.3614457831325302,0.0,0.3614457831325302,0.0,0.0,0.0,0.0,0.0,0.0,0.0,0.0,0.0,0.0,12,8192864.48731944,3.0490110770408063,3.334978161574574,83,1.4457831325301205,0.0,0.0,0.3614457831325302,0.3614457831325302,1.0843373493975896,1.0843373493975903,2.530120481927712,2.891566265060242,2.168674698795181,1.0843373493975903,2.168674698795177,2.168674698795181,2.168674698795181,2.530120481927712,2.530120481927712,2.168674698795181,2.168674698795181,0.7228915662650605,0.3614457831325302,0.0,0.0,0.0,0.0,0.0,0.0,0.0,0.0,0.0,0.0,5.353125129552378,44.03658815,-64.71879305,12,13,9242254,C
0.4877508956950815,2.959143325229568,2.42305153247764,134.48578051147032,1.0579270710326971,2.6440677966101696,0.0,0.847457627118644,24.0,0.0,0.0,0.0,0.0,0.0,0.0,0.0,2.0000000000000004,0.0,2.0000000000000004,0.0,2.0000000000000004,0.0,0.0,0.0,0.0,0.0,0.0,0.0,0.0,0.0,0.0,0.0,0.0,0.0,0.0,0.0,0.0,0.0,24.0,0.0,0.0,0.0,0.0,0.0,0.0,0.0,0.0,0.0,0.0,0.0,0.0,0.0,0.0,0.0,0.0,0.0,0.0,0.0,0.0,0.0,0.0,0.0,0.0,0.0,0.0,0.0,0.0,0.0,0.0,0.0,0.0,0.0,0.0,0.0,0.0,0.0,0.0,0.0,0.0,0.0,2.0000000000000004,0.0,0.0,0.0,0.0,0.0,0.0,0.0,0.0,0.0,0.0,0.0,0.0,0.0,0.0,0.0,0.0,0.0,0.0,0.0,0.0,0.0,0.0,0.0,0.0,0.0,2.0000000000000004,0.0,2.0000000000000004,0.0,0.0,0.0,0.0,0.0,0.0,0.0,0.0,0.0,0.0,0.0,0.0,0.0,0.0,0.0,0.0,0.0,0.0,0.0,12,62925.56411373064,3.4778205624427647,2.117391442002263,15,24.0,0.0,0.0,0.0,0.0,0.0,0.0,0.0,2.0000000000000004,0.0,2.0000000000000004,0.0,2.0000000000000004,0.0,0.0,0.0,0.0,0.0,0.0,0.0,0.0,0.0,0.0,0.0,0.0,0.0,0.0,0.0,0.0,0.0,4.4046301685090965,45.7344923,-62.69542465,12,13,9306351,C
0.871042468219452,2.175316250541132,2.292704939079811,93.30397251571084,1.0467286052498428,2.568345323741007,0.0,0.5755395683453237,0.0,0.7894736842105263,0.394736842105263,0.0,1.1842105263157896,1.9736842105263144,2.368421052631579,1.1842105263157896,1.5789473684210529,2.7631578947368425,1.1842105263157896,4.736842105263151,3.157894736842106,1.9736842105263164,1.578947368421053,1.1842105263157896,1.9736842105263164,1.1842105263157896,0.7894736842105264,0.0,0.0,0.0,0.0,0.0,0.0,0.0,0.0,0.0,0.0,0.0,0.0,0.0,0.0,0.0,0.3947368421052632,0.0,0.7894736842105264,0.3947368421052632,0.7894736842105264,0.3947368421052632,0.0,2.368421052631576,0.7894736842105264,0.3947368421052632,0.0,0.3947368421052632,0.0,0.0,0.3947368421052632,0.0,0.0,0.0,0.0,0.0,0.0,0.0,0.0,0.0,0.0,0.0,0.0,0.7894736842105263,0.394736842105263,0.0,0.0,0.3947368421052629,0.7894736842105264,0.0,0.0,0.0,0.0,0.0,0.0,0.3947368421052632,0.0,0.3947368421052632,0.7894736842105264,0.7894736842105264,0.0,0.0,0.0,0.0,0.0,0.0,0.0,0.0,0.0,0.0,0.0,0.0,0.0,0.0,0.0,0.0,0.7894736842105264,1.5789473684210518,0.7894736842105264,0.7894736842105264,0.3947368421052632,1.973684210526316,0.7894736842105264,1.5789473684210504,1.1842105263157898,1.1842105263157898,1.1842105263157898,0.3947368421052632,1.1842105263157898,0.3947368421052632,0.3947368421052632,0.0,0.0,0.0,0.0,0.0,0.0,0.0,0.0,0.0,0.0,0.0,12,3078040.729772745,3.2857120203431696,3.210226729908085,76,0.0,0.7894736842105263,0.394736842105263,0.0,1.1842105263157896,1.9736842105263144,2.368421052631579,1.1842105263157896,1.578947368421053,2.763157894736843,1.1842105263157896,4.736842105263151,3.157894736842106,1.973684210526316,1.578947368421053,1.1842105263157896,1.973684210526316,1.1842105263157896,0.7894736842105265,0.0,0.0,0.0,0.0,0.0,0.0,0.0,0.0,0.0,0.0,0.0,3.8180602648282687,34.09954405,-117.9248188,12,13,9319971,C
0.0288622981223634,3.5520480950020583,3.4910774457674933,129.831832975092,1.0628356335491418,2.3509933774834435,0.0,0.6423841059602649,0.0,0.0,3.0612244897959178,1.2244897959183676,0.6122448979591838,0.6122448979591834,1.8367346938775515,1.8367346938775515,1.8367346938775515,5.510204081632654,1.2244897959183676,1.8367346938775484,3.673469387755103,2.448979591836735,2.448979591836735,0.6122448979591838,0.6122448979591838,0.0,0.0,0.0,0.0,0.0,0.6122448979591838,0.0,0.0,0.0,0.0,0.0,0.0,0.0,0.0,0.0,0.0,0.0,0.0,0.0,1.2244897959183676,1.2244897959183676,0.0,1.8367346938775515,0.0,0.6122448979591828,0.0,0.0,0.6122448979591838,0.0,0.0,0.0,0.0,0.0,0.0,0.0,0.0,0.0,0.0,0.0,0.0,0.0,0.0,0.0,0.0,0.0,0.0,0.6122448979591838,0.6122448979591838,0.0,0.0,0.0,1.2244897959183676,1.2244897959183676,0.0,0.0,1.2244897959183676,0.0,0.0,0.0,0.0,0.0,0.0,0.0,0.0,0.0,0.0,0.0,0.0,0.0,0.0,0.0,0.0,0.0,0.0,0.0,0.6122448979591836,0.0,0.0,0.6122448979591834,0.0,0.6122448979591838,0.0,1.2244897959183676,0.6122448979591838,0.0,1.2244897959183676,0.6122448979591838,0.0,0.6122448979591838,0.6122448979591838,0.0,0.0,0.0,0.0,0.0,0.6122448979591838,0.0,0.0,0.0,0.0,0.0,0.0,0.0,12,9547515.489968872,4.317980633940548,2.971175304762029,49,0.0,0.0,3.0612244897959178,1.2244897959183676,0.6122448979591838,0.6122448979591834,1.8367346938775515,1.8367346938775515,1.8367346938775515,5.510204081632654,1.2244897959183676,1.8367346938775484,3.673469387755103,2.448979591836735,2.448979591836735,0.6122448979591838,0.6122448979591838,0.0,0.0,0.0,0.0,0.0,0.6122448979591838,0.0,0.0,0.0,0.0,0.0,0.0,0.0,6.952305325705313,48.53709345,7.34657405,12,13,93453,C
0.0876935301505077,3.4854138863889483,3.391559174581704,250.5269320418862,1.0726781509375134,2.5,0.0,0.75,0.0,0.0,0.0,0.0,0.0,0.0,1.5000000000000002,4.500000000000001,3.0000000000000004,6.000000000000001,1.5000000000000002,2.999999999999996,4.500000000000001,1.5000000000000004,0.0,0.0,1.5000000000000002,0.0,1.5000000000000004,1.5000000000000004,0.0,0.0,0.0,0.0,0.0,0.0,0.0,0.0,0.0,0.0,0.0,0.0,0.0,0.0,0.0,0.0,0.0,0.0,0.0,1.5000000000000004,0.0,0.0,0.0,1.5000000000000004,0.0,0.0,0.0,0.0,0.0,0.0,0.0,0.0,0.0,0.0,0.0,0.0,0.0,0.0,0.0,0.0,0.0,0.0,0.0,0.0,0.0,0.0,0.0,1.5000000000000002,1.5000000000000002,0.0,0.0,0.0,1.5000000000000002,0.0,0.0,0.0,0.0,0.0,0.0,0.0,0.0,0.0,0.0,0.0,0.0,0.0,0.0,0.0,0.0,0.0,0.0,0.0,0.0,0.0,0.0,0.0,1.5000000000000002,1.5000000000000002,1.5000000000000002,3.0000000000000004,1.5000000000000002,0.0,0.0,0.0,0.0,0.0,1.5000000000000002,0.0,0.0,0.0,0.0,0.0,0.0,0.0,0.0,0.0,0.0,0.0,0.0,0.0,12,6987754.587684021,3.343078119660728,3.176932506915531,20,0.0,0.0,0.0,0.0,0.0,0.0,1.5000000000000004,4.500000000000001,3.000000000000001,6.000000000000002,1.5000000000000004,2.999999999999996,4.500000000000001,1.5000000000000004,0.0,0.0,1.5000000000000004,0.0,1.5000000000000004,1.5000000000000004,0.0,0.0,0.0,0.0,0.0,0.0,0.0,0.0,0.0,0.0,7.006888560800843,45.81857355,3.98988045,12,13,938120,C
0.0837875944884022,3.489903286360201,3.482706196280141,62.756009457250016,1.0760885282136663,2.6057347670250897,0.0,0.6272401433691757,0.916030534351145,0.4580152671755724,1.3740458015267172,0.0,2.9770992366412226,2.290076335877861,1.1450381679389317,2.748091603053436,1.374045801526718,2.748091603053436,2.061068702290077,2.748091603053431,2.2900763358778637,1.603053435114504,1.603053435114504,0.4580152671755726,0.9160305343511452,0.4580152671755726,1.1450381679389317,0.4580152671755726,0.0,0.0,0.0,0.0,0.2290076335877863,0.0,0.0,0.0,0.0,0.0,0.2290076335877862,0.4580152671755724,0.6870229007633586,0.0,1.1450381679389314,1.3740458015267167,0.9160305343511452,1.3740458015267178,0.0,1.1450381679389314,0.6870229007633589,0.9160305343511436,0.9160305343511452,0.6870229007633589,1.1450381679389314,0.2290076335877863,0.2290076335877863,0.2290076335877863,0.0,0.0,0.0,0.0,0.0,0.0,0.2290076335877863,0.0,0.0,0.0,0.0,0.0,0.2290076335877862,0.0,0.4580152671755724,0.0,0.4580152671755726,0.4580152671755723,0.2290076335877863,0.6870229007633589,0.4580152671755726,0.6870229007633589,0.4580152671755726,0.4580152671755719,0.2290076335877863,0.4580152671755726,0.4580152671755726,0.2290076335877863,0.4580152671755726,0.2290076335877863,0.0,0.0,0.0,0.0,0.0,0.0,0.0,0.0,0.0,0.0,0.0,0.0,0.0,0.0,0.0,0.0,0.4580152671755726,0.4580152671755723,0.0,0.6870229007633589,0.6870229007633589,0.6870229007633589,0.6870229007633589,1.1450381679389297,0.9160305343511452,0.0,0.0,0.0,0.2290076335877863,0.0,0.9160305343511452,0.2290076335877863,0.0,0.0,0.0,0.0,0.0,0.0,0.0,0.0,0.0,0.0,12,2063658.7496537108,3.033795259369537,1.8131695532064187,131,0.916030534351145,0.4580152671755725,1.3740458015267174,0.0,2.977099236641222,2.290076335877861,1.1450381679389314,2.748091603053436,1.3740458015267178,2.748091603053436,2.061068702290077,2.7480916030534317,2.290076335877863,1.6030534351145045,1.6030534351145045,0.4580152671755726,0.9160305343511452,0.4580152671755726,1.1450381679389314,0.4580152671755726,0.0,0.0,0.0,0.0,0.2290076335877863,0.0,0.0,0.0,0.0,0.0,3.1189189689758243,48.9012371,2.81225525,12,13,954547,C
0.2899913050927103,3.238079060642628,3.232483915911481,30.681186503665177,1.0524770908376488,2.149489322191272,0.0,0.5250696378830083,5.333333333333334,0.8888888888888888,0.8888888888888886,0.8888888888888891,0.4444444444444445,1.1111111111111105,0.8888888888888891,2.4444444444444446,3.111111111111112,1.555555555555556,1.5555555555555558,1.5555555555555531,1.3333333333333337,0.8888888888888891,2.2222222222222228,0.6666666666666667,1.5555555555555558,1.555555555555556,0.6666666666666669,0.0,0.2222222222222222,0.2222222222222222,0.0,0.0,0.0,0.0,0.0,0.0,0.0,0.0,0.0,0.2222222222222222,0.2222222222222221,0.0,0.4444444444444445,0.4444444444444441,0.2222222222222222,0.6666666666666667,0.6666666666666667,0.4444444444444445,0.2222222222222222,0.0,0.0,0.0,0.2222222222222222,0.0,0.2222222222222222,0.0,0.2222222222222222,0.0,0.2222222222222222,0.0,0.0,0.0,0.0,0.0,0.0,0.0,0.0,0.0,0.0,0.6666666666666666,0.6666666666666665,0.6666666666666667,0.0,0.222222222222222,0.0,0.0,0.2222222222222222,0.4444444444444445,0.2222222222222222,0.2222222222222218,0.0,0.0,0.2222222222222222,0.0,0.2222222222222222,0.0,0.0,0.0,0.0,0.0,0.0,0.0,0.0,0.0,0.0,0.0,0.0,0.0,0.0,0.0,0.0,0.0,0.0,0.222222222222222,0.2222222222222222,0.4444444444444445,0.4444444444444445,0.2222222222222222,0.8888888888888891,0.4444444444444437,0.8888888888888891,0.6666666666666667,1.3333333333333337,0.6666666666666667,0.8888888888888891,1.1111111111111114,0.2222222222222222,0.0,0.0,0.2222222222222222,0.0,0.0,0.0,0.0,0.0,0.0,0.0,0.0,12,15335059.169691378,3.2045894478475674,5.327014164663385,135,5.333333333333333,0.8888888888888888,0.8888888888888887,0.8888888888888891,0.4444444444444445,1.1111111111111105,0.8888888888888891,2.444444444444445,3.111111111111112,1.555555555555556,1.555555555555556,1.5555555555555531,1.3333333333333337,0.8888888888888891,2.2222222222222228,0.6666666666666667,1.555555555555556,1.555555555555556,0.6666666666666667,0.0,0.2222222222222222,0.2222222222222222,0.0,0.0,0.0,0.0,0.0,0.0,0.0,0.0,7.7177641630837135,50.4329881,-104.36277415,12,12,9628625,C
0.4146184401696495,3.0676948990166526,3.0356008230938194,97.9169528192893,1.082243141759863,2.8,0.0,0.6137931034482759,0.2803738317757009,0.0,0.0,1.121495327102804,0.5607476635514019,0.2803738317757007,1.4018691588785048,1.6822429906542058,1.4018691588785048,2.803738317757009,4.485981308411216,3.084112149532705,1.6822429906542058,3.364485981308412,3.364485981308412,2.5233644859813085,0.8411214953271029,0.0,0.8411214953271029,0.2803738317757009,0.0,0.0,0.0,0.0,0.0,0.0,0.0,0.0,0.0,0.0,0.0,0.0,0.0,0.8411214953271029,0.0,0.2803738317757007,0.0,0.0,0.2803738317757009,0.0,0.2803738317757009,0.0,0.0,0.2803738317757009,0.0,0.0,0.0,0.0,0.0,0.0,0.0,0.0,0.0,0.0,0.0,0.0,0.0,0.0,0.0,0.0,0.0,0.0,0.0,0.2803738317757009,0.5607476635514019,0.0,0.2803738317757009,0.5607476635514019,0.2803738317757009,1.121495327102804,1.962616822429907,0.560747663551401,0.2803738317757009,1.4018691588785048,1.6822429906542058,1.4018691588785048,0.5607476635514019,0.0,0.0,0.0,0.0,0.0,0.0,0.0,0.0,0.0,0.0,0.0,0.0,0.0,0.0,0.0,0.0,0.0,0.0,0.0,1.121495327102804,1.121495327102804,0.5607476635514019,0.2803738317757009,0.5607476635514019,1.121495327102802,0.5607476635514019,0.8411214953271029,1.6822429906542058,0.2803738317757009,0.0,0.0,0.5607476635514019,0.0,0.0,0.0,0.0,0.0,0.0,0.0,0.0,0.0,0.0,0.0,12,7631739.368491894,2.4448628093050795,3.2659862918682627,107,0.2803738317757009,0.0,0.0,1.121495327102804,0.560747663551402,0.2803738317757007,1.4018691588785048,1.6822429906542058,1.4018691588785048,2.8037383177570097,4.485981308411216,3.084112149532706,1.6822429906542058,3.364485981308412,3.364485981308412,2.523364485981309,0.8411214953271029,0.0,0.8411214953271029,0.280373831775701,0.0,0.0,0.0,0.0,0.0,0.0,0.0,0.0,0.0,0.0,5.7476643521722055,50.48064375,-104.42317665,12,12,9628627,C
0.4709835101164784,2.9846827646507075,2.890994350652972,116.13551682808428,1.1192564683178263,2.9956709956709955,0.0,0.6666666666666666,0.0,0.2857142857142857,0.857142857142857,0.5714285714285715,1.7142857142857146,0.5714285714285711,1.4285714285714288,1.7142857142857146,4.000000000000001,8.857142857142858,0.8571428571428573,1.7142857142857115,1.142857142857143,1.4285714285714288,0.8571428571428572,1.4285714285714288,0.5714285714285715,1.7142857142857144,0.0,0.0,0.0,0.2857142857142857,0.0,0.0,0.0,0.0,0.0,0.0,0.0,0.0,0.0,0.2857142857142857,0.2857142857142856,0.2857142857142857,0.0,0.2857142857142855,0.2857142857142857,0.0,0.5714285714285715,0.5714285714285715,0.0,0.857142857142856,0.8571428571428573,0.2857142857142857,0.2857142857142857,0.2857142857142857,0.0,0.0,0.0,0.0,0.0,0.0,0.0,0.0,0.0,0.0,0.0,0.0,0.0,0.0,0.0,0.0,0.5714285714285713,0.2857142857142857,1.142857142857143,0.2857142857142855,0.2857142857142857,0.2857142857142857,0.5714285714285715,0.8571428571428573,0.2857142857142857,0.5714285714285706,0.0,0.2857142857142857,0.0,0.2857142857142857,0.2857142857142857,0.0,0.0,0.0,0.0,0.0,0.0,0.0,0.0,0.0,0.0,0.0,0.0,0.0,0.0,0.0,0.0,0.0,0.2857142857142857,0.0,0.5714285714285715,0.8571428571428572,2.0000000000000004,6.857142857142858,0.2857142857142857,0.0,0.2857142857142857,0.2857142857142857,0.5714285714285715,0.8571428571428572,0.2857142857142857,1.7142857142857144,0.0,0.0,0.0,0.2857142857142857,0.0,0.0,0.0,0.0,0.0,0.0,0.0,0.0,12,3726836.9011082025,2.656173998137936,3.2522564949962542,105,0.0,0.2857142857142857,0.857142857142857,0.5714285714285716,1.7142857142857146,0.5714285714285711,1.4285714285714288,1.7142857142857146,4.000000000000001,8.85714285714286,0.8571428571428573,1.7142857142857115,1.1428571428571432,1.4285714285714288,0.8571428571428573,1.4285714285714288,0.5714285714285716,1.7142857142857146,0.0,0.0,0.0,0.2857142857142858,0.0,0.0,0.0,0.0,0.0,0.0,0.0,0.0,5.821654190594804,50.78746205,-104.9858002,12,12,9628634,C
0.6022217516436614,2.772271208880909,2.9368614885663087,111.48132399824402,1.0763894518469637,2.5217391304347827,0.0,0.5706521739130435,0.0,0.6666666666666666,0.0,0.0,0.6666666666666667,0.6666666666666662,0.6666666666666667,0.0,4.666666666666668,2.0000000000000004,2.0000000000000004,1.999999999999997,2.666666666666667,5.333333333333335,2.6666666666666674,3.333333333333334,0.0,1.3333333333333337,1.3333333333333337,0.0,0.0,0.0,0.0,0.0,0.0,0.0,0.0,0.0,0.0,0.0,0.0,0.6666666666666666,0.0,0.0,0.6666666666666667,0.0,0.6666666666666667,0.0,0.0,0.0,0.0,0.0,0.0,0.0,0.0,0.0,0.0,0.0,0.0,0.0,0.0,0.0,0.0,0.0,0.0,0.0,0.0,0.0,0.0,0.0,0.0,0.0,0.0,0.0,0.0,0.6666666666666662,0.0,0.0,1.3333333333333337,2.0000000000000004,1.3333333333333337,0.6666666666666656,1.3333333333333337,0.6666666666666669,2.0000000000000004,1.3333333333333337,0.0,1.3333333333333337,0.6666666666666669,0.0,0.0,0.0,0.0,0.0,0.0,0.0,0.0,0.0,0.0,0.0,0.0,0.0,0.0,0.0,0.0,0.0,0.0,0.0,2.0,0.0,0.6666666666666669,1.3333333333333317,0.6666666666666669,4.666666666666668,0.6666666666666669,2.0,0.0,0.0,0.6666666666666669,0.0,0.0,0.0,0.0,0.0,0.0,0.0,0.0,0.0,0.0,0.0,12,1562919.577013108,2.823097067208961,2.444648052584031,45,0.0,0.6666666666666666,0.0,0.0,0.6666666666666669,0.6666666666666663,0.6666666666666669,0.0,4.666666666666668,2.0000000000000004,2.0000000000000004,1.999999999999997,2.6666666666666674,5.333333333333335,2.6666666666666674,3.333333333333334,0.0,1.3333333333333337,1.3333333333333337,0.0,0.0,0.0,0.0,0.0,0.0,0.0,0.0,0.0,0.0,0.0,4.003515239105077,50.646295550000005,-104.87605815,12,13,9628635,C
0.111270331288155,3.458108667613584,3.355057464030753,217.0506477701165,1.074182062848695,2.488372093023256,0.0,0.6744186046511628,0.0,0.0,1.875,0.0,3.750000000000001,3.7499999999999982,0.0,1.8750000000000004,1.8750000000000004,3.750000000000001,1.8750000000000004,0.0,1.8750000000000004,0.0,3.750000000000001,1.8750000000000004,1.8750000000000004,1.8750000000000004,0.0,0.0,0.0,0.0,0.0,0.0,0.0,0.0,0.0,0.0,0.0,0.0,0.0,0.0,0.0,0.0,0.0,1.874999999999999,0.0,0.0,0.0,0.0,0.0,0.0,0.0,0.0,0.0,0.0,0.0,0.0,0.0,0.0,0.0,0.0,0.0,0.0,0.0,0.0,0.0,0.0,0.0,0.0,0.0,0.0,0.0,0.0,0.0,0.0,0.0,0.0,0.0,0.0,1.8750000000000004,0.0,0.0,0.0,0.0,1.8750000000000004,0.0,0.0,0.0,0.0,0.0,0.0,0.0,0.0,0.0,0.0,0.0,0.0,0.0,0.0,0.0,0.0,0.0,0.0,1.8750000000000004,1.8749999999999991,0.0,1.8750000000000004,1.8750000000000004,1.8750000000000004,0.0,0.0,0.0,0.0,0.0,0.0,0.0,1.8750000000000004,0.0,0.0,0.0,0.0,0.0,0.0,0.0,0.0,0.0,0.0,0.0,0.0,12,2294471.045767328,3.712563685772941,3.681324208890204,16,0.0,0.0,1.875,0.0,3.750000000000001,3.749999999999998,0.0,1.8750000000000004,1.8750000000000004,3.750000000000001,1.8750000000000004,0.0,1.8750000000000004,0.0,3.750000000000001,1.8750000000000004,1.8750000000000004,1.8750000000000004,0.0,0.0,0.0,0.0,0.0,0.0,0.0,0.0,0.0,0.0,0.0,0.0,5.988441806305414,46.6486264,-64.87833895,12,12,9669795,C
0.3812757125810153,3.114925461746616,3.1083581265082905,58.10690111444987,1.0697650500105944,2.7321016166281757,0.0,0.6535796766743649,0.8247422680412371,0.8247422680412372,1.5463917525773194,0.8247422680412373,1.4432989690721651,2.783505154639174,2.577319587628867,2.989690721649485,2.371134020618557,2.6804123711340218,1.6494845360824746,1.9587628865979356,1.54639175257732,1.4432989690721656,1.237113402061856,1.1340206185567012,0.8247422680412375,0.2061855670103093,0.927835051546392,0.2061855670103093,0.0,0.0,0.0,0.0,0.0,0.0,0.0,0.0,0.0,0.0,0.1030927835051546,0.5154639175257733,0.7216494845360825,0.618556701030928,0.5154639175257733,1.443298969072164,0.8247422680412374,1.3402061855670109,0.7216494845360827,1.6494845360824748,0.618556701030928,0.618556701030927,0.7216494845360827,0.7216494845360827,0.5154639175257733,0.5154639175257733,0.4123711340206187,0.1030927835051546,0.309278350515464,0.0,0.0,0.0,0.0,0.0,0.0,0.0,0.0,0.0,0.0,0.0,0.3092783505154639,0.3092783505154639,0.7216494845360824,0.1030927835051546,0.2061855670103093,0.5154639175257729,0.4123711340206186,0.4123711340206186,0.618556701030928,0.4123711340206186,0.4123711340206186,0.5154639175257724,0.309278350515464,0.4123711340206186,0.2061855670103093,0.0,0.2061855670103093,0.1030927835051546,0.4123711340206186,0.0,0.0,0.0,0.0,0.0,0.0,0.0,0.0,0.0,0.0,0.0,0.0,0.0,0.1030927835051546,0.1030927835051546,0.618556701030928,0.4123711340206183,0.4123711340206187,0.7216494845360827,0.309278350515464,0.2061855670103093,0.309278350515464,0.206185567010309,0.309278350515464,0.1030927835051546,0.1030927835051546,0.4123711340206187,0.1030927835051546,0.0,0.1030927835051546,0.1030927835051546,0.0,0.0,0.0,0.0,0.0,0.0,0.0,0.0,0.0,0.0,12,23401142.111868177,2.74661406642478,4.114492034766183,291,0.8247422680412371,0.8247422680412371,1.5463917525773192,0.8247422680412373,1.4432989690721654,2.783505154639174,2.577319587628866,2.989690721649485,2.371134020618557,2.6804123711340213,1.6494845360824746,1.9587628865979356,1.54639175257732,1.4432989690721654,1.237113402061856,1.1340206185567012,0.8247422680412373,0.2061855670103093,0.927835051546392,0.2061855670103093,0.0,0.0,0.0,0.0,0.0,0.0,0.0,0.0,0.0,0.0,7.151539773053959,47.7360073,-64.7232307,12,12,9670031,C
0.0184920595270215,3.563582395236703,3.5435429950488406,69.84515989736558,1.1285827036747014,2.3691045796308954,0.0,0.6233766233766234,0.7725321888412018,1.158798283261803,1.0300429184549351,0.5150214592274679,1.2875536480686698,0.9012875536480682,1.416309012875537,1.8025751072961376,3.090128755364808,3.605150214592275,2.3175965665236054,1.802575107296135,1.931330472103005,2.060085836909872,1.416309012875537,1.0300429184549358,1.2875536480686698,0.772532188841202,0.6437768240343349,0.2575107296137339,0.0,0.128755364806867,0.0,0.2575107296137331,0.1287553648068669,0.0,0.3862660944206009,0.0,0.0,0.0,0.1287553648068669,0.3862660944206008,0.3862660944206008,0.2575107296137339,0.7725321888412019,0.5150214592274676,0.5150214592274679,0.7725321888412019,1.158798283261803,1.0300429184549358,0.2575107296137339,0.1287553648068667,0.7725321888412019,0.6437768240343349,0.6437768240343349,0.1287553648068669,0.3862660944206009,0.1287553648068669,0.0,0.2575107296137339,0.0,0.0,0.0,0.2575107296137331,0.1287553648068669,0.0,0.2575107296137339,0.0,0.0,0.0,0.3862660944206009,0.3862660944206009,0.5150214592274677,0.128755364806867,0.257510729613734,0.2575107296137338,0.257510729613734,0.3862660944206009,0.9012875536480688,0.6437768240343349,0.3862660944206009,0.5150214592274671,0.515021459227468,0.257510729613734,0.515021459227468,0.0,0.3862660944206009,0.515021459227468,0.3862660944206009,0.0,0.0,0.128755364806867,0.0,0.0,0.0,0.0,0.128755364806867,0.0,0.0,0.0,0.0,0.3862660944206008,0.0,0.0,0.1287553648068669,0.1287553648068669,0.1287553648068669,0.0,0.2575107296137339,0.5150214592274679,0.6437768240343349,0.5150214592274671,0.3862660944206009,0.6437768240343349,0.1287553648068669,0.6437768240343349,0.1287553648068669,0.1287553648068669,0.2575107296137339,0.0,0.0,0.0,0.0,0.0,0.0,0.0,0.0,0.0,0.0,0.0,12,22605396.62273356,3.30483698290959,5.245754984709871,233,0.7725321888412017,1.158798283261803,1.0300429184549351,0.5150214592274679,1.2875536480686698,0.901287553648068,1.416309012875537,1.8025751072961376,3.090128755364807,3.605150214592276,2.317596566523606,1.802575107296135,1.931330472103005,2.060085836909872,1.416309012875537,1.0300429184549358,1.2875536480686698,0.7725321888412018,0.6437768240343349,0.2575107296137339,0.0,0.1287553648068669,0.0,0.2575107296137331,0.1287553648068669,0.0,0.3862660944206009,0.0,0.0,0.0,8.338048490655591,43.1640517,6.04130465,12,12,969994,C
0.8034641246783293,2.360425424030776,2.251878059225963,54.77682767769733,1.0235976417059984,3.3198892843020955,0.0,0.4468169236852511,0.1493466085874299,0.9894212818917236,1.232109520846297,0.8214063472308653,1.232109520846298,2.4828873677660224,2.464219041692595,1.8481642812694468,1.9228375855631612,2.4455507156191665,3.192283758556316,2.669570628500307,1.5308027380211575,1.512134411947729,1.1947728686994403,0.5973864343497202,0.7280647168637213,1.1761045426260115,1.5681393901680152,0.1866832607342875,0.0560049782202862,0.0,0.0,0.0,0.0,0.0,0.0,0.0,0.0,0.0,0.0373366521468574,0.1680149346608587,0.3360298693217174,0.4853764779091477,0.4853764779091477,0.933416303671437,1.213441194772869,0.4107031736154325,0.3546981953951463,0.3173615432482888,0.4667081518357188,0.1493466085874298,0.1680149346608588,0.14934660858743,0.0933416303671437,0.1306782825140013,0.1866832607342875,0.2053515868077162,0.2613565650280026,0.0,0.0186683260734287,0.0,0.0,0.0,0.0,0.0,0.0,0.0,0.0,0.0,0.0560049782202862,0.74673304293715,0.8960796515245798,0.2800248911014313,0.3360298693217176,0.2240199128811448,0.1866832607342875,0.224019912881145,0.3546981953951463,0.9707529558182952,1.8481642812694463,1.2507778469197244,0.6907280647168638,0.6533914125700063,0.5973864343497202,0.2426882389545738,0.1306782825140012,0.1866832607342875,0.2053515868077162,0.0,0.0186683260734287,0.0,0.0,0.0,0.0,0.0,0.0,0.0,0.0,0.0,0.0,0.0186683260734287,0.0,0.0560049782202862,0.0373366521468575,0.1680149346608586,0.1866832607342875,0.5040448039825763,0.4107031736154325,0.5600497822028626,0.5227131300560052,0.933416303671436,0.3546981953951463,0.3546981953951463,0.1866832607342875,0.1680149346608588,0.3173615432482888,0.4853764779091477,0.14934660858743,0.0373366521468575,0.0186683260734287,0.0,0.0,0.0,0.0,0.0,0.0,0.0,0.0,0.0,12,287744070.24583924,3.1677083038995044,4.507612988644862,1607,0.1493466085874299,0.9894212818917236,1.232109520846297,0.8214063472308651,1.2321095208462978,2.4828873677660224,2.4642190416925955,1.8481642812694463,1.9228375855631616,2.445550715619167,3.1922837585563166,2.669570628500307,1.5308027380211575,1.512134411947729,1.1947728686994403,0.5973864343497202,0.7280647168637213,1.1761045426260115,1.5681393901680152,0.1866832607342875,0.0560049782202862,0.0,0.0,0.0,0.0,0.0,0.0,0.0,0.0,0.0,6.99507571954065,53.5677149,-113.47806575,12,12,9845619,C
0.6428433785099812,2.699581553756395,2.5170708646006625,68.42608631566,1.0828846305190558,2.5944584382871536,0.0,0.690176322418136,0.5263157894736842,1.0526315789473684,0.0,0.7894736842105264,1.842105263157895,1.3157894736842095,1.5789473684210529,1.8421052631578947,0.7894736842105264,1.0526315789473686,1.0526315789473686,0.7894736842105251,1.5789473684210529,2.894736842105264,2.368421052631579,2.105263157894737,1.8421052631578951,1.0526315789473686,5.000000000000001,0.2631578947368421,0.2631578947368421,0.0,0.0,0.0,0.0,0.0,0.0,0.0,0.0,0.0,0.0,0.0,0.0,0.0,1.0526315789473686,0.7894736842105258,0.2631578947368421,0.7894736842105264,0.2631578947368421,0.0,0.5263157894736843,0.2631578947368417,1.0526315789473686,0.7894736842105264,0.7894736842105264,1.0526315789473686,0.5263157894736843,0.2631578947368421,2.8947368421052637,0.2631578947368421,0.0,0.0,0.0,0.0,0.0,0.0,0.0,0.0,0.0,0.0,0.0,0.7894736842105263,0.0,0.5263157894736843,0.2631578947368421,0.5263157894736838,0.5263157894736843,0.5263157894736843,0.0,0.2631578947368421,0.2631578947368421,0.5263157894736834,0.5263157894736843,0.7894736842105264,0.5263157894736843,0.5263157894736843,1.0526315789473686,0.5263157894736843,1.0526315789473686,0.0,0.2631578947368421,0.0,0.0,0.0,0.0,0.0,0.0,0.0,0.0,0.0,0.5263157894736842,0.0,0.0,0.2631578947368421,0.5263157894736843,0.0,0.7894736842105264,0.2631578947368421,0.5263157894736843,0.2631578947368421,0.0,0.0,0.0,1.0526315789473686,1.0526315789473686,0.5263157894736843,0.2631578947368421,0.2631578947368421,0.5263157894736843,0.0,0.0,0.0,0.0,0.0,0.0,0.0,0.0,0.0,0.0,0.0,12,1420933.1946966108,3.866329967235681,2.985112040119944,114,0.5263157894736842,1.0526315789473684,0.0,0.7894736842105264,1.8421052631578951,1.3157894736842095,1.5789473684210529,1.8421052631578951,0.7894736842105264,1.0526315789473686,1.0526315789473686,0.7894736842105252,1.5789473684210529,2.894736842105264,2.36842105263158,2.105263157894737,1.8421052631578951,1.0526315789473686,5.000000000000001,0.2631578947368421,0.2631578947368421,0.0,0.0,0.0,0.0,0.0,0.0,0.0,0.0,0.0,2.674052526435735,29.9099869,52.83683505,12,13,9990851,C
